session_id,step,current_call,next_call,endpoint,method,url_params,body,user_segment,device,hour,is_last_step
1,1,GET /products/filter,"POST /products/filter  body={""gender"":""female"",""category"":""dress"",""price"":""low""}",/products/filter,GET,,,browser,mobile,23,False
1,2,"POST /products/filter  body={""gender"":""female"",""category"":""dress"",""price"":""low""}",GET /products?id=47,/products/filter,POST,,"{""gender"":""female"",""category"":""dress"",""price"":""low""}",browser,mobile,23,False
1,3,GET /products?id=47,GET /cart?product_id=47,/products,GET,id=47,,browser,mobile,23,False
1,4,GET /cart?product_id=47,END,/cart,GET,product_id=47,,browser,mobile,23,True
2,1,GET /products,GET /products?id=88,/products,GET,,,new_visitor,desktop,1,False
2,2,GET /products?id=88,GET /cart?product_id=88,/products,GET,id=88,,new_visitor,desktop,1,False
2,3,GET /cart?product_id=88,END,/cart,GET,product_id=88,,new_visitor,desktop,1,True
3,1,GET /products,GET /products?id=105,/products,GET,,,new_visitor,mobile,17,False
3,2,GET /products?id=105,GET /cart?product_id=105,/products,GET,id=105,,new_visitor,mobile,17,False
3,3,GET /cart?product_id=105,END,/cart,GET,product_id=105,,new_visitor,mobile,17,True
4,1,GET /products,GET /products?id=73,/products,GET,,,new_visitor,desktop,0,False
4,2,GET /products?id=73,GET /cart?product_id=73,/products,GET,id=73,,new_visitor,desktop,0,False
4,3,GET /cart?product_id=73,GET /checkout,/cart,GET,product_id=73,,new_visitor,desktop,0,False
4,4,GET /checkout,"POST /payment  body={""amount"": 49.99, ""method"": ""card""}",/checkout,GET,,,new_visitor,desktop,0,False
4,5,"POST /payment  body={""amount"": 49.99, ""method"": ""card""}",END,/payment,POST,,"{""amount"": 49.99, ""method"": ""card""}",new_visitor,desktop,0,True
5,1,GET /products,GET /products?id=33,/products,GET,,,returner,desktop,8,False
5,2,GET /products?id=33,GET /cart?product_id=33,/products,GET,id=33,,returner,desktop,8,False
5,3,GET /cart?product_id=33,END,/cart,GET,product_id=33,,returner,desktop,8,True
6,1,GET /products/filter,"POST /products/filter  body={""gender"":""male"",""category"":""skirt"",""price"":""high""}",/products/filter,GET,,,returner,mobile,11,False
6,2,"POST /products/filter  body={""gender"":""male"",""category"":""skirt"",""price"":""high""}",GET /products,/products/filter,POST,,"{""gender"":""male"",""category"":""skirt"",""price"":""high""}",returner,mobile,11,False
6,3,GET /products,"POST /products/filter  body={""gender"":""male"",""category"":""skirt""}",/products,GET,,,returner,mobile,11,False
6,4,"POST /products/filter  body={""gender"":""male"",""category"":""skirt""}",GET /products?id=110,/products/filter,POST,,"{""gender"":""male"",""category"":""skirt""}",returner,mobile,11,False
6,5,GET /products?id=110,GET /cart?product_id=110,/products,GET,id=110,,returner,mobile,11,False
6,6,GET /cart?product_id=110,END,/cart,GET,product_id=110,,returner,mobile,11,True
7,1,GET /products,GET /products?id=22,/products,GET,,,new_visitor,mobile,12,False
7,2,GET /products?id=22,GET /reviews?product_id=22,/products,GET,id=22,,new_visitor,mobile,12,False
7,3,GET /reviews?product_id=22,END,/reviews,GET,product_id=22,,new_visitor,mobile,12,True
8,1,GET /products,GET /products?id=47,/products,GET,,,new_visitor,desktop,18,False
8,2,GET /products?id=47,GET /cart?product_id=47,/products,GET,id=47,,new_visitor,desktop,18,False
8,3,GET /cart?product_id=47,END,/cart,GET,product_id=47,,new_visitor,desktop,18,True
9,1,GET /products,GET /products?id=101,/products,GET,,,buyer,desktop,2,False
9,2,GET /products?id=101,GET /products?id=15,/products,GET,id=101,,buyer,desktop,2,False
9,3,GET /products?id=15,GET /products?id=110,/products,GET,id=15,,buyer,desktop,2,False
9,4,GET /products?id=110,GET /cart?product_id=110,/products,GET,id=110,,buyer,desktop,2,False
9,5,GET /cart?product_id=110,END,/cart,GET,product_id=110,,buyer,desktop,2,True
10,1,GET /products,GET /products?id=47,/products,GET,,,buyer,tablet,8,False
10,2,GET /products?id=47,"POST /wishlist?product_id=47  body={""product_id"": 47}",/products,GET,id=47,,buyer,tablet,8,False
10,3,"POST /wishlist?product_id=47  body={""product_id"": 47}",GET /cart?product_id=47,/wishlist,POST,product_id=47,"{""product_id"": 47}",buyer,tablet,8,False
10,4,GET /cart?product_id=47,END,/cart,GET,product_id=47,,buyer,tablet,8,True
11,1,GET /home,GET /category?type=women,/home,GET,,,new_visitor,tablet,5,False
11,2,GET /category?type=women,GET /products?id=44,/category,GET,type=women,,new_visitor,tablet,5,False
11,3,GET /products?id=44,GET /cart?product_id=44,/products,GET,id=44,,new_visitor,tablet,5,False
11,4,GET /cart?product_id=44,END,/cart,GET,product_id=44,,new_visitor,tablet,5,True
12,1,GET /products?id=11,GET /cart?product_id=11,/products,GET,id=11,,returner,desktop,8,False
12,2,GET /cart?product_id=11,END,/cart,GET,product_id=11,,returner,desktop,8,True
13,1,GET /products,GET /products?id=101,/products,GET,,,browser,mobile,1,False
13,2,GET /products?id=101,GET /cart?product_id=101,/products,GET,id=101,,browser,mobile,1,False
13,3,GET /cart?product_id=101,GET /home,/cart,GET,product_id=101,,browser,mobile,1,False
13,4,GET /home,END,/home,GET,,,browser,mobile,1,True
14,1,GET /products,GET /products?id=33,/products,GET,,,indecisive,mobile,6,False
14,2,GET /products?id=33,GET /reviews?product_id=33,/products,GET,id=33,,indecisive,mobile,6,False
14,3,GET /reviews?product_id=33,GET /products?id=88,/reviews,GET,product_id=33,,indecisive,mobile,6,False
14,4,GET /products?id=88,GET /cart?product_id=88,/products,GET,id=88,,indecisive,mobile,6,False
14,5,GET /cart?product_id=88,END,/cart,GET,product_id=88,,indecisive,mobile,6,True
15,1,GET /search?q=men watch,GET /products?id=61,/search,GET,q=men watch,,returner,desktop,20,False
15,2,GET /products?id=61,GET /cart?product_id=61,/products,GET,id=61,,returner,desktop,20,False
15,3,GET /cart?product_id=61,END,/cart,GET,product_id=61,,returner,desktop,20,True
16,1,GET /home,GET /category?type=accessories,/home,GET,,,buyer,tablet,17,False
16,2,GET /category?type=accessories,GET /products?id=120,/category,GET,type=accessories,,buyer,tablet,17,False
16,3,GET /products?id=120,GET /cart?product_id=120,/products,GET,id=120,,buyer,tablet,17,False
16,4,GET /cart?product_id=120,END,/cart,GET,product_id=120,,buyer,tablet,17,True
17,1,GET /products/filter,"POST /products/filter  body={""gender"":""female"",""category"":""watch""}",/products/filter,GET,,,new_visitor,desktop,11,False
17,2,"POST /products/filter  body={""gender"":""female"",""category"":""watch""}",GET /products?id=47,/products/filter,POST,,"{""gender"":""female"",""category"":""watch""}",new_visitor,desktop,11,False
17,3,GET /products?id=47,GET /cart?product_id=47,/products,GET,id=47,,new_visitor,desktop,11,False
17,4,GET /cart?product_id=47,END,/cart,GET,product_id=47,,new_visitor,desktop,11,True
18,1,GET /products,GET /products?id=105,/products,GET,,,browser,mobile,4,False
18,2,GET /products?id=105,GET /products?id=47,/products,GET,id=105,,browser,mobile,4,False
18,3,GET /products?id=47,GET /products?id=101,/products,GET,id=47,,browser,mobile,4,False
18,4,GET /products?id=101,GET /products?id=101,/products,GET,id=101,,browser,mobile,4,False
18,5,GET /products?id=101,GET /cart?product_id=101,/products,GET,id=101,,browser,mobile,4,False
18,6,GET /cart?product_id=101,END,/cart,GET,product_id=101,,browser,mobile,4,True
19,1,GET /products?id=42,GET /cart?product_id=42,/products,GET,id=42,,returner,tablet,8,False
19,2,GET /cart?product_id=42,END,/cart,GET,product_id=42,,returner,tablet,8,True
20,1,GET /products,GET /products?id=33,/products,GET,,,browser,tablet,17,False
20,2,GET /products?id=33,GET /cart?product_id=33,/products,GET,id=33,,browser,tablet,17,False
20,3,GET /cart?product_id=33,GET /checkout,/cart,GET,product_id=33,,browser,tablet,17,False
20,4,GET /checkout,"POST /payment  body={""amount"": 49.99, ""method"": ""card""}",/checkout,GET,,,browser,tablet,17,False
20,5,"POST /payment  body={""amount"": 49.99, ""method"": ""card""}",END,/payment,POST,,"{""amount"": 49.99, ""method"": ""card""}",browser,tablet,17,True
21,1,GET /products,GET /products?id=42,/products,GET,,,browser,desktop,13,False
21,2,GET /products?id=42,GET /reviews?product_id=42,/products,GET,id=42,,browser,desktop,13,False
21,3,GET /reviews?product_id=42,END,/reviews,GET,product_id=42,,browser,desktop,13,True
22,1,GET /home,GET /category?type=women,/home,GET,,,indecisive,tablet,5,False
22,2,GET /category?type=women,GET /products?id=88,/category,GET,type=women,,indecisive,tablet,5,False
22,3,GET /products?id=88,GET /cart?product_id=88,/products,GET,id=88,,indecisive,tablet,5,False
22,4,GET /cart?product_id=88,END,/cart,GET,product_id=88,,indecisive,tablet,5,True
23,1,GET /products,GET /products?id=39,/products,GET,,,indecisive,tablet,16,False
23,2,GET /products?id=39,GET /products?id=73,/products,GET,id=39,,indecisive,tablet,16,False
23,3,GET /products?id=73,GET /cart?product_id=73,/products,GET,id=73,,indecisive,tablet,16,False
23,4,GET /cart?product_id=73,END,/cart,GET,product_id=73,,indecisive,tablet,16,True
24,1,GET /products/filter,"POST /products/filter  body={""gender"":""female"",""category"":""skirt"",""price"":""high""}",/products/filter,GET,,,new_visitor,mobile,19,False
24,2,"POST /products/filter  body={""gender"":""female"",""category"":""skirt"",""price"":""high""}",GET /products?id=22,/products/filter,POST,,"{""gender"":""female"",""category"":""skirt"",""price"":""high""}",new_visitor,mobile,19,False
24,3,GET /products?id=22,GET /cart?product_id=22,/products,GET,id=22,,new_visitor,mobile,19,False
24,4,GET /cart?product_id=22,END,/cart,GET,product_id=22,,new_visitor,mobile,19,True
25,1,GET /products,GET /products?id=47,/products,GET,,,buyer,mobile,7,False
25,2,GET /products?id=47,GET /products?id=120,/products,GET,id=47,,buyer,mobile,7,False
25,3,GET /products?id=120,GET /products?id=47,/products,GET,id=120,,buyer,mobile,7,False
25,4,GET /products?id=47,GET /reviews?product_id=47,/products,GET,id=47,,buyer,mobile,7,False
25,5,GET /reviews?product_id=47,GET /cart?product_id=47,/reviews,GET,product_id=47,,buyer,mobile,7,False
25,6,GET /cart?product_id=47,END,/cart,GET,product_id=47,,buyer,mobile,7,True
26,1,GET /products/filter,"POST /products/filter  body={""gender"":""unisex"",""category"":""sneakers"",""price"":""mid""}",/products/filter,GET,,,returner,tablet,5,False
26,2,"POST /products/filter  body={""gender"":""unisex"",""category"":""sneakers"",""price"":""mid""}",GET /products?id=88,/products/filter,POST,,"{""gender"":""unisex"",""category"":""sneakers"",""price"":""mid""}",returner,tablet,5,False
26,3,GET /products?id=88,GET /cart?product_id=88,/products,GET,id=88,,returner,tablet,5,False
26,4,GET /cart?product_id=88,END,/cart,GET,product_id=88,,returner,tablet,5,True
27,1,GET /products,GET /products?id=110,/products,GET,,,indecisive,desktop,21,False
27,2,GET /products?id=110,GET /reviews?product_id=110,/products,GET,id=110,,indecisive,desktop,21,False
27,3,GET /reviews?product_id=110,GET /products?id=110,/reviews,GET,product_id=110,,indecisive,desktop,21,False
27,4,GET /products?id=110,GET /cart?product_id=110,/products,GET,id=110,,indecisive,desktop,21,False
27,5,GET /cart?product_id=110,END,/cart,GET,product_id=110,,indecisive,desktop,21,True
28,1,GET /products/filter,"POST /products/filter  body={""gender"":""female"",""category"":""shirt"",""price"":""low""}",/products/filter,GET,,,new_visitor,desktop,3,False
28,2,"POST /products/filter  body={""gender"":""female"",""category"":""shirt"",""price"":""low""}",GET /products?id=11,/products/filter,POST,,"{""gender"":""female"",""category"":""shirt"",""price"":""low""}",new_visitor,desktop,3,False
28,3,GET /products?id=11,GET /cart?product_id=11,/products,GET,id=11,,new_visitor,desktop,3,False
28,4,GET /cart?product_id=11,END,/cart,GET,product_id=11,,new_visitor,desktop,3,True
29,1,GET /products,GET /products?id=44,/products,GET,,,new_visitor,mobile,0,False
29,2,GET /products?id=44,GET /cart?product_id=44,/products,GET,id=44,,new_visitor,mobile,0,False
29,3,GET /cart?product_id=44,END,/cart,GET,product_id=44,,new_visitor,mobile,0,True
30,1,GET /home,GET /category?type=men,/home,GET,,,browser,desktop,2,False
30,2,GET /category?type=men,GET /products?id=33,/category,GET,type=men,,browser,desktop,2,False
30,3,GET /products?id=33,GET /cart?product_id=33,/products,GET,id=33,,browser,desktop,2,False
30,4,GET /cart?product_id=33,END,/cart,GET,product_id=33,,browser,desktop,2,True
31,1,GET /products,GET /products?id=120,/products,GET,,,buyer,tablet,4,False
31,2,GET /products?id=120,"POST /wishlist?product_id=120  body={""product_id"": 120}",/products,GET,id=120,,buyer,tablet,4,False
31,3,"POST /wishlist?product_id=120  body={""product_id"": 120}",GET /cart?product_id=120,/wishlist,POST,product_id=120,"{""product_id"": 120}",buyer,tablet,4,False
31,4,GET /cart?product_id=120,END,/cart,GET,product_id=120,,buyer,tablet,4,True
32,1,GET /products,GET /products?id=55,/products,GET,,,buyer,desktop,13,False
32,2,GET /products?id=55,GET /cart?product_id=55,/products,GET,id=55,,buyer,desktop,13,False
32,3,GET /cart?product_id=55,END,/cart,GET,product_id=55,,buyer,desktop,13,True
33,1,GET /search?q=red dress,GET /products?id=55,/search,GET,q=red dress,,indecisive,desktop,13,False
33,2,GET /products?id=55,GET /reviews?product_id=55,/products,GET,id=55,,indecisive,desktop,13,False
33,3,GET /reviews?product_id=55,END,/reviews,GET,product_id=55,,indecisive,desktop,13,True
34,1,GET /products/filter,"POST /products/filter  body={""gender"":""female"",""category"":""dress""}",/products/filter,GET,,,browser,desktop,23,False
34,2,"POST /products/filter  body={""gender"":""female"",""category"":""dress""}",GET /products?id=88,/products/filter,POST,,"{""gender"":""female"",""category"":""dress""}",browser,desktop,23,False
34,3,GET /products?id=88,GET /reviews?product_id=88,/products,GET,id=88,,browser,desktop,23,False
34,4,GET /reviews?product_id=88,END,/reviews,GET,product_id=88,,browser,desktop,23,True
35,1,GET /products,GET /products?id=73,/products,GET,,,buyer,tablet,14,False
35,2,GET /products?id=73,GET /cart?product_id=73,/products,GET,id=73,,buyer,tablet,14,False
35,3,GET /cart?product_id=73,END,/cart,GET,product_id=73,,buyer,tablet,14,True
36,1,GET /products,GET /products?id=55,/products,GET,,,buyer,mobile,14,False
36,2,GET /products?id=55,GET /cart?product_id=55,/products,GET,id=55,,buyer,mobile,14,False
36,3,GET /cart?product_id=55,GET /home,/cart,GET,product_id=55,,buyer,mobile,14,False
36,4,GET /home,END,/home,GET,,,buyer,mobile,14,True
37,1,GET /products/filter,"POST /products/filter  body={""gender"":""female"",""category"":""skirt"",""price"":""high""}",/products/filter,GET,,,browser,tablet,17,False
37,2,"POST /products/filter  body={""gender"":""female"",""category"":""skirt"",""price"":""high""}",GET /products,/products/filter,POST,,"{""gender"":""female"",""category"":""skirt"",""price"":""high""}",browser,tablet,17,False
37,3,GET /products,"POST /products/filter  body={""gender"":""female"",""category"":""skirt""}",/products,GET,,,browser,tablet,17,False
37,4,"POST /products/filter  body={""gender"":""female"",""category"":""skirt""}",GET /products?id=73,/products/filter,POST,,"{""gender"":""female"",""category"":""skirt""}",browser,tablet,17,False
37,5,GET /products?id=73,GET /cart?product_id=73,/products,GET,id=73,,browser,tablet,17,False
37,6,GET /cart?product_id=73,END,/cart,GET,product_id=73,,browser,tablet,17,True
38,1,GET /products/filter,"POST /products/filter  body={""gender"":""male"",""category"":""skirt"",""price"":""mid""}",/products/filter,GET,,,returner,desktop,15,False
38,2,"POST /products/filter  body={""gender"":""male"",""category"":""skirt"",""price"":""mid""}",GET /products?id=101,/products/filter,POST,,"{""gender"":""male"",""category"":""skirt"",""price"":""mid""}",returner,desktop,15,False
38,3,GET /products?id=101,GET /cart?product_id=101,/products,GET,id=101,,returner,desktop,15,False
38,4,GET /cart?product_id=101,END,/cart,GET,product_id=101,,returner,desktop,15,True
39,1,GET /products,GET /products?id=110,/products,GET,,,browser,desktop,8,False
39,2,GET /products?id=110,GET /reviews?product_id=110,/products,GET,id=110,,browser,desktop,8,False
39,3,GET /reviews?product_id=110,GET /products?id=22,/reviews,GET,product_id=110,,browser,desktop,8,False
39,4,GET /products?id=22,GET /cart?product_id=22,/products,GET,id=22,,browser,desktop,8,False
39,5,GET /cart?product_id=22,END,/cart,GET,product_id=22,,browser,desktop,8,True
40,1,GET /products?id=120,GET /cart?product_id=120,/products,GET,id=120,,returner,tablet,23,False
40,2,GET /cart?product_id=120,END,/cart,GET,product_id=120,,returner,tablet,23,True
41,1,GET /products,GET /products?id=44,/products,GET,,,indecisive,mobile,1,False
41,2,GET /products?id=44,GET /products?id=33,/products,GET,id=44,,indecisive,mobile,1,False
41,3,GET /products?id=33,GET /products?id=44,/products,GET,id=33,,indecisive,mobile,1,False
41,4,GET /products?id=44,GET /products?id=44,/products,GET,id=44,,indecisive,mobile,1,False
41,5,GET /products?id=44,GET /cart?product_id=44,/products,GET,id=44,,indecisive,mobile,1,False
41,6,GET /cart?product_id=44,END,/cart,GET,product_id=44,,indecisive,mobile,1,True
42,1,GET /products,GET /products?id=47,/products,GET,,,new_visitor,tablet,5,False
42,2,GET /products?id=47,GET /reviews?product_id=47,/products,GET,id=47,,new_visitor,tablet,5,False
42,3,GET /reviews?product_id=47,END,/reviews,GET,product_id=47,,new_visitor,tablet,5,True
43,1,GET /products,GET /products?id=11,/products,GET,,,browser,tablet,2,False
43,2,GET /products?id=11,GET /reviews?product_id=11,/products,GET,id=11,,browser,tablet,2,False
43,3,GET /reviews?product_id=11,GET /products?id=11,/reviews,GET,product_id=11,,browser,tablet,2,False
43,4,GET /products?id=11,GET /cart?product_id=11,/products,GET,id=11,,browser,tablet,2,False
43,5,GET /cart?product_id=11,END,/cart,GET,product_id=11,,browser,tablet,2,True
44,1,GET /products/filter,"POST /products/filter  body={""gender"":""unisex"",""category"":""skirt""}",/products/filter,GET,,,returner,mobile,18,False
44,2,"POST /products/filter  body={""gender"":""unisex"",""category"":""skirt""}",GET /products?id=47,/products/filter,POST,,"{""gender"":""unisex"",""category"":""skirt""}",returner,mobile,18,False
44,3,GET /products?id=47,GET /cart?product_id=47,/products,GET,id=47,,returner,mobile,18,False
44,4,GET /cart?product_id=47,END,/cart,GET,product_id=47,,returner,mobile,18,True
45,1,GET /home,GET /category?type=men,/home,GET,,,returner,tablet,18,False
45,2,GET /category?type=men,GET /products?id=22,/category,GET,type=men,,returner,tablet,18,False
45,3,GET /products?id=22,GET /cart?product_id=22,/products,GET,id=22,,returner,tablet,18,False
45,4,GET /cart?product_id=22,END,/cart,GET,product_id=22,,returner,tablet,18,True
46,1,GET /products/filter,"POST /products/filter  body={""gender"":""male"",""category"":""sneakers"",""price"":""mid""}",/products/filter,GET,,,buyer,tablet,22,False
46,2,"POST /products/filter  body={""gender"":""male"",""category"":""sneakers"",""price"":""mid""}",GET /products?id=22,/products/filter,POST,,"{""gender"":""male"",""category"":""sneakers"",""price"":""mid""}",buyer,tablet,22,False
46,3,GET /products?id=22,GET /cart?product_id=22,/products,GET,id=22,,buyer,tablet,22,False
46,4,GET /cart?product_id=22,END,/cart,GET,product_id=22,,buyer,tablet,22,True
47,1,GET /products,GET /products?id=55,/products,GET,,,returner,desktop,2,False
47,2,GET /products?id=55,GET /cart?product_id=55,/products,GET,id=55,,returner,desktop,2,False
47,3,GET /cart?product_id=55,END,/cart,GET,product_id=55,,returner,desktop,2,True
48,1,GET /products,GET /products?id=39,/products,GET,,,buyer,tablet,8,False
48,2,GET /products?id=39,GET /reviews?product_id=39,/products,GET,id=39,,buyer,tablet,8,False
48,3,GET /reviews?product_id=39,END,/reviews,GET,product_id=39,,buyer,tablet,8,True
49,1,GET /products,GET /products?id=22,/products,GET,,,buyer,desktop,9,False
49,2,GET /products?id=22,GET /cart?product_id=22,/products,GET,id=22,,buyer,desktop,9,False
49,3,GET /cart?product_id=22,END,/cart,GET,product_id=22,,buyer,desktop,9,True
50,1,GET /products,GET /products?id=22,/products,GET,,,new_visitor,mobile,21,False
50,2,GET /products?id=22,GET /cart?product_id=22,/products,GET,id=22,,new_visitor,mobile,21,False
50,3,GET /cart?product_id=22,GET /home,/cart,GET,product_id=22,,new_visitor,mobile,21,False
50,4,GET /home,END,/home,GET,,,new_visitor,mobile,21,True
51,1,GET /products,GET /products?id=55,/products,GET,,,browser,mobile,8,False
51,2,GET /products?id=55,GET /reviews?product_id=55,/products,GET,id=55,,browser,mobile,8,False
51,3,GET /reviews?product_id=55,END,/reviews,GET,product_id=55,,browser,mobile,8,True
52,1,GET /products,GET /products?id=33,/products,GET,,,buyer,desktop,9,False
52,2,GET /products?id=33,GET /products?id=88,/products,GET,id=33,,buyer,desktop,9,False
52,3,GET /products?id=88,GET /products?id=15,/products,GET,id=88,,buyer,desktop,9,False
52,4,GET /products?id=15,GET /products?id=120,/products,GET,id=15,,buyer,desktop,9,False
52,5,GET /products?id=120,GET /cart?product_id=120,/products,GET,id=120,,buyer,desktop,9,False
52,6,GET /cart?product_id=120,END,/cart,GET,product_id=120,,buyer,desktop,9,True
53,1,GET /search?q=men watch,GET /products?id=44,/search,GET,q=men watch,,browser,mobile,20,False
53,2,GET /products?id=44,GET /cart?product_id=44,/products,GET,id=44,,browser,mobile,20,False
53,3,GET /cart?product_id=44,END,/cart,GET,product_id=44,,browser,mobile,20,True
54,1,GET /products,GET /products?id=73,/products,GET,,,browser,desktop,4,False
54,2,GET /products?id=73,GET /products?id=110,/products,GET,id=73,,browser,desktop,4,False
54,3,GET /products?id=110,GET /products?id=105,/products,GET,id=110,,browser,desktop,4,False
54,4,GET /products?id=105,GET /cart?product_id=105,/products,GET,id=105,,browser,desktop,4,False
54,5,GET /cart?product_id=105,END,/cart,GET,product_id=105,,browser,desktop,4,True
55,1,GET /products,GET /products?id=44,/products,GET,,,browser,mobile,22,False
55,2,GET /products?id=44,GET /reviews?product_id=44,/products,GET,id=44,,browser,mobile,22,False
55,3,GET /reviews?product_id=44,GET /products?id=47,/reviews,GET,product_id=44,,browser,mobile,22,False
55,4,GET /products?id=47,GET /cart?product_id=47,/products,GET,id=47,,browser,mobile,22,False
55,5,GET /cart?product_id=47,END,/cart,GET,product_id=47,,browser,mobile,22,True
56,1,GET /search?q=red dress,GET /products?id=22,/search,GET,q=red dress,,new_visitor,tablet,4,False
56,2,GET /products?id=22,GET /cart?product_id=22,/products,GET,id=22,,new_visitor,tablet,4,False
56,3,GET /cart?product_id=22,END,/cart,GET,product_id=22,,new_visitor,tablet,4,True
57,1,GET /products/filter,"POST /products/filter  body={""gender"":""female"",""category"":""skirt"",""price"":""high""}",/products/filter,GET,,,indecisive,mobile,11,False
57,2,"POST /products/filter  body={""gender"":""female"",""category"":""skirt"",""price"":""high""}",GET /products?id=105,/products/filter,POST,,"{""gender"":""female"",""category"":""skirt"",""price"":""high""}",indecisive,mobile,11,False
57,3,GET /products?id=105,GET /cart?product_id=105,/products,GET,id=105,,indecisive,mobile,11,False
57,4,GET /cart?product_id=105,END,/cart,GET,product_id=105,,indecisive,mobile,11,True
58,1,GET /products,GET /products?id=11,/products,GET,,,new_visitor,tablet,4,False
58,2,GET /products?id=11,GET /reviews?product_id=11,/products,GET,id=11,,new_visitor,tablet,4,False
58,3,GET /reviews?product_id=11,GET /products?id=73,/reviews,GET,product_id=11,,new_visitor,tablet,4,False
58,4,GET /products?id=73,GET /cart?product_id=73,/products,GET,id=73,,new_visitor,tablet,4,False
58,5,GET /cart?product_id=73,END,/cart,GET,product_id=73,,new_visitor,tablet,4,True
59,1,GET /products,GET /products?id=33,/products,GET,,,buyer,desktop,0,False
59,2,GET /products?id=33,GET /reviews?product_id=33,/products,GET,id=33,,buyer,desktop,0,False
59,3,GET /reviews?product_id=33,END,/reviews,GET,product_id=33,,buyer,desktop,0,True
60,1,GET /products,GET /products?id=15,/products,GET,,,returner,tablet,23,False
60,2,GET /products?id=15,GET /cart?product_id=15,/products,GET,id=15,,returner,tablet,23,False
60,3,GET /cart?product_id=15,GET /home,/cart,GET,product_id=15,,returner,tablet,23,False
60,4,GET /home,END,/home,GET,,,returner,tablet,23,True
61,1,GET /search?q=red dress,GET /products?id=120,/search,GET,q=red dress,,buyer,tablet,3,False
61,2,GET /products?id=120,GET /cart?product_id=120,/products,GET,id=120,,buyer,tablet,3,False
61,3,GET /cart?product_id=120,END,/cart,GET,product_id=120,,buyer,tablet,3,True
62,1,GET /products/filter,"POST /products/filter  body={""gender"":""female"",""category"":""dress""}",/products/filter,GET,,,buyer,mobile,14,False
62,2,"POST /products/filter  body={""gender"":""female"",""category"":""dress""}",GET /products?id=42,/products/filter,POST,,"{""gender"":""female"",""category"":""dress""}",buyer,mobile,14,False
62,3,GET /products?id=42,GET /reviews?product_id=42,/products,GET,id=42,,buyer,mobile,14,False
62,4,GET /reviews?product_id=42,END,/reviews,GET,product_id=42,,buyer,mobile,14,True
63,1,GET /products/filter,"POST /products/filter  body={""gender"":""female"",""category"":""shirt"",""price"":""high""}",/products/filter,GET,,,buyer,desktop,10,False
63,2,"POST /products/filter  body={""gender"":""female"",""category"":""shirt"",""price"":""high""}",GET /products?id=101,/products/filter,POST,,"{""gender"":""female"",""category"":""shirt"",""price"":""high""}",buyer,desktop,10,False
63,3,GET /products?id=101,GET /cart?product_id=101,/products,GET,id=101,,buyer,desktop,10,False
63,4,GET /cart?product_id=101,END,/cart,GET,product_id=101,,buyer,desktop,10,True
64,1,GET /products,GET /products?id=15,/products,GET,,,new_visitor,desktop,0,False
64,2,GET /products?id=15,GET /cart?product_id=15,/products,GET,id=15,,new_visitor,desktop,0,False
64,3,GET /cart?product_id=15,END,/cart,GET,product_id=15,,new_visitor,desktop,0,True
65,1,GET /products,GET /products?id=33,/products,GET,,,indecisive,mobile,3,False
65,2,GET /products?id=33,GET /products?id=105,/products,GET,id=33,,indecisive,mobile,3,False
65,3,GET /products?id=105,GET /products?id=55,/products,GET,id=105,,indecisive,mobile,3,False
65,4,GET /products?id=55,GET /cart?product_id=55,/products,GET,id=55,,indecisive,mobile,3,False
65,5,GET /cart?product_id=55,END,/cart,GET,product_id=55,,indecisive,mobile,3,True
66,1,GET /products,GET /products?id=105,/products,GET,,,new_visitor,mobile,8,False
66,2,GET /products?id=105,GET /cart?product_id=105,/products,GET,id=105,,new_visitor,mobile,8,False
66,3,GET /cart?product_id=105,END,/cart,GET,product_id=105,,new_visitor,mobile,8,True
67,1,GET /products?id=88,GET /cart?product_id=88,/products,GET,id=88,,new_visitor,tablet,23,False
67,2,GET /cart?product_id=88,END,/cart,GET,product_id=88,,new_visitor,tablet,23,True
68,1,GET /products,GET /products?id=55,/products,GET,,,browser,tablet,10,False
68,2,GET /products?id=55,GET /products?id=22,/products,GET,id=55,,browser,tablet,10,False
68,3,GET /products?id=22,GET /products?id=22,/products,GET,id=22,,browser,tablet,10,False
68,4,GET /products?id=22,GET /products?id=105,/products,GET,id=22,,browser,tablet,10,False
68,5,GET /products?id=105,GET /cart?product_id=105,/products,GET,id=105,,browser,tablet,10,False
68,6,GET /cart?product_id=105,END,/cart,GET,product_id=105,,browser,tablet,10,True
69,1,GET /products,GET /products?id=101,/products,GET,,,indecisive,tablet,4,False
69,2,GET /products?id=101,GET /cart?product_id=101,/products,GET,id=101,,indecisive,tablet,4,False
69,3,GET /cart?product_id=101,END,/cart,GET,product_id=101,,indecisive,tablet,4,True
70,1,GET /products/filter,"POST /products/filter  body={""gender"":""unisex"",""category"":""skirt"",""price"":""high""}",/products/filter,GET,,,buyer,tablet,18,False
70,2,"POST /products/filter  body={""gender"":""unisex"",""category"":""skirt"",""price"":""high""}",GET /products?id=22,/products/filter,POST,,"{""gender"":""unisex"",""category"":""skirt"",""price"":""high""}",buyer,tablet,18,False
70,3,GET /products?id=22,GET /cart?product_id=22,/products,GET,id=22,,buyer,tablet,18,False
70,4,GET /cart?product_id=22,END,/cart,GET,product_id=22,,buyer,tablet,18,True
71,1,GET /products,GET /products?id=110,/products,GET,,,buyer,desktop,18,False
71,2,GET /products?id=110,GET /products?id=110,/products,GET,id=110,,buyer,desktop,18,False
71,3,GET /products?id=110,GET /products?id=110,/products,GET,id=110,,buyer,desktop,18,False
71,4,GET /products?id=110,GET /reviews?product_id=110,/products,GET,id=110,,buyer,desktop,18,False
71,5,GET /reviews?product_id=110,END,/reviews,GET,product_id=110,,buyer,desktop,18,True
72,1,GET /products,GET /products?id=47,/products,GET,,,new_visitor,desktop,23,False
72,2,GET /products?id=47,GET /cart?product_id=47,/products,GET,id=47,,new_visitor,desktop,23,False
72,3,GET /cart?product_id=47,END,/cart,GET,product_id=47,,new_visitor,desktop,23,True
73,1,GET /products,GET /products?id=11,/products,GET,,,new_visitor,desktop,2,False
73,2,GET /products?id=11,GET /cart?product_id=11,/products,GET,id=11,,new_visitor,desktop,2,False
73,3,GET /cart?product_id=11,GET /home,/cart,GET,product_id=11,,new_visitor,desktop,2,False
73,4,GET /home,END,/home,GET,,,new_visitor,desktop,2,True
74,1,GET /products,GET /products?id=44,/products,GET,,,indecisive,mobile,6,False
74,2,GET /products?id=44,GET /cart?product_id=44,/products,GET,id=44,,indecisive,mobile,6,False
74,3,GET /cart?product_id=44,END,/cart,GET,product_id=44,,indecisive,mobile,6,True
75,1,GET /search?q=sunglasses,GET /products?id=88,/search,GET,q=sunglasses,,returner,tablet,2,False
75,2,GET /products?id=88,GET /cart?product_id=88,/products,GET,id=88,,returner,tablet,2,False
75,3,GET /cart?product_id=88,END,/cart,GET,product_id=88,,returner,tablet,2,True
76,1,GET /products/filter,"POST /products/filter  body={""gender"":""unisex"",""category"":""skirt"",""price"":""low""}",/products/filter,GET,,,returner,desktop,12,False
76,2,"POST /products/filter  body={""gender"":""unisex"",""category"":""skirt"",""price"":""low""}",GET /products?id=105,/products/filter,POST,,"{""gender"":""unisex"",""category"":""skirt"",""price"":""low""}",returner,desktop,12,False
76,3,GET /products?id=105,GET /cart?product_id=105,/products,GET,id=105,,returner,desktop,12,False
76,4,GET /cart?product_id=105,END,/cart,GET,product_id=105,,returner,desktop,12,True
77,1,GET /home,GET /category?type=women,/home,GET,,,buyer,mobile,22,False
77,2,GET /category?type=women,GET /products?id=61,/category,GET,type=women,,buyer,mobile,22,False
77,3,GET /products?id=61,GET /cart?product_id=61,/products,GET,id=61,,buyer,mobile,22,False
77,4,GET /cart?product_id=61,END,/cart,GET,product_id=61,,buyer,mobile,22,True
78,1,GET /products,GET /products?id=110,/products,GET,,,buyer,mobile,14,False
78,2,GET /products?id=110,GET /cart?product_id=110,/products,GET,id=110,,buyer,mobile,14,False
78,3,GET /cart?product_id=110,END,/cart,GET,product_id=110,,buyer,mobile,14,True
79,1,GET /products?id=110,GET /cart?product_id=110,/products,GET,id=110,,new_visitor,tablet,10,False
79,2,GET /cart?product_id=110,END,/cart,GET,product_id=110,,new_visitor,tablet,10,True
80,1,GET /search?q=running shoes,GET /products?id=120,/search,GET,q=running shoes,,new_visitor,desktop,17,False
80,2,GET /products?id=120,GET /cart?product_id=120,/products,GET,id=120,,new_visitor,desktop,17,False
80,3,GET /cart?product_id=120,END,/cart,GET,product_id=120,,new_visitor,desktop,17,True
81,1,GET /products/filter,"POST /products/filter  body={""gender"":""male"",""category"":""watch"",""price"":""high""}",/products/filter,GET,,,returner,desktop,7,False
81,2,"POST /products/filter  body={""gender"":""male"",""category"":""watch"",""price"":""high""}",GET /products,/products/filter,POST,,"{""gender"":""male"",""category"":""watch"",""price"":""high""}",returner,desktop,7,False
81,3,GET /products,"POST /products/filter  body={""gender"":""male"",""category"":""watch""}",/products,GET,,,returner,desktop,7,False
81,4,"POST /products/filter  body={""gender"":""male"",""category"":""watch""}",GET /products?id=120,/products/filter,POST,,"{""gender"":""male"",""category"":""watch""}",returner,desktop,7,False
81,5,GET /products?id=120,GET /cart?product_id=120,/products,GET,id=120,,returner,desktop,7,False
81,6,GET /cart?product_id=120,END,/cart,GET,product_id=120,,returner,desktop,7,True
82,1,GET /products,GET /products?id=22,/products,GET,,,buyer,desktop,14,False
82,2,GET /products?id=22,GET /cart?product_id=22,/products,GET,id=22,,buyer,desktop,14,False
82,3,GET /cart?product_id=22,END,/cart,GET,product_id=22,,buyer,desktop,14,True
83,1,GET /products,GET /products?id=61,/products,GET,,,indecisive,desktop,17,False
83,2,GET /products?id=61,GET /cart?product_id=61,/products,GET,id=61,,indecisive,desktop,17,False
83,3,GET /cart?product_id=61,END,/cart,GET,product_id=61,,indecisive,desktop,17,True
84,1,GET /products,GET /products?id=105,/products,GET,,,buyer,tablet,6,False
84,2,GET /products?id=105,GET /cart?product_id=105,/products,GET,id=105,,buyer,tablet,6,False
84,3,GET /cart?product_id=105,END,/cart,GET,product_id=105,,buyer,tablet,6,True
85,1,GET /products/filter,"POST /products/filter  body={""gender"":""male"",""category"":""sneakers""}",/products/filter,GET,,,returner,desktop,1,False
85,2,"POST /products/filter  body={""gender"":""male"",""category"":""sneakers""}",GET /products?id=42,/products/filter,POST,,"{""gender"":""male"",""category"":""sneakers""}",returner,desktop,1,False
85,3,GET /products?id=42,GET /cart?product_id=42,/products,GET,id=42,,returner,desktop,1,False
85,4,GET /cart?product_id=42,END,/cart,GET,product_id=42,,returner,desktop,1,True
86,1,GET /products,GET /products?id=39,/products,GET,,,new_visitor,desktop,15,False
86,2,GET /products?id=39,GET /cart?product_id=39,/products,GET,id=39,,new_visitor,desktop,15,False
86,3,GET /cart?product_id=39,END,/cart,GET,product_id=39,,new_visitor,desktop,15,True
87,1,GET /products,GET /products?id=11,/products,GET,,,returner,desktop,17,False
87,2,GET /products?id=11,GET /cart?product_id=11,/products,GET,id=11,,returner,desktop,17,False
87,3,GET /cart?product_id=11,GET /checkout,/cart,GET,product_id=11,,returner,desktop,17,False
87,4,GET /checkout,"POST /payment  body={""amount"": 49.99, ""method"": ""card""}",/checkout,GET,,,returner,desktop,17,False
87,5,"POST /payment  body={""amount"": 49.99, ""method"": ""card""}",END,/payment,POST,,"{""amount"": 49.99, ""method"": ""card""}",returner,desktop,17,True
88,1,GET /search?q=red dress,GET /products?id=101,/search,GET,q=red dress,,returner,mobile,8,False
88,2,GET /products?id=101,GET /cart?product_id=101,/products,GET,id=101,,returner,mobile,8,False
88,3,GET /cart?product_id=101,END,/cart,GET,product_id=101,,returner,mobile,8,True
89,1,GET /products,GET /products?id=73,/products,GET,,,indecisive,tablet,21,False
89,2,GET /products?id=73,GET /cart?product_id=73,/products,GET,id=73,,indecisive,tablet,21,False
89,3,GET /cart?product_id=73,GET /home,/cart,GET,product_id=73,,indecisive,tablet,21,False
89,4,GET /home,END,/home,GET,,,indecisive,tablet,21,True
90,1,GET /home,GET /category?type=men,/home,GET,,,returner,mobile,19,False
90,2,GET /category?type=men,GET /products?id=39,/category,GET,type=men,,returner,mobile,19,False
90,3,GET /products?id=39,GET /cart?product_id=39,/products,GET,id=39,,returner,mobile,19,False
90,4,GET /cart?product_id=39,END,/cart,GET,product_id=39,,returner,mobile,19,True
91,1,GET /products,GET /products?id=105,/products,GET,,,new_visitor,tablet,0,False
91,2,GET /products?id=105,GET /cart?product_id=105,/products,GET,id=105,,new_visitor,tablet,0,False
91,3,GET /cart?product_id=105,END,/cart,GET,product_id=105,,new_visitor,tablet,0,True
92,1,GET /products/filter,"POST /products/filter  body={""gender"":""male"",""category"":""dress""}",/products/filter,GET,,,returner,mobile,1,False
92,2,"POST /products/filter  body={""gender"":""male"",""category"":""dress""}",GET /products?id=33,/products/filter,POST,,"{""gender"":""male"",""category"":""dress""}",returner,mobile,1,False
92,3,GET /products?id=33,GET /cart?product_id=33,/products,GET,id=33,,returner,mobile,1,False
92,4,GET /cart?product_id=33,END,/cart,GET,product_id=33,,returner,mobile,1,True
93,1,GET /products,GET /products?id=105,/products,GET,,,indecisive,desktop,8,False
93,2,GET /products?id=105,GET /cart?product_id=105,/products,GET,id=105,,indecisive,desktop,8,False
93,3,GET /cart?product_id=105,GET /checkout,/cart,GET,product_id=105,,indecisive,desktop,8,False
93,4,GET /checkout,"POST /payment  body={""amount"": 49.99, ""method"": ""card""}",/checkout,GET,,,indecisive,desktop,8,False
93,5,"POST /payment  body={""amount"": 49.99, ""method"": ""card""}",END,/payment,POST,,"{""amount"": 49.99, ""method"": ""card""}",indecisive,desktop,8,True
94,1,GET /products,GET /products?id=44,/products,GET,,,indecisive,mobile,15,False
94,2,GET /products?id=44,GET /reviews?product_id=44,/products,GET,id=44,,indecisive,mobile,15,False
94,3,GET /reviews?product_id=44,END,/reviews,GET,product_id=44,,indecisive,mobile,15,True
95,1,GET /products,GET /products?id=44,/products,GET,,,indecisive,mobile,20,False
95,2,GET /products?id=44,GET /reviews?product_id=44,/products,GET,id=44,,indecisive,mobile,20,False
95,3,GET /reviews?product_id=44,END,/reviews,GET,product_id=44,,indecisive,mobile,20,True
96,1,GET /products,GET /products?id=61,/products,GET,,,buyer,mobile,0,False
96,2,GET /products?id=61,GET /products?id=120,/products,GET,id=61,,buyer,mobile,0,False
96,3,GET /products?id=120,GET /reviews?product_id=120,/products,GET,id=120,,buyer,mobile,0,False
96,4,GET /reviews?product_id=120,END,/reviews,GET,product_id=120,,buyer,mobile,0,True
97,1,GET /products,GET /products?id=39,/products,GET,,,new_visitor,mobile,14,False
97,2,GET /products?id=39,"POST /wishlist?product_id=39  body={""product_id"": 39}",/products,GET,id=39,,new_visitor,mobile,14,False
97,3,"POST /wishlist?product_id=39  body={""product_id"": 39}",GET /cart?product_id=39,/wishlist,POST,product_id=39,"{""product_id"": 39}",new_visitor,mobile,14,False
97,4,GET /cart?product_id=39,END,/cart,GET,product_id=39,,new_visitor,mobile,14,True
98,1,GET /products?id=55,GET /reviews?product_id=55,/products,GET,id=55,,buyer,tablet,19,False
98,2,GET /reviews?product_id=55,END,/reviews,GET,product_id=55,,buyer,tablet,19,True
99,1,GET /products,GET /products?id=101,/products,GET,,,buyer,desktop,3,False
99,2,GET /products?id=101,GET /products?id=101,/products,GET,id=101,,buyer,desktop,3,False
99,3,GET /products?id=101,GET /products?id=88,/products,GET,id=101,,buyer,desktop,3,False
99,4,GET /products?id=88,GET /cart?product_id=88,/products,GET,id=88,,buyer,desktop,3,False
99,5,GET /cart?product_id=88,END,/cart,GET,product_id=88,,buyer,desktop,3,True
100,1,GET /products,GET /products?id=55,/products,GET,,,buyer,mobile,22,False
100,2,GET /products?id=55,GET /cart?product_id=55,/products,GET,id=55,,buyer,mobile,22,False
100,3,GET /cart?product_id=55,GET /checkout,/cart,GET,product_id=55,,buyer,mobile,22,False
100,4,GET /checkout,"POST /payment  body={""amount"": 49.99, ""method"": ""card""}",/checkout,GET,,,buyer,mobile,22,False
100,5,"POST /payment  body={""amount"": 49.99, ""method"": ""card""}",END,/payment,POST,,"{""amount"": 49.99, ""method"": ""card""}",buyer,mobile,22,True
101,1,GET /home,GET /category?type=accessories,/home,GET,,,new_visitor,mobile,11,False
101,2,GET /category?type=accessories,GET /products?id=110,/category,GET,type=accessories,,new_visitor,mobile,11,False
101,3,GET /products?id=110,GET /cart?product_id=110,/products,GET,id=110,,new_visitor,mobile,11,False
101,4,GET /cart?product_id=110,END,/cart,GET,product_id=110,,new_visitor,mobile,11,True
102,1,GET /products/filter,"POST /products/filter  body={""gender"":""male"",""category"":""sneakers""}",/products/filter,GET,,,browser,tablet,20,False
102,2,"POST /products/filter  body={""gender"":""male"",""category"":""sneakers""}",GET /products?id=55,/products/filter,POST,,"{""gender"":""male"",""category"":""sneakers""}",browser,tablet,20,False
102,3,GET /products?id=55,GET /reviews?product_id=55,/products,GET,id=55,,browser,tablet,20,False
102,4,GET /reviews?product_id=55,END,/reviews,GET,product_id=55,,browser,tablet,20,True
103,1,GET /products,GET /products?id=110,/products,GET,,,returner,desktop,20,False
103,2,GET /products?id=110,GET /reviews?product_id=110,/products,GET,id=110,,returner,desktop,20,False
103,3,GET /reviews?product_id=110,GET /products?id=61,/reviews,GET,product_id=110,,returner,desktop,20,False
103,4,GET /products?id=61,GET /cart?product_id=61,/products,GET,id=61,,returner,desktop,20,False
103,5,GET /cart?product_id=61,END,/cart,GET,product_id=61,,returner,desktop,20,True
104,1,GET /home,GET /category?type=accessories,/home,GET,,,returner,mobile,23,False
104,2,GET /category?type=accessories,GET /products?id=110,/category,GET,type=accessories,,returner,mobile,23,False
104,3,GET /products?id=110,GET /cart?product_id=110,/products,GET,id=110,,returner,mobile,23,False
104,4,GET /cart?product_id=110,END,/cart,GET,product_id=110,,returner,mobile,23,True
105,1,GET /search?q=sunglasses,GET /products?id=15,/search,GET,q=sunglasses,,new_visitor,tablet,15,False
105,2,GET /products?id=15,GET /reviews?product_id=15,/products,GET,id=15,,new_visitor,tablet,15,False
105,3,GET /reviews?product_id=15,END,/reviews,GET,product_id=15,,new_visitor,tablet,15,True
106,1,GET /products/filter,"POST /products/filter  body={""gender"":""male"",""category"":""dress""}",/products/filter,GET,,,indecisive,mobile,2,False
106,2,"POST /products/filter  body={""gender"":""male"",""category"":""dress""}",GET /products?id=101,/products/filter,POST,,"{""gender"":""male"",""category"":""dress""}",indecisive,mobile,2,False
106,3,GET /products?id=101,GET /cart?product_id=101,/products,GET,id=101,,indecisive,mobile,2,False
106,4,GET /cart?product_id=101,END,/cart,GET,product_id=101,,indecisive,mobile,2,True
107,1,GET /products/filter,"POST /products/filter  body={""gender"":""female"",""category"":""sneakers"",""price"":""high""}",/products/filter,GET,,,indecisive,mobile,15,False
107,2,"POST /products/filter  body={""gender"":""female"",""category"":""sneakers"",""price"":""high""}",GET /products,/products/filter,POST,,"{""gender"":""female"",""category"":""sneakers"",""price"":""high""}",indecisive,mobile,15,False
107,3,GET /products,"POST /products/filter  body={""gender"":""female"",""category"":""sneakers""}",/products,GET,,,indecisive,mobile,15,False
107,4,"POST /products/filter  body={""gender"":""female"",""category"":""sneakers""}",GET /products?id=88,/products/filter,POST,,"{""gender"":""female"",""category"":""sneakers""}",indecisive,mobile,15,False
107,5,GET /products?id=88,GET /cart?product_id=88,/products,GET,id=88,,indecisive,mobile,15,False
107,6,GET /cart?product_id=88,END,/cart,GET,product_id=88,,indecisive,mobile,15,True
108,1,GET /products/filter,"POST /products/filter  body={""gender"":""unisex"",""category"":""shirt""}",/products/filter,GET,,,indecisive,desktop,10,False
108,2,"POST /products/filter  body={""gender"":""unisex"",""category"":""shirt""}",GET /products?id=42,/products/filter,POST,,"{""gender"":""unisex"",""category"":""shirt""}",indecisive,desktop,10,False
108,3,GET /products?id=42,GET /cart?product_id=42,/products,GET,id=42,,indecisive,desktop,10,False
108,4,GET /cart?product_id=42,END,/cart,GET,product_id=42,,indecisive,desktop,10,True
109,1,GET /products/filter,"POST /products/filter  body={""gender"":""male"",""category"":""sneakers""}",/products/filter,GET,,,new_visitor,mobile,2,False
109,2,"POST /products/filter  body={""gender"":""male"",""category"":""sneakers""}",GET /products?id=11,/products/filter,POST,,"{""gender"":""male"",""category"":""sneakers""}",new_visitor,mobile,2,False
109,3,GET /products?id=11,GET /cart?product_id=11,/products,GET,id=11,,new_visitor,mobile,2,False
109,4,GET /cart?product_id=11,END,/cart,GET,product_id=11,,new_visitor,mobile,2,True
110,1,GET /search?q=red dress,GET /products?id=47,/search,GET,q=red dress,,returner,tablet,22,False
110,2,GET /products?id=47,GET /reviews?product_id=47,/products,GET,id=47,,returner,tablet,22,False
110,3,GET /reviews?product_id=47,END,/reviews,GET,product_id=47,,returner,tablet,22,True
111,1,GET /products,GET /products?id=22,/products,GET,,,indecisive,mobile,12,False
111,2,GET /products?id=22,"POST /wishlist?product_id=22  body={""product_id"": 22}",/products,GET,id=22,,indecisive,mobile,12,False
111,3,"POST /wishlist?product_id=22  body={""product_id"": 22}",GET /cart?product_id=22,/wishlist,POST,product_id=22,"{""product_id"": 22}",indecisive,mobile,12,False
111,4,GET /cart?product_id=22,END,/cart,GET,product_id=22,,indecisive,mobile,12,True
112,1,GET /home,GET /category?type=men,/home,GET,,,new_visitor,desktop,15,False
112,2,GET /category?type=men,GET /products?id=33,/category,GET,type=men,,new_visitor,desktop,15,False
112,3,GET /products?id=33,GET /cart?product_id=33,/products,GET,id=33,,new_visitor,desktop,15,False
112,4,GET /cart?product_id=33,END,/cart,GET,product_id=33,,new_visitor,desktop,15,True
113,1,GET /products,GET /products?id=15,/products,GET,,,new_visitor,desktop,11,False
113,2,GET /products?id=15,"POST /wishlist?product_id=15  body={""product_id"": 15}",/products,GET,id=15,,new_visitor,desktop,11,False
113,3,"POST /wishlist?product_id=15  body={""product_id"": 15}",GET /cart?product_id=15,/wishlist,POST,product_id=15,"{""product_id"": 15}",new_visitor,desktop,11,False
113,4,GET /cart?product_id=15,END,/cart,GET,product_id=15,,new_visitor,desktop,11,True
114,1,GET /products,GET /products?id=88,/products,GET,,,indecisive,desktop,7,False
114,2,GET /products?id=88,GET /cart?product_id=88,/products,GET,id=88,,indecisive,desktop,7,False
114,3,GET /cart?product_id=88,END,/cart,GET,product_id=88,,indecisive,desktop,7,True
115,1,GET /products,GET /products?id=120,/products,GET,,,new_visitor,tablet,5,False
115,2,GET /products?id=120,GET /cart?product_id=120,/products,GET,id=120,,new_visitor,tablet,5,False
115,3,GET /cart?product_id=120,END,/cart,GET,product_id=120,,new_visitor,tablet,5,True
116,1,GET /products/filter,"POST /products/filter  body={""gender"":""female"",""category"":""dress"",""price"":""high""}",/products/filter,GET,,,new_visitor,tablet,19,False
116,2,"POST /products/filter  body={""gender"":""female"",""category"":""dress"",""price"":""high""}",GET /products?id=11,/products/filter,POST,,"{""gender"":""female"",""category"":""dress"",""price"":""high""}",new_visitor,tablet,19,False
116,3,GET /products?id=11,GET /cart?product_id=11,/products,GET,id=11,,new_visitor,tablet,19,False
116,4,GET /cart?product_id=11,END,/cart,GET,product_id=11,,new_visitor,tablet,19,True
117,1,GET /products,GET /products?id=61,/products,GET,,,indecisive,mobile,9,False
117,2,GET /products?id=61,GET /cart?product_id=61,/products,GET,id=61,,indecisive,mobile,9,False
117,3,GET /cart?product_id=61,END,/cart,GET,product_id=61,,indecisive,mobile,9,True
118,1,GET /products,GET /products?id=61,/products,GET,,,browser,tablet,9,False
118,2,GET /products?id=61,"POST /wishlist?product_id=61  body={""product_id"": 61}",/products,GET,id=61,,browser,tablet,9,False
118,3,"POST /wishlist?product_id=61  body={""product_id"": 61}",GET /cart?product_id=61,/wishlist,POST,product_id=61,"{""product_id"": 61}",browser,tablet,9,False
118,4,GET /cart?product_id=61,END,/cart,GET,product_id=61,,browser,tablet,9,True
119,1,GET /products,GET /products?id=120,/products,GET,,,returner,mobile,0,False
119,2,GET /products?id=120,GET /products?id=110,/products,GET,id=120,,returner,mobile,0,False
119,3,GET /products?id=110,GET /products?id=33,/products,GET,id=110,,returner,mobile,0,False
119,4,GET /products?id=33,GET /cart?product_id=33,/products,GET,id=33,,returner,mobile,0,False
119,5,GET /cart?product_id=33,END,/cart,GET,product_id=33,,returner,mobile,0,True
120,1,GET /products,GET /products?id=47,/products,GET,,,browser,desktop,15,False
120,2,GET /products?id=47,GET /cart?product_id=47,/products,GET,id=47,,browser,desktop,15,False
120,3,GET /cart?product_id=47,END,/cart,GET,product_id=47,,browser,desktop,15,True
121,1,GET /products,GET /products?id=61,/products,GET,,,browser,tablet,20,False
121,2,GET /products?id=61,GET /reviews?product_id=61,/products,GET,id=61,,browser,tablet,20,False
121,3,GET /reviews?product_id=61,GET /products?id=61,/reviews,GET,product_id=61,,browser,tablet,20,False
121,4,GET /products?id=61,GET /cart?product_id=61,/products,GET,id=61,,browser,tablet,20,False
121,5,GET /cart?product_id=61,END,/cart,GET,product_id=61,,browser,tablet,20,True
122,1,GET /products,GET /products?id=11,/products,GET,,,buyer,tablet,9,False
122,2,GET /products?id=11,GET /cart?product_id=11,/products,GET,id=11,,buyer,tablet,9,False
122,3,GET /cart?product_id=11,END,/cart,GET,product_id=11,,buyer,tablet,9,True
123,1,GET /products,GET /products?id=11,/products,GET,,,returner,tablet,19,False
123,2,GET /products?id=11,GET /cart?product_id=11,/products,GET,id=11,,returner,tablet,19,False
123,3,GET /cart?product_id=11,GET /home,/cart,GET,product_id=11,,returner,tablet,19,False
123,4,GET /home,END,/home,GET,,,returner,tablet,19,True
124,1,GET /products,GET /products?id=22,/products,GET,,,new_visitor,desktop,14,False
124,2,GET /products?id=22,GET /reviews?product_id=22,/products,GET,id=22,,new_visitor,desktop,14,False
124,3,GET /reviews?product_id=22,GET /products?id=105,/reviews,GET,product_id=22,,new_visitor,desktop,14,False
124,4,GET /products?id=105,GET /cart?product_id=105,/products,GET,id=105,,new_visitor,desktop,14,False
124,5,GET /cart?product_id=105,END,/cart,GET,product_id=105,,new_visitor,desktop,14,True
125,1,GET /products,GET /products?id=55,/products,GET,,,indecisive,tablet,19,False
125,2,GET /products?id=55,GET /reviews?product_id=55,/products,GET,id=55,,indecisive,tablet,19,False
125,3,GET /reviews?product_id=55,END,/reviews,GET,product_id=55,,indecisive,tablet,19,True
126,1,GET /products/filter,"POST /products/filter  body={""gender"":""female"",""category"":""dress"",""price"":""mid""}",/products/filter,GET,,,buyer,tablet,6,False
126,2,"POST /products/filter  body={""gender"":""female"",""category"":""dress"",""price"":""mid""}",GET /products?id=73,/products/filter,POST,,"{""gender"":""female"",""category"":""dress"",""price"":""mid""}",buyer,tablet,6,False
126,3,GET /products?id=73,GET /cart?product_id=73,/products,GET,id=73,,buyer,tablet,6,False
126,4,GET /cart?product_id=73,END,/cart,GET,product_id=73,,buyer,tablet,6,True
127,1,GET /products,GET /products?id=110,/products,GET,,,new_visitor,mobile,5,False
127,2,GET /products?id=110,GET /cart?product_id=110,/products,GET,id=110,,new_visitor,mobile,5,False
127,3,GET /cart?product_id=110,END,/cart,GET,product_id=110,,new_visitor,mobile,5,True
128,1,GET /products/filter,"POST /products/filter  body={""gender"":""unisex"",""category"":""shirt""}",/products/filter,GET,,,returner,desktop,1,False
128,2,"POST /products/filter  body={""gender"":""unisex"",""category"":""shirt""}",GET /products?id=47,/products/filter,POST,,"{""gender"":""unisex"",""category"":""shirt""}",returner,desktop,1,False
128,3,GET /products?id=47,GET /cart?product_id=47,/products,GET,id=47,,returner,desktop,1,False
128,4,GET /cart?product_id=47,END,/cart,GET,product_id=47,,returner,desktop,1,True
129,1,GET /products,GET /products?id=105,/products,GET,,,buyer,desktop,20,False
129,2,GET /products?id=105,GET /products?id=55,/products,GET,id=105,,buyer,desktop,20,False
129,3,GET /products?id=55,GET /cart?product_id=55,/products,GET,id=55,,buyer,desktop,20,False
129,4,GET /cart?product_id=55,END,/cart,GET,product_id=55,,buyer,desktop,20,True
130,1,GET /products,GET /products?id=73,/products,GET,,,buyer,desktop,4,False
130,2,GET /products?id=73,GET /reviews?product_id=73,/products,GET,id=73,,buyer,desktop,4,False
130,3,GET /reviews?product_id=73,END,/reviews,GET,product_id=73,,buyer,desktop,4,True
131,1,GET /products,GET /products?id=110,/products,GET,,,new_visitor,tablet,18,False
131,2,GET /products?id=110,GET /reviews?product_id=110,/products,GET,id=110,,new_visitor,tablet,18,False
131,3,GET /reviews?product_id=110,GET /products?id=55,/reviews,GET,product_id=110,,new_visitor,tablet,18,False
131,4,GET /products?id=55,GET /cart?product_id=55,/products,GET,id=55,,new_visitor,tablet,18,False
131,5,GET /cart?product_id=55,END,/cart,GET,product_id=55,,new_visitor,tablet,18,True
132,1,GET /products,GET /products?id=15,/products,GET,,,returner,tablet,9,False
132,2,GET /products?id=15,"POST /wishlist?product_id=15  body={""product_id"": 15}",/products,GET,id=15,,returner,tablet,9,False
132,3,"POST /wishlist?product_id=15  body={""product_id"": 15}",GET /cart?product_id=15,/wishlist,POST,product_id=15,"{""product_id"": 15}",returner,tablet,9,False
132,4,GET /cart?product_id=15,END,/cart,GET,product_id=15,,returner,tablet,9,True
133,1,GET /search?q=sunglasses,GET /products?id=44,/search,GET,q=sunglasses,,new_visitor,tablet,15,False
133,2,GET /products?id=44,GET /cart?product_id=44,/products,GET,id=44,,new_visitor,tablet,15,False
133,3,GET /cart?product_id=44,END,/cart,GET,product_id=44,,new_visitor,tablet,15,True
134,1,GET /products,GET /products?id=47,/products,GET,,,returner,tablet,10,False
134,2,GET /products?id=47,GET /products?id=11,/products,GET,id=47,,returner,tablet,10,False
134,3,GET /products?id=11,GET /reviews?product_id=11,/products,GET,id=11,,returner,tablet,10,False
134,4,GET /reviews?product_id=11,END,/reviews,GET,product_id=11,,returner,tablet,10,True
135,1,GET /products?id=15,GET /cart?product_id=15,/products,GET,id=15,,new_visitor,tablet,0,False
135,2,GET /cart?product_id=15,END,/cart,GET,product_id=15,,new_visitor,tablet,0,True
136,1,GET /products,GET /products?id=15,/products,GET,,,buyer,desktop,16,False
136,2,GET /products?id=15,GET /reviews?product_id=15,/products,GET,id=15,,buyer,desktop,16,False
136,3,GET /reviews?product_id=15,GET /products?id=15,/reviews,GET,product_id=15,,buyer,desktop,16,False
136,4,GET /products?id=15,GET /cart?product_id=15,/products,GET,id=15,,buyer,desktop,16,False
136,5,GET /cart?product_id=15,END,/cart,GET,product_id=15,,buyer,desktop,16,True
137,1,GET /products,GET /products?id=47,/products,GET,,,buyer,tablet,13,False
137,2,GET /products?id=47,GET /products?id=120,/products,GET,id=47,,buyer,tablet,13,False
137,3,GET /products?id=120,GET /products?id=39,/products,GET,id=120,,buyer,tablet,13,False
137,4,GET /products?id=39,GET /cart?product_id=39,/products,GET,id=39,,buyer,tablet,13,False
137,5,GET /cart?product_id=39,END,/cart,GET,product_id=39,,buyer,tablet,13,True
138,1,GET /products,GET /products?id=105,/products,GET,,,indecisive,tablet,3,False
138,2,GET /products?id=105,GET /products?id=120,/products,GET,id=105,,indecisive,tablet,3,False
138,3,GET /products?id=120,GET /products?id=22,/products,GET,id=120,,indecisive,tablet,3,False
138,4,GET /products?id=22,GET /products?id=101,/products,GET,id=22,,indecisive,tablet,3,False
138,5,GET /products?id=101,GET /products?id=44,/products,GET,id=101,,indecisive,tablet,3,False
138,6,GET /products?id=44,GET /cart?product_id=44,/products,GET,id=44,,indecisive,tablet,3,False
138,7,GET /cart?product_id=44,END,/cart,GET,product_id=44,,indecisive,tablet,3,True
139,1,GET /products,GET /products?id=105,/products,GET,,,new_visitor,mobile,21,False
139,2,GET /products?id=105,GET /products?id=44,/products,GET,id=105,,new_visitor,mobile,21,False
139,3,GET /products?id=44,GET /reviews?product_id=44,/products,GET,id=44,,new_visitor,mobile,21,False
139,4,GET /reviews?product_id=44,GET /products?id=88,/reviews,GET,product_id=44,,new_visitor,mobile,21,False
139,5,GET /products?id=88,GET /products?id=39,/products,GET,id=88,,new_visitor,mobile,21,False
139,6,GET /products?id=39,GET /products?id=120,/products,GET,id=39,,new_visitor,mobile,21,False
139,7,GET /products?id=120,GET /products?id=110,/products,GET,id=120,,new_visitor,mobile,21,False
139,8,GET /products?id=110,GET /cart?product_id=110,/products,GET,id=110,,new_visitor,mobile,21,False
139,9,GET /cart?product_id=110,END,/cart,GET,product_id=110,,new_visitor,mobile,21,True
140,1,GET /products,GET /products?id=73,/products,GET,,,browser,mobile,20,False
140,2,GET /products?id=73,GET /products?id=22,/products,GET,id=73,,browser,mobile,20,False
140,3,GET /products?id=22,GET /cart?product_id=22,/products,GET,id=22,,browser,mobile,20,False
140,4,GET /cart?product_id=22,END,/cart,GET,product_id=22,,browser,mobile,20,True
141,1,GET /products/filter,"POST /products/filter  body={""gender"":""female"",""category"":""sneakers"",""price"":""low""}",/products/filter,GET,,,new_visitor,desktop,2,False
141,2,"POST /products/filter  body={""gender"":""female"",""category"":""sneakers"",""price"":""low""}",GET /products?id=61,/products/filter,POST,,"{""gender"":""female"",""category"":""sneakers"",""price"":""low""}",new_visitor,desktop,2,False
141,3,GET /products?id=61,GET /cart?product_id=61,/products,GET,id=61,,new_visitor,desktop,2,False
141,4,GET /cart?product_id=61,END,/cart,GET,product_id=61,,new_visitor,desktop,2,True
142,1,GET /home,GET /category?type=men,/home,GET,,,returner,tablet,9,False
142,2,GET /category?type=men,GET /products?id=33,/category,GET,type=men,,returner,tablet,9,False
142,3,GET /products?id=33,GET /cart?product_id=33,/products,GET,id=33,,returner,tablet,9,False
142,4,GET /cart?product_id=33,END,/cart,GET,product_id=33,,returner,tablet,9,True
143,1,GET /search?q=running shoes,GET /products?id=101,/search,GET,q=running shoes,,returner,desktop,7,False
143,2,GET /products?id=101,GET /cart?product_id=101,/products,GET,id=101,,returner,desktop,7,False
143,3,GET /cart?product_id=101,END,/cart,GET,product_id=101,,returner,desktop,7,True
144,1,GET /products,GET /products?id=61,/products,GET,,,buyer,tablet,16,False
144,2,GET /products?id=61,GET /cart?product_id=61,/products,GET,id=61,,buyer,tablet,16,False
144,3,GET /cart?product_id=61,GET /checkout,/cart,GET,product_id=61,,buyer,tablet,16,False
144,4,GET /checkout,"POST /payment  body={""amount"": 49.99, ""method"": ""card""}",/checkout,GET,,,buyer,tablet,16,False
144,5,"POST /payment  body={""amount"": 49.99, ""method"": ""card""}",END,/payment,POST,,"{""amount"": 49.99, ""method"": ""card""}",buyer,tablet,16,True
145,1,GET /products/filter,"POST /products/filter  body={""gender"":""male"",""category"":""skirt""}",/products/filter,GET,,,browser,desktop,13,False
145,2,"POST /products/filter  body={""gender"":""male"",""category"":""skirt""}",GET /products?id=22,/products/filter,POST,,"{""gender"":""male"",""category"":""skirt""}",browser,desktop,13,False
145,3,GET /products?id=22,GET /reviews?product_id=22,/products,GET,id=22,,browser,desktop,13,False
145,4,GET /reviews?product_id=22,END,/reviews,GET,product_id=22,,browser,desktop,13,True
146,1,GET /products?id=120,GET /reviews?product_id=120,/products,GET,id=120,,indecisive,tablet,18,False
146,2,GET /reviews?product_id=120,END,/reviews,GET,product_id=120,,indecisive,tablet,18,True
147,1,GET /products/filter,"POST /products/filter  body={""gender"":""male"",""category"":""sneakers""}",/products/filter,GET,,,returner,tablet,15,False
147,2,"POST /products/filter  body={""gender"":""male"",""category"":""sneakers""}",GET /products?id=33,/products/filter,POST,,"{""gender"":""male"",""category"":""sneakers""}",returner,tablet,15,False
147,3,GET /products?id=33,GET /reviews?product_id=33,/products,GET,id=33,,returner,tablet,15,False
147,4,GET /reviews?product_id=33,END,/reviews,GET,product_id=33,,returner,tablet,15,True
148,1,GET /home,GET /category?type=women,/home,GET,,,buyer,tablet,7,False
148,2,GET /category?type=women,GET /products?id=88,/category,GET,type=women,,buyer,tablet,7,False
148,3,GET /products?id=88,GET /cart?product_id=88,/products,GET,id=88,,buyer,tablet,7,False
148,4,GET /cart?product_id=88,END,/cart,GET,product_id=88,,buyer,tablet,7,True
149,1,GET /products,GET /products?id=101,/products,GET,,,returner,mobile,10,False
149,2,GET /products?id=101,GET /cart?product_id=101,/products,GET,id=101,,returner,mobile,10,False
149,3,GET /cart?product_id=101,GET /checkout,/cart,GET,product_id=101,,returner,mobile,10,False
149,4,GET /checkout,"POST /payment  body={""amount"": 49.99, ""method"": ""card""}",/checkout,GET,,,returner,mobile,10,False
149,5,"POST /payment  body={""amount"": 49.99, ""method"": ""card""}",END,/payment,POST,,"{""amount"": 49.99, ""method"": ""card""}",returner,mobile,10,True
150,1,GET /products?id=120,GET /reviews?product_id=120,/products,GET,id=120,,returner,tablet,20,False
150,2,GET /reviews?product_id=120,END,/reviews,GET,product_id=120,,returner,tablet,20,True
151,1,GET /products/filter,"POST /products/filter  body={""gender"":""female"",""category"":""sneakers""}",/products/filter,GET,,,buyer,tablet,18,False
151,2,"POST /products/filter  body={""gender"":""female"",""category"":""sneakers""}",GET /products?id=55,/products/filter,POST,,"{""gender"":""female"",""category"":""sneakers""}",buyer,tablet,18,False
151,3,GET /products?id=55,GET /reviews?product_id=55,/products,GET,id=55,,buyer,tablet,18,False
151,4,GET /reviews?product_id=55,END,/reviews,GET,product_id=55,,buyer,tablet,18,True
152,1,GET /products,GET /products?id=105,/products,GET,,,new_visitor,desktop,0,False
152,2,GET /products?id=105,"POST /wishlist?product_id=105  body={""product_id"": 105}",/products,GET,id=105,,new_visitor,desktop,0,False
152,3,"POST /wishlist?product_id=105  body={""product_id"": 105}",GET /cart?product_id=105,/wishlist,POST,product_id=105,"{""product_id"": 105}",new_visitor,desktop,0,False
152,4,GET /cart?product_id=105,END,/cart,GET,product_id=105,,new_visitor,desktop,0,True
153,1,GET /products,GET /products?id=15,/products,GET,,,buyer,mobile,15,False
153,2,GET /products?id=15,GET /cart?product_id=15,/products,GET,id=15,,buyer,mobile,15,False
153,3,GET /cart?product_id=15,GET /checkout,/cart,GET,product_id=15,,buyer,mobile,15,False
153,4,GET /checkout,"POST /payment  body={""amount"": 49.99, ""method"": ""card""}",/checkout,GET,,,buyer,mobile,15,False
153,5,"POST /payment  body={""amount"": 49.99, ""method"": ""card""}",END,/payment,POST,,"{""amount"": 49.99, ""method"": ""card""}",buyer,mobile,15,True
154,1,GET /search?q=summer skirt,GET /products?id=33,/search,GET,q=summer skirt,,indecisive,tablet,22,False
154,2,GET /products?id=33,GET /cart?product_id=33,/products,GET,id=33,,indecisive,tablet,22,False
154,3,GET /cart?product_id=33,END,/cart,GET,product_id=33,,indecisive,tablet,22,True
155,1,GET /products,GET /products?id=44,/products,GET,,,new_visitor,desktop,10,False
155,2,GET /products?id=44,GET /products?id=47,/products,GET,id=44,,new_visitor,desktop,10,False
155,3,GET /products?id=47,GET /products?id=11,/products,GET,id=47,,new_visitor,desktop,10,False
155,4,GET /products?id=11,GET /cart?product_id=11,/products,GET,id=11,,new_visitor,desktop,10,False
155,5,GET /cart?product_id=11,END,/cart,GET,product_id=11,,new_visitor,desktop,10,True
156,1,GET /products,GET /products?id=55,/products,GET,,,indecisive,mobile,23,False
156,2,GET /products?id=55,GET /reviews?product_id=55,/products,GET,id=55,,indecisive,mobile,23,False
156,3,GET /reviews?product_id=55,END,/reviews,GET,product_id=55,,indecisive,mobile,23,True
157,1,GET /products,GET /products?id=42,/products,GET,,,browser,desktop,5,False
157,2,GET /products?id=42,"POST /wishlist?product_id=42  body={""product_id"": 42}",/products,GET,id=42,,browser,desktop,5,False
157,3,"POST /wishlist?product_id=42  body={""product_id"": 42}",GET /cart?product_id=42,/wishlist,POST,product_id=42,"{""product_id"": 42}",browser,desktop,5,False
157,4,GET /cart?product_id=42,END,/cart,GET,product_id=42,,browser,desktop,5,True
158,1,GET /products/filter,"POST /products/filter  body={""gender"":""male"",""category"":""sneakers"",""price"":""mid""}",/products/filter,GET,,,browser,desktop,1,False
158,2,"POST /products/filter  body={""gender"":""male"",""category"":""sneakers"",""price"":""mid""}",GET /products?id=11,/products/filter,POST,,"{""gender"":""male"",""category"":""sneakers"",""price"":""mid""}",browser,desktop,1,False
158,3,GET /products?id=11,GET /cart?product_id=11,/products,GET,id=11,,browser,desktop,1,False
158,4,GET /cart?product_id=11,END,/cart,GET,product_id=11,,browser,desktop,1,True
159,1,GET /products,GET /products?id=73,/products,GET,,,new_visitor,desktop,18,False
159,2,GET /products?id=73,GET /reviews?product_id=73,/products,GET,id=73,,new_visitor,desktop,18,False
159,3,GET /reviews?product_id=73,GET /products?id=73,/reviews,GET,product_id=73,,new_visitor,desktop,18,False
159,4,GET /products?id=73,GET /cart?product_id=73,/products,GET,id=73,,new_visitor,desktop,18,False
159,5,GET /cart?product_id=73,END,/cart,GET,product_id=73,,new_visitor,desktop,18,True
160,1,GET /products,GET /products?id=11,/products,GET,,,buyer,mobile,2,False
160,2,GET /products?id=11,GET /products?id=120,/products,GET,id=11,,buyer,mobile,2,False
160,3,GET /products?id=120,GET /products?id=61,/products,GET,id=120,,buyer,mobile,2,False
160,4,GET /products?id=61,GET /cart?product_id=61,/products,GET,id=61,,buyer,mobile,2,False
160,5,GET /cart?product_id=61,END,/cart,GET,product_id=61,,buyer,mobile,2,True
161,1,GET /products,GET /products?id=110,/products,GET,,,indecisive,desktop,8,False
161,2,GET /products?id=110,GET /reviews?product_id=110,/products,GET,id=110,,indecisive,desktop,8,False
161,3,GET /reviews?product_id=110,GET /products?id=110,/reviews,GET,product_id=110,,indecisive,desktop,8,False
161,4,GET /products?id=110,GET /cart?product_id=110,/products,GET,id=110,,indecisive,desktop,8,False
161,5,GET /cart?product_id=110,END,/cart,GET,product_id=110,,indecisive,desktop,8,True
162,1,GET /products,GET /products?id=110,/products,GET,,,indecisive,tablet,17,False
162,2,GET /products?id=110,GET /reviews?product_id=110,/products,GET,id=110,,indecisive,tablet,17,False
162,3,GET /reviews?product_id=110,END,/reviews,GET,product_id=110,,indecisive,tablet,17,True
163,1,GET /products?id=15,GET /cart?product_id=15,/products,GET,id=15,,new_visitor,desktop,20,False
163,2,GET /cart?product_id=15,END,/cart,GET,product_id=15,,new_visitor,desktop,20,True
164,1,GET /products/filter,"POST /products/filter  body={""gender"":""female"",""category"":""skirt"",""price"":""high""}",/products/filter,GET,,,indecisive,mobile,12,False
164,2,"POST /products/filter  body={""gender"":""female"",""category"":""skirt"",""price"":""high""}",GET /products,/products/filter,POST,,"{""gender"":""female"",""category"":""skirt"",""price"":""high""}",indecisive,mobile,12,False
164,3,GET /products,"POST /products/filter  body={""gender"":""female"",""category"":""skirt""}",/products,GET,,,indecisive,mobile,12,False
164,4,"POST /products/filter  body={""gender"":""female"",""category"":""skirt""}",GET /products?id=101,/products/filter,POST,,"{""gender"":""female"",""category"":""skirt""}",indecisive,mobile,12,False
164,5,GET /products?id=101,GET /cart?product_id=101,/products,GET,id=101,,indecisive,mobile,12,False
164,6,GET /cart?product_id=101,END,/cart,GET,product_id=101,,indecisive,mobile,12,True
165,1,GET /products/filter,"POST /products/filter  body={""gender"":""unisex"",""category"":""shirt"",""price"":""low""}",/products/filter,GET,,,new_visitor,desktop,18,False
165,2,"POST /products/filter  body={""gender"":""unisex"",""category"":""shirt"",""price"":""low""}",GET /products?id=101,/products/filter,POST,,"{""gender"":""unisex"",""category"":""shirt"",""price"":""low""}",new_visitor,desktop,18,False
165,3,GET /products?id=101,GET /cart?product_id=101,/products,GET,id=101,,new_visitor,desktop,18,False
165,4,GET /cart?product_id=101,END,/cart,GET,product_id=101,,new_visitor,desktop,18,True
166,1,GET /products,GET /products?id=120,/products,GET,,,indecisive,mobile,18,False
166,2,GET /products?id=120,GET /products?id=22,/products,GET,id=120,,indecisive,mobile,18,False
166,3,GET /products?id=22,GET /products?id=11,/products,GET,id=22,,indecisive,mobile,18,False
166,4,GET /products?id=11,GET /cart?product_id=11,/products,GET,id=11,,indecisive,mobile,18,False
166,5,GET /cart?product_id=11,END,/cart,GET,product_id=11,,indecisive,mobile,18,True
167,1,GET /products,GET /products?id=61,/products,GET,,,new_visitor,desktop,21,False
167,2,GET /products?id=61,GET /cart?product_id=61,/products,GET,id=61,,new_visitor,desktop,21,False
167,3,GET /cart?product_id=61,GET /checkout,/cart,GET,product_id=61,,new_visitor,desktop,21,False
167,4,GET /checkout,"POST /payment  body={""amount"": 49.99, ""method"": ""card""}",/checkout,GET,,,new_visitor,desktop,21,False
167,5,"POST /payment  body={""amount"": 49.99, ""method"": ""card""}",END,/payment,POST,,"{""amount"": 49.99, ""method"": ""card""}",new_visitor,desktop,21,True
168,1,GET /products,GET /products?id=110,/products,GET,,,browser,tablet,20,False
168,2,GET /products?id=110,GET /cart?product_id=110,/products,GET,id=110,,browser,tablet,20,False
168,3,GET /cart?product_id=110,END,/cart,GET,product_id=110,,browser,tablet,20,True
169,1,GET /products,GET /products?id=22,/products,GET,,,indecisive,tablet,4,False
169,2,GET /products?id=22,GET /cart?product_id=22,/products,GET,id=22,,indecisive,tablet,4,False
169,3,GET /cart?product_id=22,END,/cart,GET,product_id=22,,indecisive,tablet,4,True
170,1,GET /products,GET /products?id=39,/products,GET,,,returner,mobile,6,False
170,2,GET /products?id=39,GET /cart?product_id=39,/products,GET,id=39,,returner,mobile,6,False
170,3,GET /cart?product_id=39,END,/cart,GET,product_id=39,,returner,mobile,6,True
171,1,GET /products,GET /products?id=120,/products,GET,,,indecisive,mobile,8,False
171,2,GET /products?id=120,GET /reviews?product_id=120,/products,GET,id=120,,indecisive,mobile,8,False
171,3,GET /reviews?product_id=120,GET /products?id=22,/reviews,GET,product_id=120,,indecisive,mobile,8,False
171,4,GET /products?id=22,GET /cart?product_id=22,/products,GET,id=22,,indecisive,mobile,8,False
171,5,GET /cart?product_id=22,END,/cart,GET,product_id=22,,indecisive,mobile,8,True
172,1,GET /products?id=61,GET /reviews?product_id=61,/products,GET,id=61,,indecisive,mobile,14,False
172,2,GET /reviews?product_id=61,END,/reviews,GET,product_id=61,,indecisive,mobile,14,True
173,1,GET /products,GET /products?id=101,/products,GET,,,buyer,tablet,23,False
173,2,GET /products?id=101,GET /reviews?product_id=101,/products,GET,id=101,,buyer,tablet,23,False
173,3,GET /reviews?product_id=101,GET /products?id=101,/reviews,GET,product_id=101,,buyer,tablet,23,False
173,4,GET /products?id=101,GET /cart?product_id=101,/products,GET,id=101,,buyer,tablet,23,False
173,5,GET /cart?product_id=101,END,/cart,GET,product_id=101,,buyer,tablet,23,True
174,1,GET /products,GET /products?id=42,/products,GET,,,new_visitor,desktop,2,False
174,2,GET /products?id=42,GET /cart?product_id=42,/products,GET,id=42,,new_visitor,desktop,2,False
174,3,GET /cart?product_id=42,GET /home,/cart,GET,product_id=42,,new_visitor,desktop,2,False
174,4,GET /home,END,/home,GET,,,new_visitor,desktop,2,True
175,1,GET /search?q=men watch,GET /products?id=101,/search,GET,q=men watch,,indecisive,tablet,3,False
175,2,GET /products?id=101,GET /cart?product_id=101,/products,GET,id=101,,indecisive,tablet,3,False
175,3,GET /cart?product_id=101,END,/cart,GET,product_id=101,,indecisive,tablet,3,True
176,1,GET /products/filter,"POST /products/filter  body={""gender"":""female"",""category"":""watch""}",/products/filter,GET,,,indecisive,mobile,21,False
176,2,"POST /products/filter  body={""gender"":""female"",""category"":""watch""}",GET /products?id=33,/products/filter,POST,,"{""gender"":""female"",""category"":""watch""}",indecisive,mobile,21,False
176,3,GET /products?id=33,GET /cart?product_id=33,/products,GET,id=33,,indecisive,mobile,21,False
176,4,GET /cart?product_id=33,END,/cart,GET,product_id=33,,indecisive,mobile,21,True
177,1,GET /products,GET /products?id=110,/products,GET,,,new_visitor,mobile,20,False
177,2,GET /products?id=110,GET /reviews?product_id=110,/products,GET,id=110,,new_visitor,mobile,20,False
177,3,GET /reviews?product_id=110,END,/reviews,GET,product_id=110,,new_visitor,mobile,20,True
178,1,GET /products,GET /products?id=44,/products,GET,,,indecisive,tablet,13,False
178,2,GET /products?id=44,GET /reviews?product_id=44,/products,GET,id=44,,indecisive,tablet,13,False
178,3,GET /reviews?product_id=44,END,/reviews,GET,product_id=44,,indecisive,tablet,13,True
179,1,GET /products,GET /products?id=61,/products,GET,,,indecisive,desktop,3,False
179,2,GET /products?id=61,GET /cart?product_id=61,/products,GET,id=61,,indecisive,desktop,3,False
179,3,GET /cart?product_id=61,END,/cart,GET,product_id=61,,indecisive,desktop,3,True
180,1,GET /products,GET /products?id=105,/products,GET,,,indecisive,tablet,23,False
180,2,GET /products?id=105,"POST /wishlist?product_id=105  body={""product_id"": 105}",/products,GET,id=105,,indecisive,tablet,23,False
180,3,"POST /wishlist?product_id=105  body={""product_id"": 105}",GET /cart?product_id=105,/wishlist,POST,product_id=105,"{""product_id"": 105}",indecisive,tablet,23,False
180,4,GET /cart?product_id=105,END,/cart,GET,product_id=105,,indecisive,tablet,23,True
181,1,GET /products,GET /products?id=105,/products,GET,,,new_visitor,tablet,23,False
181,2,GET /products?id=105,GET /cart?product_id=105,/products,GET,id=105,,new_visitor,tablet,23,False
181,3,GET /cart?product_id=105,END,/cart,GET,product_id=105,,new_visitor,tablet,23,True
182,1,GET /products?id=15,GET /cart?product_id=15,/products,GET,id=15,,returner,tablet,13,False
182,2,GET /cart?product_id=15,END,/cart,GET,product_id=15,,returner,tablet,13,True
183,1,GET /search?q=leather bag,GET /products?id=39,/search,GET,q=leather bag,,indecisive,mobile,14,False
183,2,GET /products?id=39,GET /cart?product_id=39,/products,GET,id=39,,indecisive,mobile,14,False
183,3,GET /cart?product_id=39,END,/cart,GET,product_id=39,,indecisive,mobile,14,True
184,1,GET /home,GET /category?type=accessories,/home,GET,,,browser,tablet,11,False
184,2,GET /category?type=accessories,GET /products?id=110,/category,GET,type=accessories,,browser,tablet,11,False
184,3,GET /products?id=110,GET /cart?product_id=110,/products,GET,id=110,,browser,tablet,11,False
184,4,GET /cart?product_id=110,END,/cart,GET,product_id=110,,browser,tablet,11,True
185,1,GET /products,GET /products?id=55,/products,GET,,,browser,desktop,8,False
185,2,GET /products?id=55,GET /reviews?product_id=55,/products,GET,id=55,,browser,desktop,8,False
185,3,GET /reviews?product_id=55,END,/reviews,GET,product_id=55,,browser,desktop,8,True
186,1,GET /products/filter,"POST /products/filter  body={""gender"":""unisex"",""category"":""watch"",""price"":""low""}",/products/filter,GET,,,returner,mobile,21,False
186,2,"POST /products/filter  body={""gender"":""unisex"",""category"":""watch"",""price"":""low""}",GET /products?id=44,/products/filter,POST,,"{""gender"":""unisex"",""category"":""watch"",""price"":""low""}",returner,mobile,21,False
186,3,GET /products?id=44,GET /cart?product_id=44,/products,GET,id=44,,returner,mobile,21,False
186,4,GET /cart?product_id=44,END,/cart,GET,product_id=44,,returner,mobile,21,True
187,1,GET /products,GET /products?id=88,/products,GET,,,indecisive,mobile,4,False
187,2,GET /products?id=88,GET /cart?product_id=88,/products,GET,id=88,,indecisive,mobile,4,False
187,3,GET /cart?product_id=88,GET /home,/cart,GET,product_id=88,,indecisive,mobile,4,False
187,4,GET /home,END,/home,GET,,,indecisive,mobile,4,True
188,1,GET /products,GET /products?id=33,/products,GET,,,browser,tablet,6,False
188,2,GET /products?id=33,GET /products?id=61,/products,GET,id=33,,browser,tablet,6,False
188,3,GET /products?id=61,GET /reviews?product_id=61,/products,GET,id=61,,browser,tablet,6,False
188,4,GET /reviews?product_id=61,END,/reviews,GET,product_id=61,,browser,tablet,6,True
189,1,GET /products,GET /products?id=61,/products,GET,,,new_visitor,mobile,8,False
189,2,GET /products?id=61,GET /products?id=15,/products,GET,id=61,,new_visitor,mobile,8,False
189,3,GET /products?id=15,GET /reviews?product_id=15,/products,GET,id=15,,new_visitor,mobile,8,False
189,4,GET /reviews?product_id=15,GET /products?id=73,/reviews,GET,product_id=15,,new_visitor,mobile,8,False
189,5,GET /products?id=73,GET /reviews?product_id=73,/products,GET,id=73,,new_visitor,mobile,8,False
189,6,GET /reviews?product_id=73,GET /products?id=55,/reviews,GET,product_id=73,,new_visitor,mobile,8,False
189,7,GET /products?id=55,GET /cart?product_id=55,/products,GET,id=55,,new_visitor,mobile,8,False
189,8,GET /cart?product_id=55,END,/cart,GET,product_id=55,,new_visitor,mobile,8,True
190,1,GET /products,GET /products?id=15,/products,GET,,,buyer,tablet,10,False
190,2,GET /products?id=15,GET /cart?product_id=15,/products,GET,id=15,,buyer,tablet,10,False
190,3,GET /cart?product_id=15,END,/cart,GET,product_id=15,,buyer,tablet,10,True
191,1,GET /products,GET /products?id=120,/products,GET,,,returner,tablet,3,False
191,2,GET /products?id=120,GET /cart?product_id=120,/products,GET,id=120,,returner,tablet,3,False
191,3,GET /cart?product_id=120,GET /checkout,/cart,GET,product_id=120,,returner,tablet,3,False
191,4,GET /checkout,"POST /payment  body={""amount"": 49.99, ""method"": ""card""}",/checkout,GET,,,returner,tablet,3,False
191,5,"POST /payment  body={""amount"": 49.99, ""method"": ""card""}",END,/payment,POST,,"{""amount"": 49.99, ""method"": ""card""}",returner,tablet,3,True
192,1,GET /products,GET /products?id=11,/products,GET,,,returner,desktop,16,False
192,2,GET /products?id=11,GET /products?id=44,/products,GET,id=11,,returner,desktop,16,False
192,3,GET /products?id=44,GET /products?id=22,/products,GET,id=44,,returner,desktop,16,False
192,4,GET /products?id=22,GET /cart?product_id=22,/products,GET,id=22,,returner,desktop,16,False
192,5,GET /cart?product_id=22,END,/cart,GET,product_id=22,,returner,desktop,16,True
193,1,GET /products/filter,"POST /products/filter  body={""gender"":""male"",""category"":""watch"",""price"":""high""}",/products/filter,GET,,,browser,mobile,15,False
193,2,"POST /products/filter  body={""gender"":""male"",""category"":""watch"",""price"":""high""}",GET /products,/products/filter,POST,,"{""gender"":""male"",""category"":""watch"",""price"":""high""}",browser,mobile,15,False
193,3,GET /products,"POST /products/filter  body={""gender"":""male"",""category"":""watch""}",/products,GET,,,browser,mobile,15,False
193,4,"POST /products/filter  body={""gender"":""male"",""category"":""watch""}",GET /products?id=55,/products/filter,POST,,"{""gender"":""male"",""category"":""watch""}",browser,mobile,15,False
193,5,GET /products?id=55,GET /cart?product_id=55,/products,GET,id=55,,browser,mobile,15,False
193,6,GET /cart?product_id=55,END,/cart,GET,product_id=55,,browser,mobile,15,True
194,1,GET /products,GET /products?id=47,/products,GET,,,returner,tablet,14,False
194,2,GET /products?id=47,GET /cart?product_id=47,/products,GET,id=47,,returner,tablet,14,False
194,3,GET /cart?product_id=47,END,/cart,GET,product_id=47,,returner,tablet,14,True
195,1,GET /products/filter,"POST /products/filter  body={""gender"":""unisex"",""category"":""watch""}",/products/filter,GET,,,buyer,mobile,4,False
195,2,"POST /products/filter  body={""gender"":""unisex"",""category"":""watch""}",GET /products?id=33,/products/filter,POST,,"{""gender"":""unisex"",""category"":""watch""}",buyer,mobile,4,False
195,3,GET /products?id=33,GET /cart?product_id=33,/products,GET,id=33,,buyer,mobile,4,False
195,4,GET /cart?product_id=33,END,/cart,GET,product_id=33,,buyer,mobile,4,True
196,1,GET /products/filter,"POST /products/filter  body={""gender"":""unisex"",""category"":""watch""}",/products/filter,GET,,,returner,tablet,16,False
196,2,"POST /products/filter  body={""gender"":""unisex"",""category"":""watch""}",GET /products?id=55,/products/filter,POST,,"{""gender"":""unisex"",""category"":""watch""}",returner,tablet,16,False
196,3,GET /products?id=55,GET /cart?product_id=55,/products,GET,id=55,,returner,tablet,16,False
196,4,GET /cart?product_id=55,END,/cart,GET,product_id=55,,returner,tablet,16,True
197,1,GET /products,GET /products?id=105,/products,GET,,,browser,tablet,20,False
197,2,GET /products?id=105,GET /products?id=110,/products,GET,id=105,,browser,tablet,20,False
197,3,GET /products?id=110,GET /products?id=11,/products,GET,id=110,,browser,tablet,20,False
197,4,GET /products?id=11,GET /products?id=105,/products,GET,id=11,,browser,tablet,20,False
197,5,GET /products?id=105,GET /reviews?product_id=105,/products,GET,id=105,,browser,tablet,20,False
197,6,GET /reviews?product_id=105,GET /cart?product_id=105,/reviews,GET,product_id=105,,browser,tablet,20,False
197,7,GET /cart?product_id=105,END,/cart,GET,product_id=105,,browser,tablet,20,True
198,1,GET /products/filter,"POST /products/filter  body={""gender"":""female"",""category"":""sneakers"",""price"":""low""}",/products/filter,GET,,,returner,desktop,21,False
198,2,"POST /products/filter  body={""gender"":""female"",""category"":""sneakers"",""price"":""low""}",GET /products?id=47,/products/filter,POST,,"{""gender"":""female"",""category"":""sneakers"",""price"":""low""}",returner,desktop,21,False
198,3,GET /products?id=47,GET /cart?product_id=47,/products,GET,id=47,,returner,desktop,21,False
198,4,GET /cart?product_id=47,END,/cart,GET,product_id=47,,returner,desktop,21,True
199,1,GET /products,GET /products?id=39,/products,GET,,,browser,mobile,13,False
199,2,GET /products?id=39,GET /reviews?product_id=39,/products,GET,id=39,,browser,mobile,13,False
199,3,GET /reviews?product_id=39,END,/reviews,GET,product_id=39,,browser,mobile,13,True
200,1,GET /products?id=33,GET /cart?product_id=33,/products,GET,id=33,,new_visitor,mobile,18,False
200,2,GET /cart?product_id=33,END,/cart,GET,product_id=33,,new_visitor,mobile,18,True
201,1,GET /products?id=105,GET /reviews?product_id=105,/products,GET,id=105,,returner,desktop,21,False
201,2,GET /reviews?product_id=105,END,/reviews,GET,product_id=105,,returner,desktop,21,True
202,1,GET /products/filter,"POST /products/filter  body={""gender"":""female"",""category"":""watch""}",/products/filter,GET,,,browser,desktop,19,False
202,2,"POST /products/filter  body={""gender"":""female"",""category"":""watch""}",GET /products?id=88,/products/filter,POST,,"{""gender"":""female"",""category"":""watch""}",browser,desktop,19,False
202,3,GET /products?id=88,GET /cart?product_id=88,/products,GET,id=88,,browser,desktop,19,False
202,4,GET /cart?product_id=88,END,/cart,GET,product_id=88,,browser,desktop,19,True
203,1,GET /products/filter,"POST /products/filter  body={""gender"":""female"",""category"":""shirt""}",/products/filter,GET,,,buyer,tablet,15,False
203,2,"POST /products/filter  body={""gender"":""female"",""category"":""shirt""}",GET /products?id=39,/products/filter,POST,,"{""gender"":""female"",""category"":""shirt""}",buyer,tablet,15,False
203,3,GET /products?id=39,GET /cart?product_id=39,/products,GET,id=39,,buyer,tablet,15,False
203,4,GET /cart?product_id=39,END,/cart,GET,product_id=39,,buyer,tablet,15,True
204,1,GET /products/filter,"POST /products/filter  body={""gender"":""male"",""category"":""watch""}",/products/filter,GET,,,browser,desktop,18,False
204,2,"POST /products/filter  body={""gender"":""male"",""category"":""watch""}",GET /products?id=42,/products/filter,POST,,"{""gender"":""male"",""category"":""watch""}",browser,desktop,18,False
204,3,GET /products?id=42,GET /cart?product_id=42,/products,GET,id=42,,browser,desktop,18,False
204,4,GET /cart?product_id=42,END,/cart,GET,product_id=42,,browser,desktop,18,True
205,1,GET /products/filter,"POST /products/filter  body={""gender"":""female"",""category"":""shirt"",""price"":""high""}",/products/filter,GET,,,new_visitor,tablet,22,False
205,2,"POST /products/filter  body={""gender"":""female"",""category"":""shirt"",""price"":""high""}",GET /products?id=33,/products/filter,POST,,"{""gender"":""female"",""category"":""shirt"",""price"":""high""}",new_visitor,tablet,22,False
205,3,GET /products?id=33,GET /cart?product_id=33,/products,GET,id=33,,new_visitor,tablet,22,False
205,4,GET /cart?product_id=33,END,/cart,GET,product_id=33,,new_visitor,tablet,22,True
206,1,GET /products,GET /products?id=47,/products,GET,,,indecisive,mobile,5,False
206,2,GET /products?id=47,GET /products?id=61,/products,GET,id=47,,indecisive,mobile,5,False
206,3,GET /products?id=61,GET /products?id=42,/products,GET,id=61,,indecisive,mobile,5,False
206,4,GET /products?id=42,GET /products?id=47,/products,GET,id=42,,indecisive,mobile,5,False
206,5,GET /products?id=47,GET /products?id=88,/products,GET,id=47,,indecisive,mobile,5,False
206,6,GET /products?id=88,GET /products?id=101,/products,GET,id=88,,indecisive,mobile,5,False
206,7,GET /products?id=101,GET /cart?product_id=101,/products,GET,id=101,,indecisive,mobile,5,False
206,8,GET /cart?product_id=101,END,/cart,GET,product_id=101,,indecisive,mobile,5,True
207,1,GET /products,GET /products?id=44,/products,GET,,,browser,mobile,4,False
207,2,GET /products?id=44,GET /cart?product_id=44,/products,GET,id=44,,browser,mobile,4,False
207,3,GET /cart?product_id=44,END,/cart,GET,product_id=44,,browser,mobile,4,True
208,1,GET /search?q=sunglasses,GET /products?id=110,/search,GET,q=sunglasses,,indecisive,desktop,21,False
208,2,GET /products?id=110,GET /cart?product_id=110,/products,GET,id=110,,indecisive,desktop,21,False
208,3,GET /cart?product_id=110,END,/cart,GET,product_id=110,,indecisive,desktop,21,True
209,1,GET /products,GET /products?id=55,/products,GET,,,returner,desktop,6,False
209,2,GET /products?id=55,GET /cart?product_id=55,/products,GET,id=55,,returner,desktop,6,False
209,3,GET /cart?product_id=55,GET /checkout,/cart,GET,product_id=55,,returner,desktop,6,False
209,4,GET /checkout,"POST /payment  body={""amount"": 49.99, ""method"": ""card""}",/checkout,GET,,,returner,desktop,6,False
209,5,"POST /payment  body={""amount"": 49.99, ""method"": ""card""}",END,/payment,POST,,"{""amount"": 49.99, ""method"": ""card""}",returner,desktop,6,True
210,1,GET /products/filter,"POST /products/filter  body={""gender"":""unisex"",""category"":""watch""}",/products/filter,GET,,,indecisive,desktop,3,False
210,2,"POST /products/filter  body={""gender"":""unisex"",""category"":""watch""}",GET /products?id=22,/products/filter,POST,,"{""gender"":""unisex"",""category"":""watch""}",indecisive,desktop,3,False
210,3,GET /products?id=22,GET /cart?product_id=22,/products,GET,id=22,,indecisive,desktop,3,False
210,4,GET /cart?product_id=22,END,/cart,GET,product_id=22,,indecisive,desktop,3,True
211,1,GET /products?id=44,GET /cart?product_id=44,/products,GET,id=44,,browser,mobile,12,False
211,2,GET /cart?product_id=44,END,/cart,GET,product_id=44,,browser,mobile,12,True
212,1,GET /products,GET /products?id=22,/products,GET,,,indecisive,mobile,4,False
212,2,GET /products?id=22,GET /cart?product_id=22,/products,GET,id=22,,indecisive,mobile,4,False
212,3,GET /cart?product_id=22,GET /checkout,/cart,GET,product_id=22,,indecisive,mobile,4,False
212,4,GET /checkout,"POST /payment  body={""amount"": 49.99, ""method"": ""card""}",/checkout,GET,,,indecisive,mobile,4,False
212,5,"POST /payment  body={""amount"": 49.99, ""method"": ""card""}",END,/payment,POST,,"{""amount"": 49.99, ""method"": ""card""}",indecisive,mobile,4,True
213,1,GET /search?q=heels,GET /products?id=73,/search,GET,q=heels,,indecisive,mobile,0,False
213,2,GET /products?id=73,GET /reviews?product_id=73,/products,GET,id=73,,indecisive,mobile,0,False
213,3,GET /reviews?product_id=73,END,/reviews,GET,product_id=73,,indecisive,mobile,0,True
214,1,GET /products,GET /products?id=39,/products,GET,,,buyer,desktop,17,False
214,2,GET /products?id=39,"POST /wishlist?product_id=39  body={""product_id"": 39}",/products,GET,id=39,,buyer,desktop,17,False
214,3,"POST /wishlist?product_id=39  body={""product_id"": 39}",GET /cart?product_id=39,/wishlist,POST,product_id=39,"{""product_id"": 39}",buyer,desktop,17,False
214,4,GET /cart?product_id=39,END,/cart,GET,product_id=39,,buyer,desktop,17,True
215,1,GET /products,GET /products?id=42,/products,GET,,,browser,desktop,23,False
215,2,GET /products?id=42,GET /cart?product_id=42,/products,GET,id=42,,browser,desktop,23,False
215,3,GET /cart?product_id=42,END,/cart,GET,product_id=42,,browser,desktop,23,True
216,1,GET /search?q=heels,GET /products?id=105,/search,GET,q=heels,,browser,desktop,18,False
216,2,GET /products?id=105,GET /cart?product_id=105,/products,GET,id=105,,browser,desktop,18,False
216,3,GET /cart?product_id=105,END,/cart,GET,product_id=105,,browser,desktop,18,True
217,1,GET /products,GET /products?id=33,/products,GET,,,indecisive,mobile,12,False
217,2,GET /products?id=33,GET /cart?product_id=33,/products,GET,id=33,,indecisive,mobile,12,False
217,3,GET /cart?product_id=33,END,/cart,GET,product_id=33,,indecisive,mobile,12,True
218,1,GET /products,GET /products?id=47,/products,GET,,,new_visitor,desktop,22,False
218,2,GET /products?id=47,GET /reviews?product_id=47,/products,GET,id=47,,new_visitor,desktop,22,False
218,3,GET /reviews?product_id=47,GET /products?id=44,/reviews,GET,product_id=47,,new_visitor,desktop,22,False
218,4,GET /products?id=44,GET /cart?product_id=44,/products,GET,id=44,,new_visitor,desktop,22,False
218,5,GET /cart?product_id=44,END,/cart,GET,product_id=44,,new_visitor,desktop,22,True
219,1,GET /products,GET /products?id=47,/products,GET,,,browser,mobile,13,False
219,2,GET /products?id=47,GET /products?id=101,/products,GET,id=47,,browser,mobile,13,False
219,3,GET /products?id=101,GET /products?id=22,/products,GET,id=101,,browser,mobile,13,False
219,4,GET /products?id=22,GET /products?id=33,/products,GET,id=22,,browser,mobile,13,False
219,5,GET /products?id=33,GET /cart?product_id=33,/products,GET,id=33,,browser,mobile,13,False
219,6,GET /cart?product_id=33,END,/cart,GET,product_id=33,,browser,mobile,13,True
220,1,GET /products,GET /products?id=88,/products,GET,,,buyer,mobile,16,False
220,2,GET /products?id=88,GET /products?id=39,/products,GET,id=88,,buyer,mobile,16,False
220,3,GET /products?id=39,GET /products?id=39,/products,GET,id=39,,buyer,mobile,16,False
220,4,GET /products?id=39,GET /products?id=61,/products,GET,id=39,,buyer,mobile,16,False
220,5,GET /products?id=61,GET /cart?product_id=61,/products,GET,id=61,,buyer,mobile,16,False
220,6,GET /cart?product_id=61,END,/cart,GET,product_id=61,,buyer,mobile,16,True
221,1,GET /products,GET /products?id=61,/products,GET,,,buyer,desktop,6,False
221,2,GET /products?id=61,GET /reviews?product_id=61,/products,GET,id=61,,buyer,desktop,6,False
221,3,GET /reviews?product_id=61,END,/reviews,GET,product_id=61,,buyer,desktop,6,True
222,1,GET /search?q=sunglasses,GET /products?id=110,/search,GET,q=sunglasses,,browser,mobile,20,False
222,2,GET /products?id=110,GET /reviews?product_id=110,/products,GET,id=110,,browser,mobile,20,False
222,3,GET /reviews?product_id=110,END,/reviews,GET,product_id=110,,browser,mobile,20,True
223,1,GET /products?id=33,GET /reviews?product_id=33,/products,GET,id=33,,new_visitor,tablet,20,False
223,2,GET /reviews?product_id=33,END,/reviews,GET,product_id=33,,new_visitor,tablet,20,True
224,1,GET /products,GET /products?id=110,/products,GET,,,indecisive,mobile,14,False
224,2,GET /products?id=110,GET /cart?product_id=110,/products,GET,id=110,,indecisive,mobile,14,False
224,3,GET /cart?product_id=110,END,/cart,GET,product_id=110,,indecisive,mobile,14,True
225,1,GET /products/filter,"POST /products/filter  body={""gender"":""female"",""category"":""shirt""}",/products/filter,GET,,,indecisive,tablet,1,False
225,2,"POST /products/filter  body={""gender"":""female"",""category"":""shirt""}",GET /products?id=110,/products/filter,POST,,"{""gender"":""female"",""category"":""shirt""}",indecisive,tablet,1,False
225,3,GET /products?id=110,GET /reviews?product_id=110,/products,GET,id=110,,indecisive,tablet,1,False
225,4,GET /reviews?product_id=110,END,/reviews,GET,product_id=110,,indecisive,tablet,1,True
226,1,GET /products/filter,"POST /products/filter  body={""gender"":""male"",""category"":""skirt""}",/products/filter,GET,,,returner,mobile,1,False
226,2,"POST /products/filter  body={""gender"":""male"",""category"":""skirt""}",GET /products?id=47,/products/filter,POST,,"{""gender"":""male"",""category"":""skirt""}",returner,mobile,1,False
226,3,GET /products?id=47,GET /reviews?product_id=47,/products,GET,id=47,,returner,mobile,1,False
226,4,GET /reviews?product_id=47,END,/reviews,GET,product_id=47,,returner,mobile,1,True
227,1,GET /search?q=sunglasses,GET /products?id=44,/search,GET,q=sunglasses,,new_visitor,tablet,16,False
227,2,GET /products?id=44,GET /cart?product_id=44,/products,GET,id=44,,new_visitor,tablet,16,False
227,3,GET /cart?product_id=44,END,/cart,GET,product_id=44,,new_visitor,tablet,16,True
228,1,GET /products,GET /products?id=120,/products,GET,,,returner,tablet,20,False
228,2,GET /products?id=120,GET /cart?product_id=120,/products,GET,id=120,,returner,tablet,20,False
228,3,GET /cart?product_id=120,END,/cart,GET,product_id=120,,returner,tablet,20,True
229,1,GET /products,GET /products?id=33,/products,GET,,,browser,desktop,3,False
229,2,GET /products?id=33,GET /cart?product_id=33,/products,GET,id=33,,browser,desktop,3,False
229,3,GET /cart?product_id=33,GET /home,/cart,GET,product_id=33,,browser,desktop,3,False
229,4,GET /home,END,/home,GET,,,browser,desktop,3,True
230,1,GET /products,GET /products?id=11,/products,GET,,,browser,tablet,20,False
230,2,GET /products?id=11,GET /reviews?product_id=11,/products,GET,id=11,,browser,tablet,20,False
230,3,GET /reviews?product_id=11,END,/reviews,GET,product_id=11,,browser,tablet,20,True
231,1,GET /products,GET /products?id=39,/products,GET,,,returner,tablet,16,False
231,2,GET /products?id=39,GET /products?id=22,/products,GET,id=39,,returner,tablet,16,False
231,3,GET /products?id=22,GET /products?id=101,/products,GET,id=22,,returner,tablet,16,False
231,4,GET /products?id=101,GET /cart?product_id=101,/products,GET,id=101,,returner,tablet,16,False
231,5,GET /cart?product_id=101,END,/cart,GET,product_id=101,,returner,tablet,16,True
232,1,GET /products,GET /products?id=33,/products,GET,,,indecisive,tablet,19,False
232,2,GET /products?id=33,GET /cart?product_id=33,/products,GET,id=33,,indecisive,tablet,19,False
232,3,GET /cart?product_id=33,END,/cart,GET,product_id=33,,indecisive,tablet,19,True
233,1,GET /search?q=men watch,GET /products?id=61,/search,GET,q=men watch,,browser,tablet,21,False
233,2,GET /products?id=61,GET /cart?product_id=61,/products,GET,id=61,,browser,tablet,21,False
233,3,GET /cart?product_id=61,END,/cart,GET,product_id=61,,browser,tablet,21,True
234,1,GET /products,GET /products?id=39,/products,GET,,,indecisive,mobile,18,False
234,2,GET /products?id=39,GET /reviews?product_id=39,/products,GET,id=39,,indecisive,mobile,18,False
234,3,GET /reviews?product_id=39,GET /products?id=39,/reviews,GET,product_id=39,,indecisive,mobile,18,False
234,4,GET /products?id=39,GET /cart?product_id=39,/products,GET,id=39,,indecisive,mobile,18,False
234,5,GET /cart?product_id=39,END,/cart,GET,product_id=39,,indecisive,mobile,18,True
235,1,GET /products,GET /products?id=61,/products,GET,,,indecisive,tablet,22,False
235,2,GET /products?id=61,GET /reviews?product_id=61,/products,GET,id=61,,indecisive,tablet,22,False
235,3,GET /reviews?product_id=61,GET /products?id=61,/reviews,GET,product_id=61,,indecisive,tablet,22,False
235,4,GET /products?id=61,GET /cart?product_id=61,/products,GET,id=61,,indecisive,tablet,22,False
235,5,GET /cart?product_id=61,END,/cart,GET,product_id=61,,indecisive,tablet,22,True
236,1,GET /products/filter,"POST /products/filter  body={""gender"":""male"",""category"":""shirt"",""price"":""mid""}",/products/filter,GET,,,new_visitor,tablet,2,False
236,2,"POST /products/filter  body={""gender"":""male"",""category"":""shirt"",""price"":""mid""}",GET /products?id=47,/products/filter,POST,,"{""gender"":""male"",""category"":""shirt"",""price"":""mid""}",new_visitor,tablet,2,False
236,3,GET /products?id=47,GET /cart?product_id=47,/products,GET,id=47,,new_visitor,tablet,2,False
236,4,GET /cart?product_id=47,END,/cart,GET,product_id=47,,new_visitor,tablet,2,True
237,1,GET /products,GET /products?id=22,/products,GET,,,returner,tablet,11,False
237,2,GET /products?id=22,GET /cart?product_id=22,/products,GET,id=22,,returner,tablet,11,False
237,3,GET /cart?product_id=22,END,/cart,GET,product_id=22,,returner,tablet,11,True
238,1,GET /products,GET /products?id=61,/products,GET,,,buyer,desktop,15,False
238,2,GET /products?id=61,GET /cart?product_id=61,/products,GET,id=61,,buyer,desktop,15,False
238,3,GET /cart?product_id=61,END,/cart,GET,product_id=61,,buyer,desktop,15,True
239,1,GET /products,GET /products?id=44,/products,GET,,,indecisive,mobile,16,False
239,2,GET /products?id=44,GET /cart?product_id=44,/products,GET,id=44,,indecisive,mobile,16,False
239,3,GET /cart?product_id=44,GET /checkout,/cart,GET,product_id=44,,indecisive,mobile,16,False
239,4,GET /checkout,"POST /payment  body={""amount"": 49.99, ""method"": ""card""}",/checkout,GET,,,indecisive,mobile,16,False
239,5,"POST /payment  body={""amount"": 49.99, ""method"": ""card""}",END,/payment,POST,,"{""amount"": 49.99, ""method"": ""card""}",indecisive,mobile,16,True
240,1,GET /products,GET /products?id=73,/products,GET,,,indecisive,tablet,4,False
240,2,GET /products?id=73,GET /products?id=73,/products,GET,id=73,,indecisive,tablet,4,False
240,3,GET /products?id=73,GET /reviews?product_id=73,/products,GET,id=73,,indecisive,tablet,4,False
240,4,GET /reviews?product_id=73,END,/reviews,GET,product_id=73,,indecisive,tablet,4,True
241,1,GET /search?q=heels,GET /products?id=39,/search,GET,q=heels,,new_visitor,mobile,23,False
241,2,GET /products?id=39,GET /cart?product_id=39,/products,GET,id=39,,new_visitor,mobile,23,False
241,3,GET /cart?product_id=39,END,/cart,GET,product_id=39,,new_visitor,mobile,23,True
242,1,GET /products/filter,"POST /products/filter  body={""gender"":""unisex"",""category"":""sneakers"",""price"":""mid""}",/products/filter,GET,,,buyer,desktop,19,False
242,2,"POST /products/filter  body={""gender"":""unisex"",""category"":""sneakers"",""price"":""mid""}",GET /products?id=11,/products/filter,POST,,"{""gender"":""unisex"",""category"":""sneakers"",""price"":""mid""}",buyer,desktop,19,False
242,3,GET /products?id=11,GET /cart?product_id=11,/products,GET,id=11,,buyer,desktop,19,False
242,4,GET /cart?product_id=11,END,/cart,GET,product_id=11,,buyer,desktop,19,True
243,1,GET /products/filter,"POST /products/filter  body={""gender"":""male"",""category"":""sneakers""}",/products/filter,GET,,,indecisive,desktop,6,False
243,2,"POST /products/filter  body={""gender"":""male"",""category"":""sneakers""}",GET /products?id=22,/products/filter,POST,,"{""gender"":""male"",""category"":""sneakers""}",indecisive,desktop,6,False
243,3,GET /products?id=22,GET /reviews?product_id=22,/products,GET,id=22,,indecisive,desktop,6,False
243,4,GET /reviews?product_id=22,END,/reviews,GET,product_id=22,,indecisive,desktop,6,True
244,1,GET /search?q=running shoes,GET /products?id=88,/search,GET,q=running shoes,,returner,tablet,16,False
244,2,GET /products?id=88,GET /cart?product_id=88,/products,GET,id=88,,returner,tablet,16,False
244,3,GET /cart?product_id=88,END,/cart,GET,product_id=88,,returner,tablet,16,True
245,1,GET /products,GET /products?id=120,/products,GET,,,new_visitor,mobile,8,False
245,2,GET /products?id=120,GET /reviews?product_id=120,/products,GET,id=120,,new_visitor,mobile,8,False
245,3,GET /reviews?product_id=120,END,/reviews,GET,product_id=120,,new_visitor,mobile,8,True
246,1,GET /products/filter,"POST /products/filter  body={""gender"":""female"",""category"":""sneakers"",""price"":""high""}",/products/filter,GET,,,new_visitor,mobile,22,False
246,2,"POST /products/filter  body={""gender"":""female"",""category"":""sneakers"",""price"":""high""}",GET /products,/products/filter,POST,,"{""gender"":""female"",""category"":""sneakers"",""price"":""high""}",new_visitor,mobile,22,False
246,3,GET /products,"POST /products/filter  body={""gender"":""female"",""category"":""sneakers""}",/products,GET,,,new_visitor,mobile,22,False
246,4,"POST /products/filter  body={""gender"":""female"",""category"":""sneakers""}",GET /products?id=47,/products/filter,POST,,"{""gender"":""female"",""category"":""sneakers""}",new_visitor,mobile,22,False
246,5,GET /products?id=47,GET /cart?product_id=47,/products,GET,id=47,,new_visitor,mobile,22,False
246,6,GET /cart?product_id=47,END,/cart,GET,product_id=47,,new_visitor,mobile,22,True
247,1,GET /products,GET /products?id=61,/products,GET,,,buyer,desktop,14,False
247,2,GET /products?id=61,GET /reviews?product_id=61,/products,GET,id=61,,buyer,desktop,14,False
247,3,GET /reviews?product_id=61,GET /products?id=105,/reviews,GET,product_id=61,,buyer,desktop,14,False
247,4,GET /products?id=105,GET /cart?product_id=105,/products,GET,id=105,,buyer,desktop,14,False
247,5,GET /cart?product_id=105,END,/cart,GET,product_id=105,,buyer,desktop,14,True
248,1,GET /products,GET /products?id=105,/products,GET,,,browser,mobile,14,False
248,2,GET /products?id=105,GET /products?id=44,/products,GET,id=105,,browser,mobile,14,False
248,3,GET /products?id=44,GET /reviews?product_id=44,/products,GET,id=44,,browser,mobile,14,False
248,4,GET /reviews?product_id=44,GET /products?id=101,/reviews,GET,product_id=44,,browser,mobile,14,False
248,5,GET /products?id=101,GET /cart?product_id=101,/products,GET,id=101,,browser,mobile,14,False
248,6,GET /cart?product_id=101,END,/cart,GET,product_id=101,,browser,mobile,14,True
249,1,GET /products/filter,"POST /products/filter  body={""gender"":""female"",""category"":""shirt"",""price"":""mid""}",/products/filter,GET,,,indecisive,mobile,0,False
249,2,"POST /products/filter  body={""gender"":""female"",""category"":""shirt"",""price"":""mid""}",GET /products?id=61,/products/filter,POST,,"{""gender"":""female"",""category"":""shirt"",""price"":""mid""}",indecisive,mobile,0,False
249,3,GET /products?id=61,GET /cart?product_id=61,/products,GET,id=61,,indecisive,mobile,0,False
249,4,GET /cart?product_id=61,END,/cart,GET,product_id=61,,indecisive,mobile,0,True
250,1,GET /products,GET /products?id=61,/products,GET,,,browser,desktop,15,False
250,2,GET /products?id=61,"POST /wishlist?product_id=61  body={""product_id"": 61}",/products,GET,id=61,,browser,desktop,15,False
250,3,"POST /wishlist?product_id=61  body={""product_id"": 61}",GET /cart?product_id=61,/wishlist,POST,product_id=61,"{""product_id"": 61}",browser,desktop,15,False
250,4,GET /cart?product_id=61,END,/cart,GET,product_id=61,,browser,desktop,15,True
251,1,GET /products,GET /products?id=47,/products,GET,,,returner,desktop,19,False
251,2,GET /products?id=47,GET /cart?product_id=47,/products,GET,id=47,,returner,desktop,19,False
251,3,GET /cart?product_id=47,END,/cart,GET,product_id=47,,returner,desktop,19,True
252,1,GET /products?id=105,GET /cart?product_id=105,/products,GET,id=105,,buyer,mobile,17,False
252,2,GET /cart?product_id=105,END,/cart,GET,product_id=105,,buyer,mobile,17,True
253,1,GET /products,GET /products?id=11,/products,GET,,,indecisive,mobile,9,False
253,2,GET /products?id=11,GET /cart?product_id=11,/products,GET,id=11,,indecisive,mobile,9,False
253,3,GET /cart?product_id=11,END,/cart,GET,product_id=11,,indecisive,mobile,9,True
254,1,GET /products,GET /products?id=120,/products,GET,,,new_visitor,desktop,2,False
254,2,GET /products?id=120,GET /cart?product_id=120,/products,GET,id=120,,new_visitor,desktop,2,False
254,3,GET /cart?product_id=120,END,/cart,GET,product_id=120,,new_visitor,desktop,2,True
255,1,GET /products,GET /products?id=61,/products,GET,,,browser,tablet,16,False
255,2,GET /products?id=61,GET /products?id=22,/products,GET,id=61,,browser,tablet,16,False
255,3,GET /products?id=22,GET /products?id=105,/products,GET,id=22,,browser,tablet,16,False
255,4,GET /products?id=105,GET /products?id=42,/products,GET,id=105,,browser,tablet,16,False
255,5,GET /products?id=42,GET /cart?product_id=42,/products,GET,id=42,,browser,tablet,16,False
255,6,GET /cart?product_id=42,END,/cart,GET,product_id=42,,browser,tablet,16,True
256,1,GET /products,GET /products?id=47,/products,GET,,,buyer,tablet,13,False
256,2,GET /products?id=47,GET /cart?product_id=47,/products,GET,id=47,,buyer,tablet,13,False
256,3,GET /cart?product_id=47,END,/cart,GET,product_id=47,,buyer,tablet,13,True
257,1,GET /home,GET /category?type=accessories,/home,GET,,,indecisive,mobile,16,False
257,2,GET /category?type=accessories,GET /products?id=101,/category,GET,type=accessories,,indecisive,mobile,16,False
257,3,GET /products?id=101,GET /cart?product_id=101,/products,GET,id=101,,indecisive,mobile,16,False
257,4,GET /cart?product_id=101,END,/cart,GET,product_id=101,,indecisive,mobile,16,True
258,1,GET /products,GET /products?id=15,/products,GET,,,returner,desktop,1,False
258,2,GET /products?id=15,GET /products?id=42,/products,GET,id=15,,returner,desktop,1,False
258,3,GET /products?id=42,GET /products?id=39,/products,GET,id=42,,returner,desktop,1,False
258,4,GET /products?id=39,GET /reviews?product_id=39,/products,GET,id=39,,returner,desktop,1,False
258,5,GET /reviews?product_id=39,END,/reviews,GET,product_id=39,,returner,desktop,1,True
259,1,GET /products,GET /products?id=55,/products,GET,,,indecisive,mobile,23,False
259,2,GET /products?id=55,GET /reviews?product_id=55,/products,GET,id=55,,indecisive,mobile,23,False
259,3,GET /reviews?product_id=55,GET /products?id=55,/reviews,GET,product_id=55,,indecisive,mobile,23,False
259,4,GET /products?id=55,GET /cart?product_id=55,/products,GET,id=55,,indecisive,mobile,23,False
259,5,GET /cart?product_id=55,END,/cart,GET,product_id=55,,indecisive,mobile,23,True
260,1,GET /products,GET /products?id=39,/products,GET,,,new_visitor,tablet,10,False
260,2,GET /products?id=39,GET /cart?product_id=39,/products,GET,id=39,,new_visitor,tablet,10,False
260,3,GET /cart?product_id=39,END,/cart,GET,product_id=39,,new_visitor,tablet,10,True
261,1,GET /products?id=120,GET /cart?product_id=120,/products,GET,id=120,,buyer,tablet,14,False
261,2,GET /cart?product_id=120,END,/cart,GET,product_id=120,,buyer,tablet,14,True
262,1,GET /products,GET /products?id=110,/products,GET,,,buyer,mobile,22,False
262,2,GET /products?id=110,GET /cart?product_id=110,/products,GET,id=110,,buyer,mobile,22,False
262,3,GET /cart?product_id=110,GET /checkout,/cart,GET,product_id=110,,buyer,mobile,22,False
262,4,GET /checkout,"POST /payment  body={""amount"": 49.99, ""method"": ""card""}",/checkout,GET,,,buyer,mobile,22,False
262,5,"POST /payment  body={""amount"": 49.99, ""method"": ""card""}",END,/payment,POST,,"{""amount"": 49.99, ""method"": ""card""}",buyer,mobile,22,True
263,1,GET /products,GET /products?id=88,/products,GET,,,browser,desktop,6,False
263,2,GET /products?id=88,GET /reviews?product_id=88,/products,GET,id=88,,browser,desktop,6,False
263,3,GET /reviews?product_id=88,END,/reviews,GET,product_id=88,,browser,desktop,6,True
264,1,GET /search?q=jacket,GET /products?id=120,/search,GET,q=jacket,,indecisive,desktop,16,False
264,2,GET /products?id=120,GET /cart?product_id=120,/products,GET,id=120,,indecisive,desktop,16,False
264,3,GET /cart?product_id=120,END,/cart,GET,product_id=120,,indecisive,desktop,16,True
265,1,GET /products,GET /products?id=39,/products,GET,,,indecisive,mobile,20,False
265,2,GET /products?id=39,GET /reviews?product_id=39,/products,GET,id=39,,indecisive,mobile,20,False
265,3,GET /reviews?product_id=39,END,/reviews,GET,product_id=39,,indecisive,mobile,20,True
266,1,GET /products/filter,"POST /products/filter  body={""gender"":""male"",""category"":""sneakers""}",/products/filter,GET,,,browser,tablet,10,False
266,2,"POST /products/filter  body={""gender"":""male"",""category"":""sneakers""}",GET /products?id=110,/products/filter,POST,,"{""gender"":""male"",""category"":""sneakers""}",browser,tablet,10,False
266,3,GET /products?id=110,GET /cart?product_id=110,/products,GET,id=110,,browser,tablet,10,False
266,4,GET /cart?product_id=110,END,/cart,GET,product_id=110,,browser,tablet,10,True
267,1,GET /search?q=wallet,GET /products?id=39,/search,GET,q=wallet,,returner,desktop,5,False
267,2,GET /products?id=39,GET /reviews?product_id=39,/products,GET,id=39,,returner,desktop,5,False
267,3,GET /reviews?product_id=39,END,/reviews,GET,product_id=39,,returner,desktop,5,True
268,1,GET /products,GET /products?id=47,/products,GET,,,new_visitor,desktop,2,False
268,2,GET /products?id=47,"POST /wishlist?product_id=47  body={""product_id"": 47}",/products,GET,id=47,,new_visitor,desktop,2,False
268,3,"POST /wishlist?product_id=47  body={""product_id"": 47}",GET /cart?product_id=47,/wishlist,POST,product_id=47,"{""product_id"": 47}",new_visitor,desktop,2,False
268,4,GET /cart?product_id=47,END,/cart,GET,product_id=47,,new_visitor,desktop,2,True
269,1,GET /home,GET /category?type=men,/home,GET,,,returner,tablet,5,False
269,2,GET /category?type=men,GET /products?id=11,/category,GET,type=men,,returner,tablet,5,False
269,3,GET /products?id=11,GET /cart?product_id=11,/products,GET,id=11,,returner,tablet,5,False
269,4,GET /cart?product_id=11,END,/cart,GET,product_id=11,,returner,tablet,5,True
270,1,GET /products/filter,"POST /products/filter  body={""gender"":""male"",""category"":""watch""}",/products/filter,GET,,,browser,desktop,21,False
270,2,"POST /products/filter  body={""gender"":""male"",""category"":""watch""}",GET /products?id=73,/products/filter,POST,,"{""gender"":""male"",""category"":""watch""}",browser,desktop,21,False
270,3,GET /products?id=73,GET /cart?product_id=73,/products,GET,id=73,,browser,desktop,21,False
270,4,GET /cart?product_id=73,END,/cart,GET,product_id=73,,browser,desktop,21,True
271,1,GET /products,GET /products?id=39,/products,GET,,,returner,desktop,14,False
271,2,GET /products?id=39,GET /cart?product_id=39,/products,GET,id=39,,returner,desktop,14,False
271,3,GET /cart?product_id=39,END,/cart,GET,product_id=39,,returner,desktop,14,True
272,1,GET /products?id=44,GET /cart?product_id=44,/products,GET,id=44,,returner,desktop,20,False
272,2,GET /cart?product_id=44,END,/cart,GET,product_id=44,,returner,desktop,20,True
273,1,GET /products,GET /products?id=73,/products,GET,,,returner,desktop,16,False
273,2,GET /products?id=73,GET /cart?product_id=73,/products,GET,id=73,,returner,desktop,16,False
273,3,GET /cart?product_id=73,GET /home,/cart,GET,product_id=73,,returner,desktop,16,False
273,4,GET /home,END,/home,GET,,,returner,desktop,16,True
274,1,GET /products,GET /products?id=110,/products,GET,,,browser,mobile,19,False
274,2,GET /products?id=110,GET /reviews?product_id=110,/products,GET,id=110,,browser,mobile,19,False
274,3,GET /reviews?product_id=110,GET /products?id=110,/reviews,GET,product_id=110,,browser,mobile,19,False
274,4,GET /products?id=110,GET /cart?product_id=110,/products,GET,id=110,,browser,mobile,19,False
274,5,GET /cart?product_id=110,END,/cart,GET,product_id=110,,browser,mobile,19,True
275,1,GET /products/filter,"POST /products/filter  body={""gender"":""unisex"",""category"":""shirt"",""price"":""high""}",/products/filter,GET,,,browser,mobile,2,False
275,2,"POST /products/filter  body={""gender"":""unisex"",""category"":""shirt"",""price"":""high""}",GET /products?id=101,/products/filter,POST,,"{""gender"":""unisex"",""category"":""shirt"",""price"":""high""}",browser,mobile,2,False
275,3,GET /products?id=101,GET /cart?product_id=101,/products,GET,id=101,,browser,mobile,2,False
275,4,GET /cart?product_id=101,END,/cart,GET,product_id=101,,browser,mobile,2,True
276,1,GET /products,GET /products?id=110,/products,GET,,,new_visitor,mobile,19,False
276,2,GET /products?id=110,GET /reviews?product_id=110,/products,GET,id=110,,new_visitor,mobile,19,False
276,3,GET /reviews?product_id=110,END,/reviews,GET,product_id=110,,new_visitor,mobile,19,True
277,1,GET /products,GET /products?id=39,/products,GET,,,indecisive,desktop,2,False
277,2,GET /products?id=39,GET /products?id=101,/products,GET,id=39,,indecisive,desktop,2,False
277,3,GET /products?id=101,GET /products?id=33,/products,GET,id=101,,indecisive,desktop,2,False
277,4,GET /products?id=33,GET /products?id=15,/products,GET,id=33,,indecisive,desktop,2,False
277,5,GET /products?id=15,GET /cart?product_id=15,/products,GET,id=15,,indecisive,desktop,2,False
277,6,GET /cart?product_id=15,END,/cart,GET,product_id=15,,indecisive,desktop,2,True
278,1,GET /products,GET /products?id=101,/products,GET,,,browser,mobile,23,False
278,2,GET /products?id=101,GET /reviews?product_id=101,/products,GET,id=101,,browser,mobile,23,False
278,3,GET /reviews?product_id=101,END,/reviews,GET,product_id=101,,browser,mobile,23,True
279,1,GET /products,GET /products?id=88,/products,GET,,,browser,desktop,8,False
279,2,GET /products?id=88,"POST /wishlist?product_id=88  body={""product_id"": 88}",/products,GET,id=88,,browser,desktop,8,False
279,3,"POST /wishlist?product_id=88  body={""product_id"": 88}",GET /cart?product_id=88,/wishlist,POST,product_id=88,"{""product_id"": 88}",browser,desktop,8,False
279,4,GET /cart?product_id=88,END,/cart,GET,product_id=88,,browser,desktop,8,True
280,1,GET /products,GET /products?id=120,/products,GET,,,new_visitor,desktop,22,False
280,2,GET /products?id=120,GET /reviews?product_id=120,/products,GET,id=120,,new_visitor,desktop,22,False
280,3,GET /reviews?product_id=120,GET /products?id=88,/reviews,GET,product_id=120,,new_visitor,desktop,22,False
280,4,GET /products?id=88,GET /cart?product_id=88,/products,GET,id=88,,new_visitor,desktop,22,False
280,5,GET /cart?product_id=88,END,/cart,GET,product_id=88,,new_visitor,desktop,22,True
281,1,GET /search?q=wallet,GET /products?id=47,/search,GET,q=wallet,,browser,mobile,2,False
281,2,GET /products?id=47,GET /cart?product_id=47,/products,GET,id=47,,browser,mobile,2,False
281,3,GET /cart?product_id=47,END,/cart,GET,product_id=47,,browser,mobile,2,True
282,1,GET /products,GET /products?id=22,/products,GET,,,indecisive,tablet,11,False
282,2,GET /products?id=22,"POST /wishlist?product_id=22  body={""product_id"": 22}",/products,GET,id=22,,indecisive,tablet,11,False
282,3,"POST /wishlist?product_id=22  body={""product_id"": 22}",GET /cart?product_id=22,/wishlist,POST,product_id=22,"{""product_id"": 22}",indecisive,tablet,11,False
282,4,GET /cart?product_id=22,END,/cart,GET,product_id=22,,indecisive,tablet,11,True
283,1,GET /products,GET /products?id=73,/products,GET,,,indecisive,mobile,22,False
283,2,GET /products?id=73,"POST /wishlist?product_id=73  body={""product_id"": 73}",/products,GET,id=73,,indecisive,mobile,22,False
283,3,"POST /wishlist?product_id=73  body={""product_id"": 73}",GET /cart?product_id=73,/wishlist,POST,product_id=73,"{""product_id"": 73}",indecisive,mobile,22,False
283,4,GET /cart?product_id=73,END,/cart,GET,product_id=73,,indecisive,mobile,22,True
284,1,GET /products,GET /products?id=88,/products,GET,,,indecisive,tablet,7,False
284,2,GET /products?id=88,GET /reviews?product_id=88,/products,GET,id=88,,indecisive,tablet,7,False
284,3,GET /reviews?product_id=88,END,/reviews,GET,product_id=88,,indecisive,tablet,7,True
285,1,GET /products/filter,"POST /products/filter  body={""gender"":""male"",""category"":""sneakers""}",/products/filter,GET,,,buyer,desktop,0,False
285,2,"POST /products/filter  body={""gender"":""male"",""category"":""sneakers""}",GET /products?id=61,/products/filter,POST,,"{""gender"":""male"",""category"":""sneakers""}",buyer,desktop,0,False
285,3,GET /products?id=61,GET /reviews?product_id=61,/products,GET,id=61,,buyer,desktop,0,False
285,4,GET /reviews?product_id=61,END,/reviews,GET,product_id=61,,buyer,desktop,0,True
286,1,GET /products/filter,"POST /products/filter  body={""gender"":""unisex"",""category"":""sneakers""}",/products/filter,GET,,,new_visitor,mobile,2,False
286,2,"POST /products/filter  body={""gender"":""unisex"",""category"":""sneakers""}",GET /products?id=105,/products/filter,POST,,"{""gender"":""unisex"",""category"":""sneakers""}",new_visitor,mobile,2,False
286,3,GET /products?id=105,GET /cart?product_id=105,/products,GET,id=105,,new_visitor,mobile,2,False
286,4,GET /cart?product_id=105,END,/cart,GET,product_id=105,,new_visitor,mobile,2,True
287,1,GET /products,GET /products?id=33,/products,GET,,,returner,tablet,2,False
287,2,GET /products?id=33,GET /cart?product_id=33,/products,GET,id=33,,returner,tablet,2,False
287,3,GET /cart?product_id=33,END,/cart,GET,product_id=33,,returner,tablet,2,True
288,1,GET /home,GET /category?type=women,/home,GET,,,returner,desktop,21,False
288,2,GET /category?type=women,GET /products?id=88,/category,GET,type=women,,returner,desktop,21,False
288,3,GET /products?id=88,GET /cart?product_id=88,/products,GET,id=88,,returner,desktop,21,False
288,4,GET /cart?product_id=88,END,/cart,GET,product_id=88,,returner,desktop,21,True
289,1,GET /products,GET /products?id=61,/products,GET,,,new_visitor,tablet,18,False
289,2,GET /products?id=61,GET /cart?product_id=61,/products,GET,id=61,,new_visitor,tablet,18,False
289,3,GET /cart?product_id=61,END,/cart,GET,product_id=61,,new_visitor,tablet,18,True
290,1,GET /products,GET /products?id=73,/products,GET,,,browser,mobile,16,False
290,2,GET /products?id=73,GET /cart?product_id=73,/products,GET,id=73,,browser,mobile,16,False
290,3,GET /cart?product_id=73,END,/cart,GET,product_id=73,,browser,mobile,16,True
291,1,GET /products,GET /products?id=47,/products,GET,,,buyer,desktop,16,False
291,2,GET /products?id=47,GET /reviews?product_id=47,/products,GET,id=47,,buyer,desktop,16,False
291,3,GET /reviews?product_id=47,GET /products?id=44,/reviews,GET,product_id=47,,buyer,desktop,16,False
291,4,GET /products?id=44,GET /cart?product_id=44,/products,GET,id=44,,buyer,desktop,16,False
291,5,GET /cart?product_id=44,END,/cart,GET,product_id=44,,buyer,desktop,16,True
292,1,GET /products/filter,"POST /products/filter  body={""gender"":""unisex"",""category"":""shirt""}",/products/filter,GET,,,buyer,tablet,17,False
292,2,"POST /products/filter  body={""gender"":""unisex"",""category"":""shirt""}",GET /products?id=47,/products/filter,POST,,"{""gender"":""unisex"",""category"":""shirt""}",buyer,tablet,17,False
292,3,GET /products?id=47,GET /cart?product_id=47,/products,GET,id=47,,buyer,tablet,17,False
292,4,GET /cart?product_id=47,END,/cart,GET,product_id=47,,buyer,tablet,17,True
293,1,GET /products,GET /products?id=61,/products,GET,,,new_visitor,tablet,5,False
293,2,GET /products?id=61,GET /products?id=73,/products,GET,id=61,,new_visitor,tablet,5,False
293,3,GET /products?id=73,GET /products?id=33,/products,GET,id=73,,new_visitor,tablet,5,False
293,4,GET /products?id=33,GET /products?id=44,/products,GET,id=33,,new_visitor,tablet,5,False
293,5,GET /products?id=44,GET /reviews?product_id=44,/products,GET,id=44,,new_visitor,tablet,5,False
293,6,GET /reviews?product_id=44,END,/reviews,GET,product_id=44,,new_visitor,tablet,5,True
294,1,GET /products?id=15,GET /cart?product_id=15,/products,GET,id=15,,browser,mobile,1,False
294,2,GET /cart?product_id=15,END,/cart,GET,product_id=15,,browser,mobile,1,True
295,1,GET /products,GET /products?id=22,/products,GET,,,new_visitor,desktop,19,False
295,2,GET /products?id=22,GET /products?id=22,/products,GET,id=22,,new_visitor,desktop,19,False
295,3,GET /products?id=22,GET /products?id=120,/products,GET,id=22,,new_visitor,desktop,19,False
295,4,GET /products?id=120,GET /cart?product_id=120,/products,GET,id=120,,new_visitor,desktop,19,False
295,5,GET /cart?product_id=120,END,/cart,GET,product_id=120,,new_visitor,desktop,19,True
296,1,GET /products,GET /products?id=44,/products,GET,,,returner,desktop,14,False
296,2,GET /products?id=44,GET /cart?product_id=44,/products,GET,id=44,,returner,desktop,14,False
296,3,GET /cart?product_id=44,END,/cart,GET,product_id=44,,returner,desktop,14,True
297,1,GET /products/filter,"POST /products/filter  body={""gender"":""unisex"",""category"":""dress"",""price"":""high""}",/products/filter,GET,,,returner,desktop,14,False
297,2,"POST /products/filter  body={""gender"":""unisex"",""category"":""dress"",""price"":""high""}",GET /products?id=33,/products/filter,POST,,"{""gender"":""unisex"",""category"":""dress"",""price"":""high""}",returner,desktop,14,False
297,3,GET /products?id=33,GET /cart?product_id=33,/products,GET,id=33,,returner,desktop,14,False
297,4,GET /cart?product_id=33,END,/cart,GET,product_id=33,,returner,desktop,14,True
298,1,GET /products,GET /products?id=55,/products,GET,,,indecisive,desktop,4,False
298,2,GET /products?id=55,GET /cart?product_id=55,/products,GET,id=55,,indecisive,desktop,4,False
298,3,GET /cart?product_id=55,GET /checkout,/cart,GET,product_id=55,,indecisive,desktop,4,False
298,4,GET /checkout,"POST /payment  body={""amount"": 49.99, ""method"": ""card""}",/checkout,GET,,,indecisive,desktop,4,False
298,5,"POST /payment  body={""amount"": 49.99, ""method"": ""card""}",END,/payment,POST,,"{""amount"": 49.99, ""method"": ""card""}",indecisive,desktop,4,True
299,1,GET /products,GET /products?id=110,/products,GET,,,indecisive,mobile,14,False
299,2,GET /products?id=110,GET /cart?product_id=110,/products,GET,id=110,,indecisive,mobile,14,False
299,3,GET /cart?product_id=110,END,/cart,GET,product_id=110,,indecisive,mobile,14,True
300,1,GET /products?id=105,GET /cart?product_id=105,/products,GET,id=105,,browser,mobile,9,False
300,2,GET /cart?product_id=105,END,/cart,GET,product_id=105,,browser,mobile,9,True
301,1,GET /products,GET /products?id=88,/products,GET,,,buyer,desktop,18,False
301,2,GET /products?id=88,"POST /wishlist?product_id=88  body={""product_id"": 88}",/products,GET,id=88,,buyer,desktop,18,False
301,3,"POST /wishlist?product_id=88  body={""product_id"": 88}",GET /cart?product_id=88,/wishlist,POST,product_id=88,"{""product_id"": 88}",buyer,desktop,18,False
301,4,GET /cart?product_id=88,END,/cart,GET,product_id=88,,buyer,desktop,18,True
302,1,GET /search?q=men watch,GET /products?id=120,/search,GET,q=men watch,,buyer,desktop,16,False
302,2,GET /products?id=120,GET /reviews?product_id=120,/products,GET,id=120,,buyer,desktop,16,False
302,3,GET /reviews?product_id=120,END,/reviews,GET,product_id=120,,buyer,desktop,16,True
303,1,GET /home,GET /category?type=women,/home,GET,,,browser,mobile,12,False
303,2,GET /category?type=women,GET /products?id=44,/category,GET,type=women,,browser,mobile,12,False
303,3,GET /products?id=44,GET /cart?product_id=44,/products,GET,id=44,,browser,mobile,12,False
303,4,GET /cart?product_id=44,END,/cart,GET,product_id=44,,browser,mobile,12,True
304,1,GET /products,GET /products?id=120,/products,GET,,,new_visitor,desktop,1,False
304,2,GET /products?id=120,GET /cart?product_id=120,/products,GET,id=120,,new_visitor,desktop,1,False
304,3,GET /cart?product_id=120,END,/cart,GET,product_id=120,,new_visitor,desktop,1,True
305,1,GET /products,GET /products?id=55,/products,GET,,,returner,desktop,17,False
305,2,GET /products?id=55,GET /cart?product_id=55,/products,GET,id=55,,returner,desktop,17,False
305,3,GET /cart?product_id=55,END,/cart,GET,product_id=55,,returner,desktop,17,True
306,1,GET /products,GET /products?id=39,/products,GET,,,indecisive,tablet,11,False
306,2,GET /products?id=39,GET /cart?product_id=39,/products,GET,id=39,,indecisive,tablet,11,False
306,3,GET /cart?product_id=39,GET /checkout,/cart,GET,product_id=39,,indecisive,tablet,11,False
306,4,GET /checkout,"POST /payment  body={""amount"": 49.99, ""method"": ""card""}",/checkout,GET,,,indecisive,tablet,11,False
306,5,"POST /payment  body={""amount"": 49.99, ""method"": ""card""}",END,/payment,POST,,"{""amount"": 49.99, ""method"": ""card""}",indecisive,tablet,11,True
307,1,GET /home,GET /category?type=women,/home,GET,,,browser,desktop,1,False
307,2,GET /category?type=women,GET /products?id=47,/category,GET,type=women,,browser,desktop,1,False
307,3,GET /products?id=47,GET /cart?product_id=47,/products,GET,id=47,,browser,desktop,1,False
307,4,GET /cart?product_id=47,END,/cart,GET,product_id=47,,browser,desktop,1,True
308,1,GET /search?q=wallet,GET /products?id=15,/search,GET,q=wallet,,new_visitor,desktop,2,False
308,2,GET /products?id=15,GET /cart?product_id=15,/products,GET,id=15,,new_visitor,desktop,2,False
308,3,GET /cart?product_id=15,END,/cart,GET,product_id=15,,new_visitor,desktop,2,True
309,1,GET /products,GET /products?id=55,/products,GET,,,new_visitor,tablet,19,False
309,2,GET /products?id=55,GET /cart?product_id=55,/products,GET,id=55,,new_visitor,tablet,19,False
309,3,GET /cart?product_id=55,END,/cart,GET,product_id=55,,new_visitor,tablet,19,True
310,1,GET /products,GET /products?id=88,/products,GET,,,indecisive,tablet,11,False
310,2,GET /products?id=88,GET /cart?product_id=88,/products,GET,id=88,,indecisive,tablet,11,False
310,3,GET /cart?product_id=88,GET /checkout,/cart,GET,product_id=88,,indecisive,tablet,11,False
310,4,GET /checkout,"POST /payment  body={""amount"": 49.99, ""method"": ""card""}",/checkout,GET,,,indecisive,tablet,11,False
310,5,"POST /payment  body={""amount"": 49.99, ""method"": ""card""}",END,/payment,POST,,"{""amount"": 49.99, ""method"": ""card""}",indecisive,tablet,11,True
311,1,GET /home,GET /category?type=women,/home,GET,,,new_visitor,tablet,12,False
311,2,GET /category?type=women,GET /products?id=42,/category,GET,type=women,,new_visitor,tablet,12,False
311,3,GET /products?id=42,GET /cart?product_id=42,/products,GET,id=42,,new_visitor,tablet,12,False
311,4,GET /cart?product_id=42,END,/cart,GET,product_id=42,,new_visitor,tablet,12,True
312,1,GET /products,GET /products?id=110,/products,GET,,,buyer,tablet,10,False
312,2,GET /products?id=110,GET /cart?product_id=110,/products,GET,id=110,,buyer,tablet,10,False
312,3,GET /cart?product_id=110,GET /home,/cart,GET,product_id=110,,buyer,tablet,10,False
312,4,GET /home,END,/home,GET,,,buyer,tablet,10,True
313,1,GET /products,GET /products?id=33,/products,GET,,,buyer,tablet,16,False
313,2,GET /products?id=33,GET /cart?product_id=33,/products,GET,id=33,,buyer,tablet,16,False
313,3,GET /cart?product_id=33,END,/cart,GET,product_id=33,,buyer,tablet,16,True
314,1,GET /products,GET /products?id=120,/products,GET,,,new_visitor,tablet,9,False
314,2,GET /products?id=120,GET /products?id=22,/products,GET,id=120,,new_visitor,tablet,9,False
314,3,GET /products?id=22,GET /products?id=120,/products,GET,id=22,,new_visitor,tablet,9,False
314,4,GET /products?id=120,GET /products?id=42,/products,GET,id=120,,new_visitor,tablet,9,False
314,5,GET /products?id=42,GET /cart?product_id=42,/products,GET,id=42,,new_visitor,tablet,9,False
314,6,GET /cart?product_id=42,END,/cart,GET,product_id=42,,new_visitor,tablet,9,True
315,1,GET /products/filter,"POST /products/filter  body={""gender"":""unisex"",""category"":""skirt""}",/products/filter,GET,,,browser,desktop,18,False
315,2,"POST /products/filter  body={""gender"":""unisex"",""category"":""skirt""}",GET /products?id=120,/products/filter,POST,,"{""gender"":""unisex"",""category"":""skirt""}",browser,desktop,18,False
315,3,GET /products?id=120,GET /cart?product_id=120,/products,GET,id=120,,browser,desktop,18,False
315,4,GET /cart?product_id=120,END,/cart,GET,product_id=120,,browser,desktop,18,True
316,1,GET /products,GET /products?id=44,/products,GET,,,indecisive,tablet,18,False
316,2,GET /products?id=44,GET /products?id=120,/products,GET,id=44,,indecisive,tablet,18,False
316,3,GET /products?id=120,GET /products?id=73,/products,GET,id=120,,indecisive,tablet,18,False
316,4,GET /products?id=73,GET /products?id=101,/products,GET,id=73,,indecisive,tablet,18,False
316,5,GET /products?id=101,GET /cart?product_id=101,/products,GET,id=101,,indecisive,tablet,18,False
316,6,GET /cart?product_id=101,END,/cart,GET,product_id=101,,indecisive,tablet,18,True
317,1,GET /products?id=55,GET /cart?product_id=55,/products,GET,id=55,,buyer,mobile,18,False
317,2,GET /cart?product_id=55,END,/cart,GET,product_id=55,,buyer,mobile,18,True
318,1,GET /products,GET /products?id=88,/products,GET,,,returner,desktop,13,False
318,2,GET /products?id=88,GET /cart?product_id=88,/products,GET,id=88,,returner,desktop,13,False
318,3,GET /cart?product_id=88,END,/cart,GET,product_id=88,,returner,desktop,13,True
319,1,GET /products,GET /products?id=61,/products,GET,,,new_visitor,desktop,23,False
319,2,GET /products?id=61,GET /cart?product_id=61,/products,GET,id=61,,new_visitor,desktop,23,False
319,3,GET /cart?product_id=61,GET /checkout,/cart,GET,product_id=61,,new_visitor,desktop,23,False
319,4,GET /checkout,"POST /payment  body={""amount"": 49.99, ""method"": ""card""}",/checkout,GET,,,new_visitor,desktop,23,False
319,5,"POST /payment  body={""amount"": 49.99, ""method"": ""card""}",END,/payment,POST,,"{""amount"": 49.99, ""method"": ""card""}",new_visitor,desktop,23,True
320,1,GET /products/filter,"POST /products/filter  body={""gender"":""unisex"",""category"":""sneakers""}",/products/filter,GET,,,new_visitor,mobile,17,False
320,2,"POST /products/filter  body={""gender"":""unisex"",""category"":""sneakers""}",GET /products?id=101,/products/filter,POST,,"{""gender"":""unisex"",""category"":""sneakers""}",new_visitor,mobile,17,False
320,3,GET /products?id=101,GET /cart?product_id=101,/products,GET,id=101,,new_visitor,mobile,17,False
320,4,GET /cart?product_id=101,END,/cart,GET,product_id=101,,new_visitor,mobile,17,True
321,1,GET /products,GET /products?id=33,/products,GET,,,indecisive,mobile,14,False
321,2,GET /products?id=33,GET /reviews?product_id=33,/products,GET,id=33,,indecisive,mobile,14,False
321,3,GET /reviews?product_id=33,GET /products?id=39,/reviews,GET,product_id=33,,indecisive,mobile,14,False
321,4,GET /products?id=39,GET /cart?product_id=39,/products,GET,id=39,,indecisive,mobile,14,False
321,5,GET /cart?product_id=39,END,/cart,GET,product_id=39,,indecisive,mobile,14,True
322,1,GET /products,GET /products?id=11,/products,GET,,,indecisive,tablet,15,False
322,2,GET /products?id=11,GET /cart?product_id=11,/products,GET,id=11,,indecisive,tablet,15,False
322,3,GET /cart?product_id=11,END,/cart,GET,product_id=11,,indecisive,tablet,15,True
323,1,GET /products,GET /products?id=88,/products,GET,,,indecisive,mobile,9,False
323,2,GET /products?id=88,GET /cart?product_id=88,/products,GET,id=88,,indecisive,mobile,9,False
323,3,GET /cart?product_id=88,GET /checkout,/cart,GET,product_id=88,,indecisive,mobile,9,False
323,4,GET /checkout,"POST /payment  body={""amount"": 49.99, ""method"": ""card""}",/checkout,GET,,,indecisive,mobile,9,False
323,5,"POST /payment  body={""amount"": 49.99, ""method"": ""card""}",END,/payment,POST,,"{""amount"": 49.99, ""method"": ""card""}",indecisive,mobile,9,True
324,1,GET /products/filter,"POST /products/filter  body={""gender"":""male"",""category"":""shirt""}",/products/filter,GET,,,returner,desktop,15,False
324,2,"POST /products/filter  body={""gender"":""male"",""category"":""shirt""}",GET /products?id=55,/products/filter,POST,,"{""gender"":""male"",""category"":""shirt""}",returner,desktop,15,False
324,3,GET /products?id=55,GET /reviews?product_id=55,/products,GET,id=55,,returner,desktop,15,False
324,4,GET /reviews?product_id=55,END,/reviews,GET,product_id=55,,returner,desktop,15,True
325,1,GET /search?q=heels,GET /products?id=39,/search,GET,q=heels,,new_visitor,tablet,17,False
325,2,GET /products?id=39,GET /cart?product_id=39,/products,GET,id=39,,new_visitor,tablet,17,False
325,3,GET /cart?product_id=39,END,/cart,GET,product_id=39,,new_visitor,tablet,17,True
326,1,GET /products/filter,"POST /products/filter  body={""gender"":""unisex"",""category"":""skirt"",""price"":""high""}",/products/filter,GET,,,buyer,desktop,1,False
326,2,"POST /products/filter  body={""gender"":""unisex"",""category"":""skirt"",""price"":""high""}",GET /products?id=110,/products/filter,POST,,"{""gender"":""unisex"",""category"":""skirt"",""price"":""high""}",buyer,desktop,1,False
326,3,GET /products?id=110,GET /cart?product_id=110,/products,GET,id=110,,buyer,desktop,1,False
326,4,GET /cart?product_id=110,END,/cart,GET,product_id=110,,buyer,desktop,1,True
327,1,GET /products/filter,"POST /products/filter  body={""gender"":""unisex"",""category"":""shirt""}",/products/filter,GET,,,indecisive,tablet,15,False
327,2,"POST /products/filter  body={""gender"":""unisex"",""category"":""shirt""}",GET /products?id=15,/products/filter,POST,,"{""gender"":""unisex"",""category"":""shirt""}",indecisive,tablet,15,False
327,3,GET /products?id=15,GET /cart?product_id=15,/products,GET,id=15,,indecisive,tablet,15,False
327,4,GET /cart?product_id=15,END,/cart,GET,product_id=15,,indecisive,tablet,15,True
328,1,GET /products,GET /products?id=11,/products,GET,,,buyer,mobile,19,False
328,2,GET /products?id=11,GET /cart?product_id=11,/products,GET,id=11,,buyer,mobile,19,False
328,3,GET /cart?product_id=11,GET /checkout,/cart,GET,product_id=11,,buyer,mobile,19,False
328,4,GET /checkout,"POST /payment  body={""amount"": 49.99, ""method"": ""card""}",/checkout,GET,,,buyer,mobile,19,False
328,5,"POST /payment  body={""amount"": 49.99, ""method"": ""card""}",END,/payment,POST,,"{""amount"": 49.99, ""method"": ""card""}",buyer,mobile,19,True
329,1,GET /products,GET /products?id=11,/products,GET,,,buyer,mobile,21,False
329,2,GET /products?id=11,GET /reviews?product_id=11,/products,GET,id=11,,buyer,mobile,21,False
329,3,GET /reviews?product_id=11,GET /products?id=11,/reviews,GET,product_id=11,,buyer,mobile,21,False
329,4,GET /products?id=11,GET /cart?product_id=11,/products,GET,id=11,,buyer,mobile,21,False
329,5,GET /cart?product_id=11,END,/cart,GET,product_id=11,,buyer,mobile,21,True
330,1,GET /products/filter,"POST /products/filter  body={""gender"":""male"",""category"":""skirt""}",/products/filter,GET,,,browser,mobile,13,False
330,2,"POST /products/filter  body={""gender"":""male"",""category"":""skirt""}",GET /products?id=61,/products/filter,POST,,"{""gender"":""male"",""category"":""skirt""}",browser,mobile,13,False
330,3,GET /products?id=61,GET /reviews?product_id=61,/products,GET,id=61,,browser,mobile,13,False
330,4,GET /reviews?product_id=61,END,/reviews,GET,product_id=61,,browser,mobile,13,True
331,1,GET /search?q=wallet,GET /products?id=120,/search,GET,q=wallet,,browser,tablet,5,False
331,2,GET /products?id=120,GET /cart?product_id=120,/products,GET,id=120,,browser,tablet,5,False
331,3,GET /cart?product_id=120,END,/cart,GET,product_id=120,,browser,tablet,5,True
332,1,GET /products/filter,"POST /products/filter  body={""gender"":""female"",""category"":""skirt""}",/products/filter,GET,,,buyer,desktop,10,False
332,2,"POST /products/filter  body={""gender"":""female"",""category"":""skirt""}",GET /products?id=11,/products/filter,POST,,"{""gender"":""female"",""category"":""skirt""}",buyer,desktop,10,False
332,3,GET /products?id=11,GET /cart?product_id=11,/products,GET,id=11,,buyer,desktop,10,False
332,4,GET /cart?product_id=11,END,/cart,GET,product_id=11,,buyer,desktop,10,True
333,1,GET /products/filter,"POST /products/filter  body={""gender"":""female"",""category"":""skirt"",""price"":""high""}",/products/filter,GET,,,new_visitor,tablet,23,False
333,2,"POST /products/filter  body={""gender"":""female"",""category"":""skirt"",""price"":""high""}",GET /products,/products/filter,POST,,"{""gender"":""female"",""category"":""skirt"",""price"":""high""}",new_visitor,tablet,23,False
333,3,GET /products,"POST /products/filter  body={""gender"":""female"",""category"":""skirt""}",/products,GET,,,new_visitor,tablet,23,False
333,4,"POST /products/filter  body={""gender"":""female"",""category"":""skirt""}",GET /products?id=105,/products/filter,POST,,"{""gender"":""female"",""category"":""skirt""}",new_visitor,tablet,23,False
333,5,GET /products?id=105,GET /cart?product_id=105,/products,GET,id=105,,new_visitor,tablet,23,False
333,6,GET /cart?product_id=105,END,/cart,GET,product_id=105,,new_visitor,tablet,23,True
334,1,GET /products,GET /products?id=73,/products,GET,,,buyer,mobile,12,False
334,2,GET /products?id=73,GET /cart?product_id=73,/products,GET,id=73,,buyer,mobile,12,False
334,3,GET /cart?product_id=73,GET /home,/cart,GET,product_id=73,,buyer,mobile,12,False
334,4,GET /home,END,/home,GET,,,buyer,mobile,12,True
335,1,GET /products/filter,"POST /products/filter  body={""gender"":""unisex"",""category"":""skirt"",""price"":""high""}",/products/filter,GET,,,indecisive,mobile,0,False
335,2,"POST /products/filter  body={""gender"":""unisex"",""category"":""skirt"",""price"":""high""}",GET /products?id=22,/products/filter,POST,,"{""gender"":""unisex"",""category"":""skirt"",""price"":""high""}",indecisive,mobile,0,False
335,3,GET /products?id=22,GET /cart?product_id=22,/products,GET,id=22,,indecisive,mobile,0,False
335,4,GET /cart?product_id=22,END,/cart,GET,product_id=22,,indecisive,mobile,0,True
336,1,GET /home,GET /category?type=women,/home,GET,,,returner,tablet,17,False
336,2,GET /category?type=women,GET /products?id=88,/category,GET,type=women,,returner,tablet,17,False
336,3,GET /products?id=88,GET /cart?product_id=88,/products,GET,id=88,,returner,tablet,17,False
336,4,GET /cart?product_id=88,END,/cart,GET,product_id=88,,returner,tablet,17,True
337,1,GET /products,GET /products?id=55,/products,GET,,,new_visitor,desktop,8,False
337,2,GET /products?id=55,GET /cart?product_id=55,/products,GET,id=55,,new_visitor,desktop,8,False
337,3,GET /cart?product_id=55,END,/cart,GET,product_id=55,,new_visitor,desktop,8,True
338,1,GET /products,GET /products?id=42,/products,GET,,,returner,tablet,8,False
338,2,GET /products?id=42,"POST /wishlist?product_id=42  body={""product_id"": 42}",/products,GET,id=42,,returner,tablet,8,False
338,3,"POST /wishlist?product_id=42  body={""product_id"": 42}",GET /cart?product_id=42,/wishlist,POST,product_id=42,"{""product_id"": 42}",returner,tablet,8,False
338,4,GET /cart?product_id=42,END,/cart,GET,product_id=42,,returner,tablet,8,True
339,1,GET /products,GET /products?id=88,/products,GET,,,indecisive,desktop,18,False
339,2,GET /products?id=88,GET /reviews?product_id=88,/products,GET,id=88,,indecisive,desktop,18,False
339,3,GET /reviews?product_id=88,GET /products?id=88,/reviews,GET,product_id=88,,indecisive,desktop,18,False
339,4,GET /products?id=88,GET /cart?product_id=88,/products,GET,id=88,,indecisive,desktop,18,False
339,5,GET /cart?product_id=88,END,/cart,GET,product_id=88,,indecisive,desktop,18,True
340,1,GET /products,GET /products?id=105,/products,GET,,,buyer,tablet,20,False
340,2,GET /products?id=105,GET /reviews?product_id=105,/products,GET,id=105,,buyer,tablet,20,False
340,3,GET /reviews?product_id=105,GET /products?id=33,/reviews,GET,product_id=105,,buyer,tablet,20,False
340,4,GET /products?id=33,GET /cart?product_id=33,/products,GET,id=33,,buyer,tablet,20,False
340,5,GET /cart?product_id=33,END,/cart,GET,product_id=33,,buyer,tablet,20,True
341,1,GET /products,GET /products?id=61,/products,GET,,,browser,desktop,21,False
341,2,GET /products?id=61,GET /cart?product_id=61,/products,GET,id=61,,browser,desktop,21,False
341,3,GET /cart?product_id=61,END,/cart,GET,product_id=61,,browser,desktop,21,True
342,1,GET /search?q=wallet,GET /products?id=15,/search,GET,q=wallet,,buyer,mobile,8,False
342,2,GET /products?id=15,GET /cart?product_id=15,/products,GET,id=15,,buyer,mobile,8,False
342,3,GET /cart?product_id=15,END,/cart,GET,product_id=15,,buyer,mobile,8,True
343,1,GET /products,GET /products?id=42,/products,GET,,,indecisive,desktop,18,False
343,2,GET /products?id=42,"POST /wishlist?product_id=42  body={""product_id"": 42}",/products,GET,id=42,,indecisive,desktop,18,False
343,3,"POST /wishlist?product_id=42  body={""product_id"": 42}",GET /cart?product_id=42,/wishlist,POST,product_id=42,"{""product_id"": 42}",indecisive,desktop,18,False
343,4,GET /cart?product_id=42,END,/cart,GET,product_id=42,,indecisive,desktop,18,True
344,1,GET /products,GET /products?id=44,/products,GET,,,indecisive,tablet,11,False
344,2,GET /products?id=44,"POST /wishlist?product_id=44  body={""product_id"": 44}",/products,GET,id=44,,indecisive,tablet,11,False
344,3,"POST /wishlist?product_id=44  body={""product_id"": 44}",GET /cart?product_id=44,/wishlist,POST,product_id=44,"{""product_id"": 44}",indecisive,tablet,11,False
344,4,GET /cart?product_id=44,END,/cart,GET,product_id=44,,indecisive,tablet,11,True
345,1,GET /products,GET /products?id=22,/products,GET,,,browser,desktop,9,False
345,2,GET /products?id=22,GET /cart?product_id=22,/products,GET,id=22,,browser,desktop,9,False
345,3,GET /cart?product_id=22,END,/cart,GET,product_id=22,,browser,desktop,9,True
346,1,GET /products/filter,"POST /products/filter  body={""gender"":""female"",""category"":""sneakers"",""price"":""mid""}",/products/filter,GET,,,indecisive,desktop,19,False
346,2,"POST /products/filter  body={""gender"":""female"",""category"":""sneakers"",""price"":""mid""}",GET /products?id=110,/products/filter,POST,,"{""gender"":""female"",""category"":""sneakers"",""price"":""mid""}",indecisive,desktop,19,False
346,3,GET /products?id=110,GET /cart?product_id=110,/products,GET,id=110,,indecisive,desktop,19,False
346,4,GET /cart?product_id=110,END,/cart,GET,product_id=110,,indecisive,desktop,19,True
347,1,GET /products,GET /products?id=120,/products,GET,,,new_visitor,desktop,13,False
347,2,GET /products?id=120,"POST /wishlist?product_id=120  body={""product_id"": 120}",/products,GET,id=120,,new_visitor,desktop,13,False
347,3,"POST /wishlist?product_id=120  body={""product_id"": 120}",GET /cart?product_id=120,/wishlist,POST,product_id=120,"{""product_id"": 120}",new_visitor,desktop,13,False
347,4,GET /cart?product_id=120,END,/cart,GET,product_id=120,,new_visitor,desktop,13,True
348,1,GET /products,GET /products?id=47,/products,GET,,,new_visitor,tablet,6,False
348,2,GET /products?id=47,GET /cart?product_id=47,/products,GET,id=47,,new_visitor,tablet,6,False
348,3,GET /cart?product_id=47,GET /checkout,/cart,GET,product_id=47,,new_visitor,tablet,6,False
348,4,GET /checkout,"POST /payment  body={""amount"": 49.99, ""method"": ""card""}",/checkout,GET,,,new_visitor,tablet,6,False
348,5,"POST /payment  body={""amount"": 49.99, ""method"": ""card""}",END,/payment,POST,,"{""amount"": 49.99, ""method"": ""card""}",new_visitor,tablet,6,True
349,1,GET /products,GET /products?id=47,/products,GET,,,new_visitor,desktop,16,False
349,2,GET /products?id=47,"POST /wishlist?product_id=47  body={""product_id"": 47}",/products,GET,id=47,,new_visitor,desktop,16,False
349,3,"POST /wishlist?product_id=47  body={""product_id"": 47}",GET /cart?product_id=47,/wishlist,POST,product_id=47,"{""product_id"": 47}",new_visitor,desktop,16,False
349,4,GET /cart?product_id=47,END,/cart,GET,product_id=47,,new_visitor,desktop,16,True
350,1,GET /products/filter,"POST /products/filter  body={""gender"":""female"",""category"":""watch"",""price"":""high""}",/products/filter,GET,,,new_visitor,mobile,1,False
350,2,"POST /products/filter  body={""gender"":""female"",""category"":""watch"",""price"":""high""}",GET /products,/products/filter,POST,,"{""gender"":""female"",""category"":""watch"",""price"":""high""}",new_visitor,mobile,1,False
350,3,GET /products,"POST /products/filter  body={""gender"":""female"",""category"":""watch""}",/products,GET,,,new_visitor,mobile,1,False
350,4,"POST /products/filter  body={""gender"":""female"",""category"":""watch""}",GET /products?id=61,/products/filter,POST,,"{""gender"":""female"",""category"":""watch""}",new_visitor,mobile,1,False
350,5,GET /products?id=61,GET /cart?product_id=61,/products,GET,id=61,,new_visitor,mobile,1,False
350,6,GET /cart?product_id=61,END,/cart,GET,product_id=61,,new_visitor,mobile,1,True
351,1,GET /search?q=leather bag,GET /products?id=120,/search,GET,q=leather bag,,buyer,desktop,16,False
351,2,GET /products?id=120,GET /cart?product_id=120,/products,GET,id=120,,buyer,desktop,16,False
351,3,GET /cart?product_id=120,END,/cart,GET,product_id=120,,buyer,desktop,16,True
352,1,GET /products,GET /products?id=110,/products,GET,,,browser,tablet,14,False
352,2,GET /products?id=110,GET /cart?product_id=110,/products,GET,id=110,,browser,tablet,14,False
352,3,GET /cart?product_id=110,GET /home,/cart,GET,product_id=110,,browser,tablet,14,False
352,4,GET /home,END,/home,GET,,,browser,tablet,14,True
353,1,GET /search?q=red dress,GET /products?id=110,/search,GET,q=red dress,,buyer,tablet,13,False
353,2,GET /products?id=110,GET /cart?product_id=110,/products,GET,id=110,,buyer,tablet,13,False
353,3,GET /cart?product_id=110,END,/cart,GET,product_id=110,,buyer,tablet,13,True
354,1,GET /search?q=red dress,GET /products?id=88,/search,GET,q=red dress,,indecisive,tablet,0,False
354,2,GET /products?id=88,GET /cart?product_id=88,/products,GET,id=88,,indecisive,tablet,0,False
354,3,GET /cart?product_id=88,END,/cart,GET,product_id=88,,indecisive,tablet,0,True
355,1,GET /search?q=summer skirt,GET /products?id=44,/search,GET,q=summer skirt,,new_visitor,mobile,1,False
355,2,GET /products?id=44,GET /cart?product_id=44,/products,GET,id=44,,new_visitor,mobile,1,False
355,3,GET /cart?product_id=44,END,/cart,GET,product_id=44,,new_visitor,mobile,1,True
356,1,GET /products/filter,"POST /products/filter  body={""gender"":""female"",""category"":""dress""}",/products/filter,GET,,,browser,desktop,1,False
356,2,"POST /products/filter  body={""gender"":""female"",""category"":""dress""}",GET /products?id=39,/products/filter,POST,,"{""gender"":""female"",""category"":""dress""}",browser,desktop,1,False
356,3,GET /products?id=39,GET /cart?product_id=39,/products,GET,id=39,,browser,desktop,1,False
356,4,GET /cart?product_id=39,END,/cart,GET,product_id=39,,browser,desktop,1,True
357,1,GET /search?q=jacket,GET /products?id=61,/search,GET,q=jacket,,returner,desktop,12,False
357,2,GET /products?id=61,GET /cart?product_id=61,/products,GET,id=61,,returner,desktop,12,False
357,3,GET /cart?product_id=61,END,/cart,GET,product_id=61,,returner,desktop,12,True
358,1,GET /products?id=101,GET /cart?product_id=101,/products,GET,id=101,,indecisive,mobile,5,False
358,2,GET /cart?product_id=101,END,/cart,GET,product_id=101,,indecisive,mobile,5,True
359,1,GET /products?id=110,GET /cart?product_id=110,/products,GET,id=110,,buyer,mobile,0,False
359,2,GET /cart?product_id=110,END,/cart,GET,product_id=110,,buyer,mobile,0,True
360,1,GET /search?q=leather bag,GET /products?id=11,/search,GET,q=leather bag,,new_visitor,desktop,17,False
360,2,GET /products?id=11,GET /cart?product_id=11,/products,GET,id=11,,new_visitor,desktop,17,False
360,3,GET /cart?product_id=11,END,/cart,GET,product_id=11,,new_visitor,desktop,17,True
361,1,GET /products/filter,"POST /products/filter  body={""gender"":""unisex"",""category"":""skirt"",""price"":""low""}",/products/filter,GET,,,returner,desktop,4,False
361,2,"POST /products/filter  body={""gender"":""unisex"",""category"":""skirt"",""price"":""low""}",GET /products?id=105,/products/filter,POST,,"{""gender"":""unisex"",""category"":""skirt"",""price"":""low""}",returner,desktop,4,False
361,3,GET /products?id=105,GET /cart?product_id=105,/products,GET,id=105,,returner,desktop,4,False
361,4,GET /cart?product_id=105,END,/cart,GET,product_id=105,,returner,desktop,4,True
362,1,GET /products/filter,"POST /products/filter  body={""gender"":""female"",""category"":""watch"",""price"":""low""}",/products/filter,GET,,,new_visitor,mobile,7,False
362,2,"POST /products/filter  body={""gender"":""female"",""category"":""watch"",""price"":""low""}",GET /products?id=110,/products/filter,POST,,"{""gender"":""female"",""category"":""watch"",""price"":""low""}",new_visitor,mobile,7,False
362,3,GET /products?id=110,GET /cart?product_id=110,/products,GET,id=110,,new_visitor,mobile,7,False
362,4,GET /cart?product_id=110,END,/cart,GET,product_id=110,,new_visitor,mobile,7,True
363,1,GET /products,GET /products?id=44,/products,GET,,,new_visitor,tablet,22,False
363,2,GET /products?id=44,GET /products?id=101,/products,GET,id=44,,new_visitor,tablet,22,False
363,3,GET /products?id=101,GET /products?id=110,/products,GET,id=101,,new_visitor,tablet,22,False
363,4,GET /products?id=110,GET /products?id=11,/products,GET,id=110,,new_visitor,tablet,22,False
363,5,GET /products?id=11,GET /reviews?product_id=11,/products,GET,id=11,,new_visitor,tablet,22,False
363,6,GET /reviews?product_id=11,GET /cart?product_id=11,/reviews,GET,product_id=11,,new_visitor,tablet,22,False
363,7,GET /cart?product_id=11,END,/cart,GET,product_id=11,,new_visitor,tablet,22,True
364,1,GET /products,GET /products?id=33,/products,GET,,,indecisive,mobile,23,False
364,2,GET /products?id=33,GET /products?id=11,/products,GET,id=33,,indecisive,mobile,23,False
364,3,GET /products?id=11,GET /products?id=22,/products,GET,id=11,,indecisive,mobile,23,False
364,4,GET /products?id=22,GET /products?id=61,/products,GET,id=22,,indecisive,mobile,23,False
364,5,GET /products?id=61,GET /reviews?product_id=61,/products,GET,id=61,,indecisive,mobile,23,False
364,6,GET /reviews?product_id=61,END,/reviews,GET,product_id=61,,indecisive,mobile,23,True
365,1,GET /products/filter,"POST /products/filter  body={""gender"":""female"",""category"":""watch""}",/products/filter,GET,,,new_visitor,mobile,13,False
365,2,"POST /products/filter  body={""gender"":""female"",""category"":""watch""}",GET /products?id=73,/products/filter,POST,,"{""gender"":""female"",""category"":""watch""}",new_visitor,mobile,13,False
365,3,GET /products?id=73,GET /cart?product_id=73,/products,GET,id=73,,new_visitor,mobile,13,False
365,4,GET /cart?product_id=73,END,/cart,GET,product_id=73,,new_visitor,mobile,13,True
366,1,GET /products,GET /products?id=39,/products,GET,,,returner,tablet,15,False
366,2,GET /products?id=39,GET /reviews?product_id=39,/products,GET,id=39,,returner,tablet,15,False
366,3,GET /reviews?product_id=39,END,/reviews,GET,product_id=39,,returner,tablet,15,True
367,1,GET /products,GET /products?id=105,/products,GET,,,returner,tablet,10,False
367,2,GET /products?id=105,"POST /wishlist?product_id=105  body={""product_id"": 105}",/products,GET,id=105,,returner,tablet,10,False
367,3,"POST /wishlist?product_id=105  body={""product_id"": 105}",GET /cart?product_id=105,/wishlist,POST,product_id=105,"{""product_id"": 105}",returner,tablet,10,False
367,4,GET /cart?product_id=105,END,/cart,GET,product_id=105,,returner,tablet,10,True
368,1,GET /products,GET /products?id=120,/products,GET,,,buyer,desktop,12,False
368,2,GET /products?id=120,GET /cart?product_id=120,/products,GET,id=120,,buyer,desktop,12,False
368,3,GET /cart?product_id=120,END,/cart,GET,product_id=120,,buyer,desktop,12,True
369,1,GET /products,GET /products?id=110,/products,GET,,,buyer,desktop,22,False
369,2,GET /products?id=110,GET /reviews?product_id=110,/products,GET,id=110,,buyer,desktop,22,False
369,3,GET /reviews?product_id=110,END,/reviews,GET,product_id=110,,buyer,desktop,22,True
370,1,GET /home,GET /category?type=women,/home,GET,,,new_visitor,desktop,13,False
370,2,GET /category?type=women,GET /products?id=55,/category,GET,type=women,,new_visitor,desktop,13,False
370,3,GET /products?id=55,GET /cart?product_id=55,/products,GET,id=55,,new_visitor,desktop,13,False
370,4,GET /cart?product_id=55,END,/cart,GET,product_id=55,,new_visitor,desktop,13,True
371,1,GET /products/filter,"POST /products/filter  body={""gender"":""female"",""category"":""sneakers""}",/products/filter,GET,,,buyer,desktop,6,False
371,2,"POST /products/filter  body={""gender"":""female"",""category"":""sneakers""}",GET /products?id=39,/products/filter,POST,,"{""gender"":""female"",""category"":""sneakers""}",buyer,desktop,6,False
371,3,GET /products?id=39,GET /reviews?product_id=39,/products,GET,id=39,,buyer,desktop,6,False
371,4,GET /reviews?product_id=39,END,/reviews,GET,product_id=39,,buyer,desktop,6,True
372,1,GET /products/filter,"POST /products/filter  body={""gender"":""female"",""category"":""sneakers"",""price"":""high""}",/products/filter,GET,,,browser,tablet,23,False
372,2,"POST /products/filter  body={""gender"":""female"",""category"":""sneakers"",""price"":""high""}",GET /products,/products/filter,POST,,"{""gender"":""female"",""category"":""sneakers"",""price"":""high""}",browser,tablet,23,False
372,3,GET /products,"POST /products/filter  body={""gender"":""female"",""category"":""sneakers""}",/products,GET,,,browser,tablet,23,False
372,4,"POST /products/filter  body={""gender"":""female"",""category"":""sneakers""}",GET /products?id=101,/products/filter,POST,,"{""gender"":""female"",""category"":""sneakers""}",browser,tablet,23,False
372,5,GET /products?id=101,GET /cart?product_id=101,/products,GET,id=101,,browser,tablet,23,False
372,6,GET /cart?product_id=101,END,/cart,GET,product_id=101,,browser,tablet,23,True
373,1,GET /products,GET /products?id=88,/products,GET,,,new_visitor,tablet,1,False
373,2,GET /products?id=88,GET /products?id=120,/products,GET,id=88,,new_visitor,tablet,1,False
373,3,GET /products?id=120,GET /products?id=88,/products,GET,id=120,,new_visitor,tablet,1,False
373,4,GET /products?id=88,GET /reviews?product_id=88,/products,GET,id=88,,new_visitor,tablet,1,False
373,5,GET /reviews?product_id=88,GET /products?id=33,/reviews,GET,product_id=88,,new_visitor,tablet,1,False
373,6,GET /products?id=33,GET /reviews?product_id=33,/products,GET,id=33,,new_visitor,tablet,1,False
373,7,GET /reviews?product_id=33,GET /cart?product_id=33,/reviews,GET,product_id=33,,new_visitor,tablet,1,False
373,8,GET /cart?product_id=33,END,/cart,GET,product_id=33,,new_visitor,tablet,1,True
374,1,GET /products,GET /products?id=88,/products,GET,,,browser,tablet,15,False
374,2,GET /products?id=88,GET /reviews?product_id=88,/products,GET,id=88,,browser,tablet,15,False
374,3,GET /reviews?product_id=88,GET /products?id=101,/reviews,GET,product_id=88,,browser,tablet,15,False
374,4,GET /products?id=101,GET /cart?product_id=101,/products,GET,id=101,,browser,tablet,15,False
374,5,GET /cart?product_id=101,END,/cart,GET,product_id=101,,browser,tablet,15,True
375,1,GET /products,GET /products?id=101,/products,GET,,,buyer,tablet,10,False
375,2,GET /products?id=101,GET /cart?product_id=101,/products,GET,id=101,,buyer,tablet,10,False
375,3,GET /cart?product_id=101,GET /checkout,/cart,GET,product_id=101,,buyer,tablet,10,False
375,4,GET /checkout,"POST /payment  body={""amount"": 49.99, ""method"": ""card""}",/checkout,GET,,,buyer,tablet,10,False
375,5,"POST /payment  body={""amount"": 49.99, ""method"": ""card""}",END,/payment,POST,,"{""amount"": 49.99, ""method"": ""card""}",buyer,tablet,10,True
376,1,GET /products/filter,"POST /products/filter  body={""gender"":""male"",""category"":""shirt""}",/products/filter,GET,,,returner,tablet,20,False
376,2,"POST /products/filter  body={""gender"":""male"",""category"":""shirt""}",GET /products?id=120,/products/filter,POST,,"{""gender"":""male"",""category"":""shirt""}",returner,tablet,20,False
376,3,GET /products?id=120,GET /reviews?product_id=120,/products,GET,id=120,,returner,tablet,20,False
376,4,GET /reviews?product_id=120,END,/reviews,GET,product_id=120,,returner,tablet,20,True
377,1,GET /search?q=office shirt,GET /products?id=88,/search,GET,q=office shirt,,returner,mobile,23,False
377,2,GET /products?id=88,GET /reviews?product_id=88,/products,GET,id=88,,returner,mobile,23,False
377,3,GET /reviews?product_id=88,END,/reviews,GET,product_id=88,,returner,mobile,23,True
378,1,GET /products,GET /products?id=11,/products,GET,,,indecisive,desktop,13,False
378,2,GET /products?id=11,GET /reviews?product_id=11,/products,GET,id=11,,indecisive,desktop,13,False
378,3,GET /reviews?product_id=11,END,/reviews,GET,product_id=11,,indecisive,desktop,13,True
379,1,GET /products?id=105,GET /cart?product_id=105,/products,GET,id=105,,browser,desktop,17,False
379,2,GET /cart?product_id=105,END,/cart,GET,product_id=105,,browser,desktop,17,True
380,1,GET /search?q=leather bag,GET /products?id=120,/search,GET,q=leather bag,,buyer,desktop,7,False
380,2,GET /products?id=120,GET /cart?product_id=120,/products,GET,id=120,,buyer,desktop,7,False
380,3,GET /cart?product_id=120,END,/cart,GET,product_id=120,,buyer,desktop,7,True
381,1,GET /products/filter,"POST /products/filter  body={""gender"":""male"",""category"":""sneakers""}",/products/filter,GET,,,new_visitor,tablet,21,False
381,2,"POST /products/filter  body={""gender"":""male"",""category"":""sneakers""}",GET /products?id=110,/products/filter,POST,,"{""gender"":""male"",""category"":""sneakers""}",new_visitor,tablet,21,False
381,3,GET /products?id=110,GET /reviews?product_id=110,/products,GET,id=110,,new_visitor,tablet,21,False
381,4,GET /reviews?product_id=110,END,/reviews,GET,product_id=110,,new_visitor,tablet,21,True
382,1,GET /products,GET /products?id=120,/products,GET,,,buyer,tablet,11,False
382,2,GET /products?id=120,GET /cart?product_id=120,/products,GET,id=120,,buyer,tablet,11,False
382,3,GET /cart?product_id=120,END,/cart,GET,product_id=120,,buyer,tablet,11,True
383,1,GET /home,GET /category?type=women,/home,GET,,,new_visitor,tablet,1,False
383,2,GET /category?type=women,GET /products?id=88,/category,GET,type=women,,new_visitor,tablet,1,False
383,3,GET /products?id=88,GET /cart?product_id=88,/products,GET,id=88,,new_visitor,tablet,1,False
383,4,GET /cart?product_id=88,END,/cart,GET,product_id=88,,new_visitor,tablet,1,True
384,1,GET /products,GET /products?id=11,/products,GET,,,browser,mobile,13,False
384,2,GET /products?id=11,GET /cart?product_id=11,/products,GET,id=11,,browser,mobile,13,False
384,3,GET /cart?product_id=11,END,/cart,GET,product_id=11,,browser,mobile,13,True
385,1,GET /home,GET /category?type=men,/home,GET,,,buyer,mobile,6,False
385,2,GET /category?type=men,GET /products?id=11,/category,GET,type=men,,buyer,mobile,6,False
385,3,GET /products?id=11,GET /cart?product_id=11,/products,GET,id=11,,buyer,mobile,6,False
385,4,GET /cart?product_id=11,END,/cart,GET,product_id=11,,buyer,mobile,6,True
386,1,GET /products?id=120,GET /cart?product_id=120,/products,GET,id=120,,new_visitor,tablet,21,False
386,2,GET /cart?product_id=120,END,/cart,GET,product_id=120,,new_visitor,tablet,21,True
387,1,GET /home,GET /category?type=women,/home,GET,,,browser,mobile,17,False
387,2,GET /category?type=women,GET /products?id=42,/category,GET,type=women,,browser,mobile,17,False
387,3,GET /products?id=42,GET /cart?product_id=42,/products,GET,id=42,,browser,mobile,17,False
387,4,GET /cart?product_id=42,END,/cart,GET,product_id=42,,browser,mobile,17,True
388,1,GET /home,GET /category?type=men,/home,GET,,,new_visitor,tablet,8,False
388,2,GET /category?type=men,GET /products?id=11,/category,GET,type=men,,new_visitor,tablet,8,False
388,3,GET /products?id=11,GET /cart?product_id=11,/products,GET,id=11,,new_visitor,tablet,8,False
388,4,GET /cart?product_id=11,END,/cart,GET,product_id=11,,new_visitor,tablet,8,True
389,1,GET /search?q=running shoes,GET /products?id=55,/search,GET,q=running shoes,,new_visitor,tablet,21,False
389,2,GET /products?id=55,GET /cart?product_id=55,/products,GET,id=55,,new_visitor,tablet,21,False
389,3,GET /cart?product_id=55,END,/cart,GET,product_id=55,,new_visitor,tablet,21,True
390,1,GET /products/filter,"POST /products/filter  body={""gender"":""unisex"",""category"":""watch"",""price"":""high""}",/products/filter,GET,,,browser,tablet,4,False
390,2,"POST /products/filter  body={""gender"":""unisex"",""category"":""watch"",""price"":""high""}",GET /products?id=39,/products/filter,POST,,"{""gender"":""unisex"",""category"":""watch"",""price"":""high""}",browser,tablet,4,False
390,3,GET /products?id=39,GET /cart?product_id=39,/products,GET,id=39,,browser,tablet,4,False
390,4,GET /cart?product_id=39,END,/cart,GET,product_id=39,,browser,tablet,4,True
391,1,GET /search?q=heels,GET /products?id=110,/search,GET,q=heels,,indecisive,desktop,2,False
391,2,GET /products?id=110,GET /cart?product_id=110,/products,GET,id=110,,indecisive,desktop,2,False
391,3,GET /cart?product_id=110,END,/cart,GET,product_id=110,,indecisive,desktop,2,True
392,1,GET /products/filter,"POST /products/filter  body={""gender"":""unisex"",""category"":""skirt"",""price"":""low""}",/products/filter,GET,,,new_visitor,mobile,22,False
392,2,"POST /products/filter  body={""gender"":""unisex"",""category"":""skirt"",""price"":""low""}",GET /products?id=47,/products/filter,POST,,"{""gender"":""unisex"",""category"":""skirt"",""price"":""low""}",new_visitor,mobile,22,False
392,3,GET /products?id=47,GET /cart?product_id=47,/products,GET,id=47,,new_visitor,mobile,22,False
392,4,GET /cart?product_id=47,END,/cart,GET,product_id=47,,new_visitor,mobile,22,True
393,1,GET /home,GET /category?type=women,/home,GET,,,returner,desktop,12,False
393,2,GET /category?type=women,GET /products?id=73,/category,GET,type=women,,returner,desktop,12,False
393,3,GET /products?id=73,GET /cart?product_id=73,/products,GET,id=73,,returner,desktop,12,False
393,4,GET /cart?product_id=73,END,/cart,GET,product_id=73,,returner,desktop,12,True
394,1,GET /products,GET /products?id=105,/products,GET,,,browser,tablet,5,False
394,2,GET /products?id=105,GET /cart?product_id=105,/products,GET,id=105,,browser,tablet,5,False
394,3,GET /cart?product_id=105,END,/cart,GET,product_id=105,,browser,tablet,5,True
395,1,GET /products,GET /products?id=44,/products,GET,,,indecisive,tablet,3,False
395,2,GET /products?id=44,GET /reviews?product_id=44,/products,GET,id=44,,indecisive,tablet,3,False
395,3,GET /reviews?product_id=44,GET /products?id=42,/reviews,GET,product_id=44,,indecisive,tablet,3,False
395,4,GET /products?id=42,GET /cart?product_id=42,/products,GET,id=42,,indecisive,tablet,3,False
395,5,GET /cart?product_id=42,END,/cart,GET,product_id=42,,indecisive,tablet,3,True
396,1,GET /search?q=red dress,GET /products?id=47,/search,GET,q=red dress,,buyer,tablet,18,False
396,2,GET /products?id=47,GET /reviews?product_id=47,/products,GET,id=47,,buyer,tablet,18,False
396,3,GET /reviews?product_id=47,END,/reviews,GET,product_id=47,,buyer,tablet,18,True
397,1,GET /products,GET /products?id=73,/products,GET,,,indecisive,tablet,18,False
397,2,GET /products?id=73,GET /reviews?product_id=73,/products,GET,id=73,,indecisive,tablet,18,False
397,3,GET /reviews?product_id=73,GET /products?id=73,/reviews,GET,product_id=73,,indecisive,tablet,18,False
397,4,GET /products?id=73,GET /cart?product_id=73,/products,GET,id=73,,indecisive,tablet,18,False
397,5,GET /cart?product_id=73,END,/cart,GET,product_id=73,,indecisive,tablet,18,True
398,1,GET /products,GET /products?id=101,/products,GET,,,indecisive,mobile,6,False
398,2,GET /products?id=101,GET /products?id=47,/products,GET,id=101,,indecisive,mobile,6,False
398,3,GET /products?id=47,GET /products?id=22,/products,GET,id=47,,indecisive,mobile,6,False
398,4,GET /products?id=22,GET /products?id=73,/products,GET,id=22,,indecisive,mobile,6,False
398,5,GET /products?id=73,GET /cart?product_id=73,/products,GET,id=73,,indecisive,mobile,6,False
398,6,GET /cart?product_id=73,END,/cart,GET,product_id=73,,indecisive,mobile,6,True
399,1,GET /products,GET /products?id=33,/products,GET,,,new_visitor,desktop,21,False
399,2,GET /products?id=33,GET /reviews?product_id=33,/products,GET,id=33,,new_visitor,desktop,21,False
399,3,GET /reviews?product_id=33,GET /products?id=101,/reviews,GET,product_id=33,,new_visitor,desktop,21,False
399,4,GET /products?id=101,GET /cart?product_id=101,/products,GET,id=101,,new_visitor,desktop,21,False
399,5,GET /cart?product_id=101,END,/cart,GET,product_id=101,,new_visitor,desktop,21,True
400,1,GET /products,GET /products?id=39,/products,GET,,,buyer,tablet,23,False
400,2,GET /products?id=39,GET /cart?product_id=39,/products,GET,id=39,,buyer,tablet,23,False
400,3,GET /cart?product_id=39,END,/cart,GET,product_id=39,,buyer,tablet,23,True
401,1,GET /products/filter,"POST /products/filter  body={""gender"":""male"",""category"":""shirt""}",/products/filter,GET,,,returner,mobile,2,False
401,2,"POST /products/filter  body={""gender"":""male"",""category"":""shirt""}",GET /products?id=42,/products/filter,POST,,"{""gender"":""male"",""category"":""shirt""}",returner,mobile,2,False
401,3,GET /products?id=42,GET /reviews?product_id=42,/products,GET,id=42,,returner,mobile,2,False
401,4,GET /reviews?product_id=42,END,/reviews,GET,product_id=42,,returner,mobile,2,True
402,1,GET /products/filter,"POST /products/filter  body={""gender"":""unisex"",""category"":""sneakers""}",/products/filter,GET,,,indecisive,desktop,15,False
402,2,"POST /products/filter  body={""gender"":""unisex"",""category"":""sneakers""}",GET /products?id=73,/products/filter,POST,,"{""gender"":""unisex"",""category"":""sneakers""}",indecisive,desktop,15,False
402,3,GET /products?id=73,GET /cart?product_id=73,/products,GET,id=73,,indecisive,desktop,15,False
402,4,GET /cart?product_id=73,END,/cart,GET,product_id=73,,indecisive,desktop,15,True
403,1,GET /products,GET /products?id=22,/products,GET,,,new_visitor,tablet,12,False
403,2,GET /products?id=22,GET /reviews?product_id=22,/products,GET,id=22,,new_visitor,tablet,12,False
403,3,GET /reviews?product_id=22,END,/reviews,GET,product_id=22,,new_visitor,tablet,12,True
404,1,GET /products,GET /products?id=61,/products,GET,,,browser,mobile,8,False
404,2,GET /products?id=61,GET /reviews?product_id=61,/products,GET,id=61,,browser,mobile,8,False
404,3,GET /reviews?product_id=61,END,/reviews,GET,product_id=61,,browser,mobile,8,True
405,1,GET /products,GET /products?id=22,/products,GET,,,indecisive,desktop,3,False
405,2,GET /products?id=22,GET /cart?product_id=22,/products,GET,id=22,,indecisive,desktop,3,False
405,3,GET /cart?product_id=22,END,/cart,GET,product_id=22,,indecisive,desktop,3,True
406,1,GET /products,GET /products?id=105,/products,GET,,,indecisive,mobile,4,False
406,2,GET /products?id=105,GET /cart?product_id=105,/products,GET,id=105,,indecisive,mobile,4,False
406,3,GET /cart?product_id=105,END,/cart,GET,product_id=105,,indecisive,mobile,4,True
407,1,GET /products,GET /products?id=47,/products,GET,,,new_visitor,tablet,13,False
407,2,GET /products?id=47,GET /cart?product_id=47,/products,GET,id=47,,new_visitor,tablet,13,False
407,3,GET /cart?product_id=47,END,/cart,GET,product_id=47,,new_visitor,tablet,13,True
408,1,GET /products,GET /products?id=101,/products,GET,,,browser,tablet,19,False
408,2,GET /products?id=101,GET /cart?product_id=101,/products,GET,id=101,,browser,tablet,19,False
408,3,GET /cart?product_id=101,GET /home,/cart,GET,product_id=101,,browser,tablet,19,False
408,4,GET /home,END,/home,GET,,,browser,tablet,19,True
409,1,GET /search?q=summer skirt,GET /products?id=11,/search,GET,q=summer skirt,,browser,desktop,13,False
409,2,GET /products?id=11,GET /cart?product_id=11,/products,GET,id=11,,browser,desktop,13,False
409,3,GET /cart?product_id=11,END,/cart,GET,product_id=11,,browser,desktop,13,True
410,1,GET /products,GET /products?id=73,/products,GET,,,new_visitor,tablet,5,False
410,2,GET /products?id=73,GET /reviews?product_id=73,/products,GET,id=73,,new_visitor,tablet,5,False
410,3,GET /reviews?product_id=73,GET /products?id=73,/reviews,GET,product_id=73,,new_visitor,tablet,5,False
410,4,GET /products?id=73,GET /cart?product_id=73,/products,GET,id=73,,new_visitor,tablet,5,False
410,5,GET /cart?product_id=73,END,/cart,GET,product_id=73,,new_visitor,tablet,5,True
411,1,GET /products/filter,"POST /products/filter  body={""gender"":""female"",""category"":""skirt"",""price"":""mid""}",/products/filter,GET,,,buyer,desktop,9,False
411,2,"POST /products/filter  body={""gender"":""female"",""category"":""skirt"",""price"":""mid""}",GET /products?id=105,/products/filter,POST,,"{""gender"":""female"",""category"":""skirt"",""price"":""mid""}",buyer,desktop,9,False
411,3,GET /products?id=105,GET /cart?product_id=105,/products,GET,id=105,,buyer,desktop,9,False
411,4,GET /cart?product_id=105,END,/cart,GET,product_id=105,,buyer,desktop,9,True
412,1,GET /search?q=summer skirt,GET /products?id=39,/search,GET,q=summer skirt,,indecisive,desktop,9,False
412,2,GET /products?id=39,GET /reviews?product_id=39,/products,GET,id=39,,indecisive,desktop,9,False
412,3,GET /reviews?product_id=39,END,/reviews,GET,product_id=39,,indecisive,desktop,9,True
413,1,GET /products,GET /products?id=88,/products,GET,,,indecisive,mobile,23,False
413,2,GET /products?id=88,GET /products?id=110,/products,GET,id=88,,indecisive,mobile,23,False
413,3,GET /products?id=110,GET /products?id=55,/products,GET,id=110,,indecisive,mobile,23,False
413,4,GET /products?id=55,GET /products?id=61,/products,GET,id=55,,indecisive,mobile,23,False
413,5,GET /products?id=61,GET /cart?product_id=61,/products,GET,id=61,,indecisive,mobile,23,False
413,6,GET /cart?product_id=61,END,/cart,GET,product_id=61,,indecisive,mobile,23,True
414,1,GET /search?q=office shirt,GET /products?id=110,/search,GET,q=office shirt,,returner,desktop,19,False
414,2,GET /products?id=110,GET /cart?product_id=110,/products,GET,id=110,,returner,desktop,19,False
414,3,GET /cart?product_id=110,END,/cart,GET,product_id=110,,returner,desktop,19,True
415,1,GET /products?id=61,GET /cart?product_id=61,/products,GET,id=61,,indecisive,desktop,20,False
415,2,GET /cart?product_id=61,END,/cart,GET,product_id=61,,indecisive,desktop,20,True
416,1,GET /search?q=running shoes,GET /products?id=101,/search,GET,q=running shoes,,new_visitor,tablet,6,False
416,2,GET /products?id=101,GET /reviews?product_id=101,/products,GET,id=101,,new_visitor,tablet,6,False
416,3,GET /reviews?product_id=101,END,/reviews,GET,product_id=101,,new_visitor,tablet,6,True
417,1,GET /products,GET /products?id=120,/products,GET,,,indecisive,desktop,23,False
417,2,GET /products?id=120,"POST /wishlist?product_id=120  body={""product_id"": 120}",/products,GET,id=120,,indecisive,desktop,23,False
417,3,"POST /wishlist?product_id=120  body={""product_id"": 120}",GET /cart?product_id=120,/wishlist,POST,product_id=120,"{""product_id"": 120}",indecisive,desktop,23,False
417,4,GET /cart?product_id=120,END,/cart,GET,product_id=120,,indecisive,desktop,23,True
418,1,GET /search?q=heels,GET /products?id=39,/search,GET,q=heels,,new_visitor,mobile,10,False
418,2,GET /products?id=39,GET /cart?product_id=39,/products,GET,id=39,,new_visitor,mobile,10,False
418,3,GET /cart?product_id=39,END,/cart,GET,product_id=39,,new_visitor,mobile,10,True
419,1,GET /products,GET /products?id=73,/products,GET,,,browser,tablet,6,False
419,2,GET /products?id=73,GET /products?id=42,/products,GET,id=73,,browser,tablet,6,False
419,3,GET /products?id=42,GET /products?id=110,/products,GET,id=42,,browser,tablet,6,False
419,4,GET /products?id=110,GET /products?id=88,/products,GET,id=110,,browser,tablet,6,False
419,5,GET /products?id=88,GET /cart?product_id=88,/products,GET,id=88,,browser,tablet,6,False
419,6,GET /cart?product_id=88,END,/cart,GET,product_id=88,,browser,tablet,6,True
420,1,GET /products,GET /products?id=105,/products,GET,,,indecisive,tablet,2,False
420,2,GET /products?id=105,GET /cart?product_id=105,/products,GET,id=105,,indecisive,tablet,2,False
420,3,GET /cart?product_id=105,GET /home,/cart,GET,product_id=105,,indecisive,tablet,2,False
420,4,GET /home,END,/home,GET,,,indecisive,tablet,2,True
421,1,GET /products/filter,"POST /products/filter  body={""gender"":""male"",""category"":""dress""}",/products/filter,GET,,,returner,mobile,20,False
421,2,"POST /products/filter  body={""gender"":""male"",""category"":""dress""}",GET /products?id=101,/products/filter,POST,,"{""gender"":""male"",""category"":""dress""}",returner,mobile,20,False
421,3,GET /products?id=101,GET /cart?product_id=101,/products,GET,id=101,,returner,mobile,20,False
421,4,GET /cart?product_id=101,END,/cart,GET,product_id=101,,returner,mobile,20,True
422,1,GET /search?q=heels,GET /products?id=105,/search,GET,q=heels,,browser,desktop,19,False
422,2,GET /products?id=105,GET /reviews?product_id=105,/products,GET,id=105,,browser,desktop,19,False
422,3,GET /reviews?product_id=105,END,/reviews,GET,product_id=105,,browser,desktop,19,True
423,1,GET /products,GET /products?id=47,/products,GET,,,new_visitor,mobile,11,False
423,2,GET /products?id=47,"POST /wishlist?product_id=47  body={""product_id"": 47}",/products,GET,id=47,,new_visitor,mobile,11,False
423,3,"POST /wishlist?product_id=47  body={""product_id"": 47}",GET /cart?product_id=47,/wishlist,POST,product_id=47,"{""product_id"": 47}",new_visitor,mobile,11,False
423,4,GET /cart?product_id=47,END,/cart,GET,product_id=47,,new_visitor,mobile,11,True
424,1,GET /products,GET /products?id=73,/products,GET,,,browser,mobile,21,False
424,2,GET /products?id=73,GET /reviews?product_id=73,/products,GET,id=73,,browser,mobile,21,False
424,3,GET /reviews?product_id=73,GET /products?id=73,/reviews,GET,product_id=73,,browser,mobile,21,False
424,4,GET /products?id=73,GET /cart?product_id=73,/products,GET,id=73,,browser,mobile,21,False
424,5,GET /cart?product_id=73,END,/cart,GET,product_id=73,,browser,mobile,21,True
425,1,GET /products?id=101,GET /reviews?product_id=101,/products,GET,id=101,,new_visitor,mobile,18,False
425,2,GET /reviews?product_id=101,END,/reviews,GET,product_id=101,,new_visitor,mobile,18,True
426,1,GET /products,GET /products?id=15,/products,GET,,,indecisive,desktop,3,False
426,2,GET /products?id=15,GET /cart?product_id=15,/products,GET,id=15,,indecisive,desktop,3,False
426,3,GET /cart?product_id=15,END,/cart,GET,product_id=15,,indecisive,desktop,3,True
427,1,GET /products,GET /products?id=11,/products,GET,,,new_visitor,tablet,18,False
427,2,GET /products?id=11,GET /reviews?product_id=11,/products,GET,id=11,,new_visitor,tablet,18,False
427,3,GET /reviews?product_id=11,GET /products?id=11,/reviews,GET,product_id=11,,new_visitor,tablet,18,False
427,4,GET /products?id=11,GET /cart?product_id=11,/products,GET,id=11,,new_visitor,tablet,18,False
427,5,GET /cart?product_id=11,END,/cart,GET,product_id=11,,new_visitor,tablet,18,True
428,1,GET /search?q=sunglasses,GET /products?id=61,/search,GET,q=sunglasses,,returner,desktop,12,False
428,2,GET /products?id=61,GET /cart?product_id=61,/products,GET,id=61,,returner,desktop,12,False
428,3,GET /cart?product_id=61,END,/cart,GET,product_id=61,,returner,desktop,12,True
429,1,GET /products,GET /products?id=105,/products,GET,,,indecisive,mobile,15,False
429,2,GET /products?id=105,GET /reviews?product_id=105,/products,GET,id=105,,indecisive,mobile,15,False
429,3,GET /reviews?product_id=105,END,/reviews,GET,product_id=105,,indecisive,mobile,15,True
430,1,GET /products,GET /products?id=22,/products,GET,,,browser,mobile,23,False
430,2,GET /products?id=22,GET /cart?product_id=22,/products,GET,id=22,,browser,mobile,23,False
430,3,GET /cart?product_id=22,END,/cart,GET,product_id=22,,browser,mobile,23,True
431,1,GET /products/filter,"POST /products/filter  body={""gender"":""female"",""category"":""sneakers""}",/products/filter,GET,,,buyer,tablet,15,False
431,2,"POST /products/filter  body={""gender"":""female"",""category"":""sneakers""}",GET /products?id=110,/products/filter,POST,,"{""gender"":""female"",""category"":""sneakers""}",buyer,tablet,15,False
431,3,GET /products?id=110,GET /reviews?product_id=110,/products,GET,id=110,,buyer,tablet,15,False
431,4,GET /reviews?product_id=110,END,/reviews,GET,product_id=110,,buyer,tablet,15,True
432,1,GET /products,GET /products?id=55,/products,GET,,,indecisive,mobile,9,False
432,2,GET /products?id=55,GET /cart?product_id=55,/products,GET,id=55,,indecisive,mobile,9,False
432,3,GET /cart?product_id=55,END,/cart,GET,product_id=55,,indecisive,mobile,9,True
433,1,GET /products,GET /products?id=73,/products,GET,,,indecisive,tablet,3,False
433,2,GET /products?id=73,GET /reviews?product_id=73,/products,GET,id=73,,indecisive,tablet,3,False
433,3,GET /reviews?product_id=73,GET /products?id=73,/reviews,GET,product_id=73,,indecisive,tablet,3,False
433,4,GET /products?id=73,GET /cart?product_id=73,/products,GET,id=73,,indecisive,tablet,3,False
433,5,GET /cart?product_id=73,END,/cart,GET,product_id=73,,indecisive,tablet,3,True
434,1,GET /home,GET /category?type=men,/home,GET,,,buyer,tablet,5,False
434,2,GET /category?type=men,GET /products?id=39,/category,GET,type=men,,buyer,tablet,5,False
434,3,GET /products?id=39,GET /cart?product_id=39,/products,GET,id=39,,buyer,tablet,5,False
434,4,GET /cart?product_id=39,END,/cart,GET,product_id=39,,buyer,tablet,5,True
435,1,GET /products,GET /products?id=73,/products,GET,,,returner,desktop,7,False
435,2,GET /products?id=73,GET /cart?product_id=73,/products,GET,id=73,,returner,desktop,7,False
435,3,GET /cart?product_id=73,GET /home,/cart,GET,product_id=73,,returner,desktop,7,False
435,4,GET /home,END,/home,GET,,,returner,desktop,7,True
436,1,GET /search?q=red dress,GET /products?id=88,/search,GET,q=red dress,,buyer,tablet,21,False
436,2,GET /products?id=88,GET /cart?product_id=88,/products,GET,id=88,,buyer,tablet,21,False
436,3,GET /cart?product_id=88,END,/cart,GET,product_id=88,,buyer,tablet,21,True
437,1,GET /search?q=leather bag,GET /products?id=88,/search,GET,q=leather bag,,returner,tablet,13,False
437,2,GET /products?id=88,GET /cart?product_id=88,/products,GET,id=88,,returner,tablet,13,False
437,3,GET /cart?product_id=88,END,/cart,GET,product_id=88,,returner,tablet,13,True
438,1,GET /products,GET /products?id=73,/products,GET,,,indecisive,tablet,2,False
438,2,GET /products?id=73,GET /products?id=39,/products,GET,id=73,,indecisive,tablet,2,False
438,3,GET /products?id=39,GET /products?id=33,/products,GET,id=39,,indecisive,tablet,2,False
438,4,GET /products?id=33,GET /products?id=88,/products,GET,id=33,,indecisive,tablet,2,False
438,5,GET /products?id=88,GET /cart?product_id=88,/products,GET,id=88,,indecisive,tablet,2,False
438,6,GET /cart?product_id=88,END,/cart,GET,product_id=88,,indecisive,tablet,2,True
439,1,GET /home,GET /category?type=accessories,/home,GET,,,indecisive,tablet,15,False
439,2,GET /category?type=accessories,GET /products?id=110,/category,GET,type=accessories,,indecisive,tablet,15,False
439,3,GET /products?id=110,GET /cart?product_id=110,/products,GET,id=110,,indecisive,tablet,15,False
439,4,GET /cart?product_id=110,END,/cart,GET,product_id=110,,indecisive,tablet,15,True
440,1,GET /search?q=summer skirt,GET /products?id=39,/search,GET,q=summer skirt,,new_visitor,desktop,19,False
440,2,GET /products?id=39,GET /cart?product_id=39,/products,GET,id=39,,new_visitor,desktop,19,False
440,3,GET /cart?product_id=39,END,/cart,GET,product_id=39,,new_visitor,desktop,19,True
441,1,GET /products,GET /products?id=22,/products,GET,,,indecisive,desktop,19,False
441,2,GET /products?id=22,GET /reviews?product_id=22,/products,GET,id=22,,indecisive,desktop,19,False
441,3,GET /reviews?product_id=22,END,/reviews,GET,product_id=22,,indecisive,desktop,19,True
442,1,GET /products,GET /products?id=55,/products,GET,,,new_visitor,mobile,21,False
442,2,GET /products?id=55,GET /cart?product_id=55,/products,GET,id=55,,new_visitor,mobile,21,False
442,3,GET /cart?product_id=55,END,/cart,GET,product_id=55,,new_visitor,mobile,21,True
443,1,GET /products,GET /products?id=101,/products,GET,,,browser,mobile,11,False
443,2,GET /products?id=101,"POST /wishlist?product_id=101  body={""product_id"": 101}",/products,GET,id=101,,browser,mobile,11,False
443,3,"POST /wishlist?product_id=101  body={""product_id"": 101}",GET /cart?product_id=101,/wishlist,POST,product_id=101,"{""product_id"": 101}",browser,mobile,11,False
443,4,GET /cart?product_id=101,END,/cart,GET,product_id=101,,browser,mobile,11,True
444,1,GET /products,GET /products?id=73,/products,GET,,,returner,tablet,4,False
444,2,GET /products?id=73,GET /products?id=120,/products,GET,id=73,,returner,tablet,4,False
444,3,GET /products?id=120,GET /products?id=73,/products,GET,id=120,,returner,tablet,4,False
444,4,GET /products?id=73,GET /cart?product_id=73,/products,GET,id=73,,returner,tablet,4,False
444,5,GET /cart?product_id=73,END,/cart,GET,product_id=73,,returner,tablet,4,True
445,1,GET /products,GET /products?id=110,/products,GET,,,returner,desktop,4,False
445,2,GET /products?id=110,GET /cart?product_id=110,/products,GET,id=110,,returner,desktop,4,False
445,3,GET /cart?product_id=110,END,/cart,GET,product_id=110,,returner,desktop,4,True
446,1,GET /products,GET /products?id=101,/products,GET,,,indecisive,mobile,15,False
446,2,GET /products?id=101,GET /reviews?product_id=101,/products,GET,id=101,,indecisive,mobile,15,False
446,3,GET /reviews?product_id=101,END,/reviews,GET,product_id=101,,indecisive,mobile,15,True
447,1,GET /search?q=wallet,GET /products?id=105,/search,GET,q=wallet,,new_visitor,tablet,15,False
447,2,GET /products?id=105,GET /cart?product_id=105,/products,GET,id=105,,new_visitor,tablet,15,False
447,3,GET /cart?product_id=105,END,/cart,GET,product_id=105,,new_visitor,tablet,15,True
448,1,GET /products,GET /products?id=42,/products,GET,,,returner,desktop,5,False
448,2,GET /products?id=42,GET /reviews?product_id=42,/products,GET,id=42,,returner,desktop,5,False
448,3,GET /reviews?product_id=42,END,/reviews,GET,product_id=42,,returner,desktop,5,True
449,1,GET /products/filter,"POST /products/filter  body={""gender"":""unisex"",""category"":""shirt"",""price"":""mid""}",/products/filter,GET,,,buyer,desktop,1,False
449,2,"POST /products/filter  body={""gender"":""unisex"",""category"":""shirt"",""price"":""mid""}",GET /products?id=110,/products/filter,POST,,"{""gender"":""unisex"",""category"":""shirt"",""price"":""mid""}",buyer,desktop,1,False
449,3,GET /products?id=110,GET /cart?product_id=110,/products,GET,id=110,,buyer,desktop,1,False
449,4,GET /cart?product_id=110,END,/cart,GET,product_id=110,,buyer,desktop,1,True
450,1,GET /home,GET /category?type=women,/home,GET,,,new_visitor,tablet,15,False
450,2,GET /category?type=women,GET /products?id=61,/category,GET,type=women,,new_visitor,tablet,15,False
450,3,GET /products?id=61,GET /cart?product_id=61,/products,GET,id=61,,new_visitor,tablet,15,False
450,4,GET /cart?product_id=61,END,/cart,GET,product_id=61,,new_visitor,tablet,15,True
451,1,GET /products,GET /products?id=39,/products,GET,,,browser,desktop,17,False
451,2,GET /products?id=39,GET /cart?product_id=39,/products,GET,id=39,,browser,desktop,17,False
451,3,GET /cart?product_id=39,GET /home,/cart,GET,product_id=39,,browser,desktop,17,False
451,4,GET /home,END,/home,GET,,,browser,desktop,17,True
452,1,GET /search?q=leather bag,GET /products?id=105,/search,GET,q=leather bag,,new_visitor,mobile,23,False
452,2,GET /products?id=105,GET /cart?product_id=105,/products,GET,id=105,,new_visitor,mobile,23,False
452,3,GET /cart?product_id=105,END,/cart,GET,product_id=105,,new_visitor,mobile,23,True
453,1,GET /products,GET /products?id=22,/products,GET,,,browser,tablet,20,False
453,2,GET /products?id=22,GET /cart?product_id=22,/products,GET,id=22,,browser,tablet,20,False
453,3,GET /cart?product_id=22,GET /checkout,/cart,GET,product_id=22,,browser,tablet,20,False
453,4,GET /checkout,"POST /payment  body={""amount"": 49.99, ""method"": ""card""}",/checkout,GET,,,browser,tablet,20,False
453,5,"POST /payment  body={""amount"": 49.99, ""method"": ""card""}",END,/payment,POST,,"{""amount"": 49.99, ""method"": ""card""}",browser,tablet,20,True
454,1,GET /products/filter,"POST /products/filter  body={""gender"":""female"",""category"":""sneakers""}",/products/filter,GET,,,browser,desktop,8,False
454,2,"POST /products/filter  body={""gender"":""female"",""category"":""sneakers""}",GET /products?id=55,/products/filter,POST,,"{""gender"":""female"",""category"":""sneakers""}",browser,desktop,8,False
454,3,GET /products?id=55,GET /reviews?product_id=55,/products,GET,id=55,,browser,desktop,8,False
454,4,GET /reviews?product_id=55,END,/reviews,GET,product_id=55,,browser,desktop,8,True
455,1,GET /products,GET /products?id=105,/products,GET,,,buyer,mobile,23,False
455,2,GET /products?id=105,GET /products?id=73,/products,GET,id=105,,buyer,mobile,23,False
455,3,GET /products?id=73,GET /products?id=61,/products,GET,id=73,,buyer,mobile,23,False
455,4,GET /products?id=61,GET /reviews?product_id=61,/products,GET,id=61,,buyer,mobile,23,False
455,5,GET /reviews?product_id=61,END,/reviews,GET,product_id=61,,buyer,mobile,23,True
456,1,GET /products/filter,"POST /products/filter  body={""gender"":""male"",""category"":""dress""}",/products/filter,GET,,,buyer,mobile,18,False
456,2,"POST /products/filter  body={""gender"":""male"",""category"":""dress""}",GET /products?id=33,/products/filter,POST,,"{""gender"":""male"",""category"":""dress""}",buyer,mobile,18,False
456,3,GET /products?id=33,GET /reviews?product_id=33,/products,GET,id=33,,buyer,mobile,18,False
456,4,GET /reviews?product_id=33,END,/reviews,GET,product_id=33,,buyer,mobile,18,True
457,1,GET /products/filter,"POST /products/filter  body={""gender"":""unisex"",""category"":""skirt"",""price"":""mid""}",/products/filter,GET,,,indecisive,desktop,18,False
457,2,"POST /products/filter  body={""gender"":""unisex"",""category"":""skirt"",""price"":""mid""}",GET /products?id=105,/products/filter,POST,,"{""gender"":""unisex"",""category"":""skirt"",""price"":""mid""}",indecisive,desktop,18,False
457,3,GET /products?id=105,GET /cart?product_id=105,/products,GET,id=105,,indecisive,desktop,18,False
457,4,GET /cart?product_id=105,END,/cart,GET,product_id=105,,indecisive,desktop,18,True
458,1,GET /products,GET /products?id=61,/products,GET,,,browser,desktop,20,False
458,2,GET /products?id=61,GET /cart?product_id=61,/products,GET,id=61,,browser,desktop,20,False
458,3,GET /cart?product_id=61,END,/cart,GET,product_id=61,,browser,desktop,20,True
459,1,GET /search?q=running shoes,GET /products?id=15,/search,GET,q=running shoes,,indecisive,mobile,21,False
459,2,GET /products?id=15,GET /cart?product_id=15,/products,GET,id=15,,indecisive,mobile,21,False
459,3,GET /cart?product_id=15,END,/cart,GET,product_id=15,,indecisive,mobile,21,True
460,1,GET /products,GET /products?id=47,/products,GET,,,returner,desktop,14,False
460,2,GET /products?id=47,GET /cart?product_id=47,/products,GET,id=47,,returner,desktop,14,False
460,3,GET /cart?product_id=47,END,/cart,GET,product_id=47,,returner,desktop,14,True
461,1,GET /search?q=wallet,GET /products?id=33,/search,GET,q=wallet,,indecisive,tablet,11,False
461,2,GET /products?id=33,GET /cart?product_id=33,/products,GET,id=33,,indecisive,tablet,11,False
461,3,GET /cart?product_id=33,END,/cart,GET,product_id=33,,indecisive,tablet,11,True
462,1,GET /products,GET /products?id=110,/products,GET,,,new_visitor,mobile,23,False
462,2,GET /products?id=110,GET /cart?product_id=110,/products,GET,id=110,,new_visitor,mobile,23,False
462,3,GET /cart?product_id=110,END,/cart,GET,product_id=110,,new_visitor,mobile,23,True
463,1,GET /search?q=heels,GET /products?id=88,/search,GET,q=heels,,indecisive,mobile,17,False
463,2,GET /products?id=88,GET /cart?product_id=88,/products,GET,id=88,,indecisive,mobile,17,False
463,3,GET /cart?product_id=88,END,/cart,GET,product_id=88,,indecisive,mobile,17,True
464,1,GET /products/filter,"POST /products/filter  body={""gender"":""male"",""category"":""watch"",""price"":""high""}",/products/filter,GET,,,returner,desktop,10,False
464,2,"POST /products/filter  body={""gender"":""male"",""category"":""watch"",""price"":""high""}",GET /products,/products/filter,POST,,"{""gender"":""male"",""category"":""watch"",""price"":""high""}",returner,desktop,10,False
464,3,GET /products,"POST /products/filter  body={""gender"":""male"",""category"":""watch""}",/products,GET,,,returner,desktop,10,False
464,4,"POST /products/filter  body={""gender"":""male"",""category"":""watch""}",GET /products?id=61,/products/filter,POST,,"{""gender"":""male"",""category"":""watch""}",returner,desktop,10,False
464,5,GET /products?id=61,GET /cart?product_id=61,/products,GET,id=61,,returner,desktop,10,False
464,6,GET /cart?product_id=61,END,/cart,GET,product_id=61,,returner,desktop,10,True
465,1,GET /products,GET /products?id=44,/products,GET,,,new_visitor,desktop,10,False
465,2,GET /products?id=44,GET /reviews?product_id=44,/products,GET,id=44,,new_visitor,desktop,10,False
465,3,GET /reviews?product_id=44,GET /products?id=42,/reviews,GET,product_id=44,,new_visitor,desktop,10,False
465,4,GET /products?id=42,GET /cart?product_id=42,/products,GET,id=42,,new_visitor,desktop,10,False
465,5,GET /cart?product_id=42,END,/cart,GET,product_id=42,,new_visitor,desktop,10,True
466,1,GET /products,GET /products?id=73,/products,GET,,,browser,tablet,14,False
466,2,GET /products?id=73,GET /cart?product_id=73,/products,GET,id=73,,browser,tablet,14,False
466,3,GET /cart?product_id=73,END,/cart,GET,product_id=73,,browser,tablet,14,True
467,1,GET /products?id=61,GET /reviews?product_id=61,/products,GET,id=61,,browser,desktop,6,False
467,2,GET /reviews?product_id=61,END,/reviews,GET,product_id=61,,browser,desktop,6,True
468,1,GET /products,GET /products?id=39,/products,GET,,,indecisive,mobile,8,False
468,2,GET /products?id=39,GET /cart?product_id=39,/products,GET,id=39,,indecisive,mobile,8,False
468,3,GET /cart?product_id=39,END,/cart,GET,product_id=39,,indecisive,mobile,8,True
469,1,GET /products,GET /products?id=101,/products,GET,,,indecisive,tablet,20,False
469,2,GET /products?id=101,GET /cart?product_id=101,/products,GET,id=101,,indecisive,tablet,20,False
469,3,GET /cart?product_id=101,END,/cart,GET,product_id=101,,indecisive,tablet,20,True
470,1,GET /products,GET /products?id=55,/products,GET,,,buyer,desktop,20,False
470,2,GET /products?id=55,GET /cart?product_id=55,/products,GET,id=55,,buyer,desktop,20,False
470,3,GET /cart?product_id=55,END,/cart,GET,product_id=55,,buyer,desktop,20,True
471,1,GET /products,GET /products?id=110,/products,GET,,,returner,mobile,4,False
471,2,GET /products?id=110,GET /products?id=42,/products,GET,id=110,,returner,mobile,4,False
471,3,GET /products?id=42,GET /products?id=42,/products,GET,id=42,,returner,mobile,4,False
471,4,GET /products?id=42,GET /products?id=33,/products,GET,id=42,,returner,mobile,4,False
471,5,GET /products?id=33,GET /reviews?product_id=33,/products,GET,id=33,,returner,mobile,4,False
471,6,GET /reviews?product_id=33,END,/reviews,GET,product_id=33,,returner,mobile,4,True
472,1,GET /search?q=leather bag,GET /products?id=101,/search,GET,q=leather bag,,returner,tablet,4,False
472,2,GET /products?id=101,GET /reviews?product_id=101,/products,GET,id=101,,returner,tablet,4,False
472,3,GET /reviews?product_id=101,END,/reviews,GET,product_id=101,,returner,tablet,4,True
473,1,GET /products,GET /products?id=39,/products,GET,,,browser,tablet,3,False
473,2,GET /products?id=39,GET /reviews?product_id=39,/products,GET,id=39,,browser,tablet,3,False
473,3,GET /reviews?product_id=39,END,/reviews,GET,product_id=39,,browser,tablet,3,True
474,1,GET /products,GET /products?id=61,/products,GET,,,buyer,desktop,4,False
474,2,GET /products?id=61,GET /products?id=47,/products,GET,id=61,,buyer,desktop,4,False
474,3,GET /products?id=47,GET /products?id=42,/products,GET,id=47,,buyer,desktop,4,False
474,4,GET /products?id=42,GET /products?id=73,/products,GET,id=42,,buyer,desktop,4,False
474,5,GET /products?id=73,GET /cart?product_id=73,/products,GET,id=73,,buyer,desktop,4,False
474,6,GET /cart?product_id=73,END,/cart,GET,product_id=73,,buyer,desktop,4,True
475,1,GET /products,GET /products?id=105,/products,GET,,,buyer,tablet,23,False
475,2,GET /products?id=105,GET /cart?product_id=105,/products,GET,id=105,,buyer,tablet,23,False
475,3,GET /cart?product_id=105,END,/cart,GET,product_id=105,,buyer,tablet,23,True
476,1,GET /products,GET /products?id=61,/products,GET,,,returner,mobile,2,False
476,2,GET /products?id=61,GET /reviews?product_id=61,/products,GET,id=61,,returner,mobile,2,False
476,3,GET /reviews?product_id=61,GET /products?id=55,/reviews,GET,product_id=61,,returner,mobile,2,False
476,4,GET /products?id=55,GET /cart?product_id=55,/products,GET,id=55,,returner,mobile,2,False
476,5,GET /cart?product_id=55,END,/cart,GET,product_id=55,,returner,mobile,2,True
477,1,GET /products/filter,"POST /products/filter  body={""gender"":""male"",""category"":""shirt""}",/products/filter,GET,,,new_visitor,tablet,12,False
477,2,"POST /products/filter  body={""gender"":""male"",""category"":""shirt""}",GET /products?id=61,/products/filter,POST,,"{""gender"":""male"",""category"":""shirt""}",new_visitor,tablet,12,False
477,3,GET /products?id=61,GET /reviews?product_id=61,/products,GET,id=61,,new_visitor,tablet,12,False
477,4,GET /reviews?product_id=61,END,/reviews,GET,product_id=61,,new_visitor,tablet,12,True
478,1,GET /products,GET /products?id=22,/products,GET,,,buyer,desktop,20,False
478,2,GET /products?id=22,GET /reviews?product_id=22,/products,GET,id=22,,buyer,desktop,20,False
478,3,GET /reviews?product_id=22,END,/reviews,GET,product_id=22,,buyer,desktop,20,True
479,1,GET /products/filter,"POST /products/filter  body={""gender"":""unisex"",""category"":""watch"",""price"":""mid""}",/products/filter,GET,,,browser,tablet,9,False
479,2,"POST /products/filter  body={""gender"":""unisex"",""category"":""watch"",""price"":""mid""}",GET /products?id=101,/products/filter,POST,,"{""gender"":""unisex"",""category"":""watch"",""price"":""mid""}",browser,tablet,9,False
479,3,GET /products?id=101,GET /cart?product_id=101,/products,GET,id=101,,browser,tablet,9,False
479,4,GET /cart?product_id=101,END,/cart,GET,product_id=101,,browser,tablet,9,True
480,1,GET /products,GET /products?id=11,/products,GET,,,indecisive,tablet,1,False
480,2,GET /products?id=11,GET /cart?product_id=11,/products,GET,id=11,,indecisive,tablet,1,False
480,3,GET /cart?product_id=11,GET /home,/cart,GET,product_id=11,,indecisive,tablet,1,False
480,4,GET /home,END,/home,GET,,,indecisive,tablet,1,True
481,1,GET /products/filter,"POST /products/filter  body={""gender"":""unisex"",""category"":""watch"",""price"":""low""}",/products/filter,GET,,,returner,desktop,3,False
481,2,"POST /products/filter  body={""gender"":""unisex"",""category"":""watch"",""price"":""low""}",GET /products?id=42,/products/filter,POST,,"{""gender"":""unisex"",""category"":""watch"",""price"":""low""}",returner,desktop,3,False
481,3,GET /products?id=42,GET /cart?product_id=42,/products,GET,id=42,,returner,desktop,3,False
481,4,GET /cart?product_id=42,END,/cart,GET,product_id=42,,returner,desktop,3,True
482,1,GET /search?q=sunglasses,GET /products?id=105,/search,GET,q=sunglasses,,indecisive,desktop,4,False
482,2,GET /products?id=105,GET /cart?product_id=105,/products,GET,id=105,,indecisive,desktop,4,False
482,3,GET /cart?product_id=105,END,/cart,GET,product_id=105,,indecisive,desktop,4,True
483,1,GET /products,GET /products?id=120,/products,GET,,,indecisive,tablet,21,False
483,2,GET /products?id=120,GET /reviews?product_id=120,/products,GET,id=120,,indecisive,tablet,21,False
483,3,GET /reviews?product_id=120,END,/reviews,GET,product_id=120,,indecisive,tablet,21,True
484,1,GET /products,GET /products?id=15,/products,GET,,,browser,mobile,18,False
484,2,GET /products?id=15,GET /cart?product_id=15,/products,GET,id=15,,browser,mobile,18,False
484,3,GET /cart?product_id=15,END,/cart,GET,product_id=15,,browser,mobile,18,True
485,1,GET /products/filter,"POST /products/filter  body={""gender"":""unisex"",""category"":""watch""}",/products/filter,GET,,,browser,desktop,16,False
485,2,"POST /products/filter  body={""gender"":""unisex"",""category"":""watch""}",GET /products?id=105,/products/filter,POST,,"{""gender"":""unisex"",""category"":""watch""}",browser,desktop,16,False
485,3,GET /products?id=105,GET /cart?product_id=105,/products,GET,id=105,,browser,desktop,16,False
485,4,GET /cart?product_id=105,END,/cart,GET,product_id=105,,browser,desktop,16,True
486,1,GET /home,GET /category?type=accessories,/home,GET,,,returner,mobile,20,False
486,2,GET /category?type=accessories,GET /products?id=105,/category,GET,type=accessories,,returner,mobile,20,False
486,3,GET /products?id=105,GET /cart?product_id=105,/products,GET,id=105,,returner,mobile,20,False
486,4,GET /cart?product_id=105,END,/cart,GET,product_id=105,,returner,mobile,20,True
487,1,GET /products,GET /products?id=88,/products,GET,,,indecisive,mobile,9,False
487,2,GET /products?id=88,GET /reviews?product_id=88,/products,GET,id=88,,indecisive,mobile,9,False
487,3,GET /reviews?product_id=88,END,/reviews,GET,product_id=88,,indecisive,mobile,9,True
488,1,GET /search?q=summer skirt,GET /products?id=22,/search,GET,q=summer skirt,,buyer,tablet,10,False
488,2,GET /products?id=22,GET /cart?product_id=22,/products,GET,id=22,,buyer,tablet,10,False
488,3,GET /cart?product_id=22,END,/cart,GET,product_id=22,,buyer,tablet,10,True
489,1,GET /products,GET /products?id=47,/products,GET,,,returner,tablet,7,False
489,2,GET /products?id=47,GET /reviews?product_id=47,/products,GET,id=47,,returner,tablet,7,False
489,3,GET /reviews?product_id=47,END,/reviews,GET,product_id=47,,returner,tablet,7,True
490,1,GET /products,GET /products?id=73,/products,GET,,,browser,desktop,19,False
490,2,GET /products?id=73,GET /products?id=55,/products,GET,id=73,,browser,desktop,19,False
490,3,GET /products?id=55,GET /products?id=42,/products,GET,id=55,,browser,desktop,19,False
490,4,GET /products?id=42,GET /reviews?product_id=42,/products,GET,id=42,,browser,desktop,19,False
490,5,GET /reviews?product_id=42,END,/reviews,GET,product_id=42,,browser,desktop,19,True
491,1,GET /products?id=15,GET /cart?product_id=15,/products,GET,id=15,,browser,mobile,15,False
491,2,GET /cart?product_id=15,END,/cart,GET,product_id=15,,browser,mobile,15,True
492,1,GET /products,GET /products?id=55,/products,GET,,,buyer,tablet,8,False
492,2,GET /products?id=55,GET /cart?product_id=55,/products,GET,id=55,,buyer,tablet,8,False
492,3,GET /cart?product_id=55,GET /checkout,/cart,GET,product_id=55,,buyer,tablet,8,False
492,4,GET /checkout,"POST /payment  body={""amount"": 49.99, ""method"": ""card""}",/checkout,GET,,,buyer,tablet,8,False
492,5,"POST /payment  body={""amount"": 49.99, ""method"": ""card""}",END,/payment,POST,,"{""amount"": 49.99, ""method"": ""card""}",buyer,tablet,8,True
493,1,GET /products/filter,"POST /products/filter  body={""gender"":""female"",""category"":""shirt""}",/products/filter,GET,,,browser,desktop,13,False
493,2,"POST /products/filter  body={""gender"":""female"",""category"":""shirt""}",GET /products?id=47,/products/filter,POST,,"{""gender"":""female"",""category"":""shirt""}",browser,desktop,13,False
493,3,GET /products?id=47,GET /cart?product_id=47,/products,GET,id=47,,browser,desktop,13,False
493,4,GET /cart?product_id=47,END,/cart,GET,product_id=47,,browser,desktop,13,True
494,1,GET /products/filter,"POST /products/filter  body={""gender"":""male"",""category"":""dress""}",/products/filter,GET,,,returner,desktop,16,False
494,2,"POST /products/filter  body={""gender"":""male"",""category"":""dress""}",GET /products?id=39,/products/filter,POST,,"{""gender"":""male"",""category"":""dress""}",returner,desktop,16,False
494,3,GET /products?id=39,GET /reviews?product_id=39,/products,GET,id=39,,returner,desktop,16,False
494,4,GET /reviews?product_id=39,END,/reviews,GET,product_id=39,,returner,desktop,16,True
495,1,GET /products,GET /products?id=55,/products,GET,,,buyer,desktop,3,False
495,2,GET /products?id=55,GET /reviews?product_id=55,/products,GET,id=55,,buyer,desktop,3,False
495,3,GET /reviews?product_id=55,GET /products?id=11,/reviews,GET,product_id=55,,buyer,desktop,3,False
495,4,GET /products?id=11,GET /cart?product_id=11,/products,GET,id=11,,buyer,desktop,3,False
495,5,GET /cart?product_id=11,END,/cart,GET,product_id=11,,buyer,desktop,3,True
496,1,GET /products,GET /products?id=11,/products,GET,,,new_visitor,mobile,1,False
496,2,GET /products?id=11,GET /products?id=44,/products,GET,id=11,,new_visitor,mobile,1,False
496,3,GET /products?id=44,GET /products?id=120,/products,GET,id=44,,new_visitor,mobile,1,False
496,4,GET /products?id=120,GET /reviews?product_id=120,/products,GET,id=120,,new_visitor,mobile,1,False
496,5,GET /reviews?product_id=120,GET /cart?product_id=120,/reviews,GET,product_id=120,,new_visitor,mobile,1,False
496,6,GET /cart?product_id=120,END,/cart,GET,product_id=120,,new_visitor,mobile,1,True
497,1,GET /products,GET /products?id=105,/products,GET,,,browser,tablet,22,False
497,2,GET /products?id=105,GET /cart?product_id=105,/products,GET,id=105,,browser,tablet,22,False
497,3,GET /cart?product_id=105,GET /checkout,/cart,GET,product_id=105,,browser,tablet,22,False
497,4,GET /checkout,"POST /payment  body={""amount"": 49.99, ""method"": ""card""}",/checkout,GET,,,browser,tablet,22,False
497,5,"POST /payment  body={""amount"": 49.99, ""method"": ""card""}",END,/payment,POST,,"{""amount"": 49.99, ""method"": ""card""}",browser,tablet,22,True
498,1,GET /search?q=office shirt,GET /products?id=15,/search,GET,q=office shirt,,buyer,desktop,7,False
498,2,GET /products?id=15,GET /cart?product_id=15,/products,GET,id=15,,buyer,desktop,7,False
498,3,GET /cart?product_id=15,END,/cart,GET,product_id=15,,buyer,desktop,7,True
499,1,GET /products,GET /products?id=44,/products,GET,,,browser,tablet,11,False
499,2,GET /products?id=44,GET /cart?product_id=44,/products,GET,id=44,,browser,tablet,11,False
499,3,GET /cart?product_id=44,END,/cart,GET,product_id=44,,browser,tablet,11,True
500,1,GET /products,GET /products?id=110,/products,GET,,,new_visitor,mobile,12,False
500,2,GET /products?id=110,GET /reviews?product_id=110,/products,GET,id=110,,new_visitor,mobile,12,False
500,3,GET /reviews?product_id=110,END,/reviews,GET,product_id=110,,new_visitor,mobile,12,True
501,1,GET /home,GET /category?type=women,/home,GET,,,indecisive,desktop,2,False
501,2,GET /category?type=women,GET /products?id=47,/category,GET,type=women,,indecisive,desktop,2,False
501,3,GET /products?id=47,GET /cart?product_id=47,/products,GET,id=47,,indecisive,desktop,2,False
501,4,GET /cart?product_id=47,END,/cart,GET,product_id=47,,indecisive,desktop,2,True
502,1,GET /products,GET /products?id=11,/products,GET,,,buyer,desktop,18,False
502,2,GET /products?id=11,GET /cart?product_id=11,/products,GET,id=11,,buyer,desktop,18,False
502,3,GET /cart?product_id=11,GET /home,/cart,GET,product_id=11,,buyer,desktop,18,False
502,4,GET /home,END,/home,GET,,,buyer,desktop,18,True
503,1,GET /products?id=88,GET /reviews?product_id=88,/products,GET,id=88,,returner,desktop,18,False
503,2,GET /reviews?product_id=88,END,/reviews,GET,product_id=88,,returner,desktop,18,True
504,1,GET /products,GET /products?id=105,/products,GET,,,new_visitor,mobile,4,False
504,2,GET /products?id=105,GET /cart?product_id=105,/products,GET,id=105,,new_visitor,mobile,4,False
504,3,GET /cart?product_id=105,END,/cart,GET,product_id=105,,new_visitor,mobile,4,True
505,1,GET /products/filter,"POST /products/filter  body={""gender"":""female"",""category"":""sneakers"",""price"":""high""}",/products/filter,GET,,,new_visitor,desktop,20,False
505,2,"POST /products/filter  body={""gender"":""female"",""category"":""sneakers"",""price"":""high""}",GET /products,/products/filter,POST,,"{""gender"":""female"",""category"":""sneakers"",""price"":""high""}",new_visitor,desktop,20,False
505,3,GET /products,"POST /products/filter  body={""gender"":""female"",""category"":""sneakers""}",/products,GET,,,new_visitor,desktop,20,False
505,4,"POST /products/filter  body={""gender"":""female"",""category"":""sneakers""}",GET /products?id=42,/products/filter,POST,,"{""gender"":""female"",""category"":""sneakers""}",new_visitor,desktop,20,False
505,5,GET /products?id=42,GET /cart?product_id=42,/products,GET,id=42,,new_visitor,desktop,20,False
505,6,GET /cart?product_id=42,END,/cart,GET,product_id=42,,new_visitor,desktop,20,True
506,1,GET /products/filter,"POST /products/filter  body={""gender"":""female"",""category"":""watch"",""price"":""mid""}",/products/filter,GET,,,returner,tablet,23,False
506,2,"POST /products/filter  body={""gender"":""female"",""category"":""watch"",""price"":""mid""}",GET /products?id=105,/products/filter,POST,,"{""gender"":""female"",""category"":""watch"",""price"":""mid""}",returner,tablet,23,False
506,3,GET /products?id=105,GET /cart?product_id=105,/products,GET,id=105,,returner,tablet,23,False
506,4,GET /cart?product_id=105,END,/cart,GET,product_id=105,,returner,tablet,23,True
507,1,GET /products,GET /products?id=47,/products,GET,,,returner,mobile,4,False
507,2,GET /products?id=47,"POST /wishlist?product_id=47  body={""product_id"": 47}",/products,GET,id=47,,returner,mobile,4,False
507,3,"POST /wishlist?product_id=47  body={""product_id"": 47}",GET /cart?product_id=47,/wishlist,POST,product_id=47,"{""product_id"": 47}",returner,mobile,4,False
507,4,GET /cart?product_id=47,END,/cart,GET,product_id=47,,returner,mobile,4,True
508,1,GET /search?q=office shirt,GET /products?id=110,/search,GET,q=office shirt,,browser,mobile,16,False
508,2,GET /products?id=110,GET /cart?product_id=110,/products,GET,id=110,,browser,mobile,16,False
508,3,GET /cart?product_id=110,END,/cart,GET,product_id=110,,browser,mobile,16,True
509,1,GET /home,GET /category?type=accessories,/home,GET,,,browser,tablet,3,False
509,2,GET /category?type=accessories,GET /products?id=120,/category,GET,type=accessories,,browser,tablet,3,False
509,3,GET /products?id=120,GET /cart?product_id=120,/products,GET,id=120,,browser,tablet,3,False
509,4,GET /cart?product_id=120,END,/cart,GET,product_id=120,,browser,tablet,3,True
510,1,GET /products,GET /products?id=61,/products,GET,,,browser,tablet,18,False
510,2,GET /products?id=61,GET /cart?product_id=61,/products,GET,id=61,,browser,tablet,18,False
510,3,GET /cart?product_id=61,END,/cart,GET,product_id=61,,browser,tablet,18,True
511,1,GET /products,GET /products?id=33,/products,GET,,,indecisive,desktop,12,False
511,2,GET /products?id=33,"POST /wishlist?product_id=33  body={""product_id"": 33}",/products,GET,id=33,,indecisive,desktop,12,False
511,3,"POST /wishlist?product_id=33  body={""product_id"": 33}",GET /cart?product_id=33,/wishlist,POST,product_id=33,"{""product_id"": 33}",indecisive,desktop,12,False
511,4,GET /cart?product_id=33,END,/cart,GET,product_id=33,,indecisive,desktop,12,True
512,1,GET /products/filter,"POST /products/filter  body={""gender"":""female"",""category"":""dress""}",/products/filter,GET,,,indecisive,desktop,8,False
512,2,"POST /products/filter  body={""gender"":""female"",""category"":""dress""}",GET /products?id=55,/products/filter,POST,,"{""gender"":""female"",""category"":""dress""}",indecisive,desktop,8,False
512,3,GET /products?id=55,GET /cart?product_id=55,/products,GET,id=55,,indecisive,desktop,8,False
512,4,GET /cart?product_id=55,END,/cart,GET,product_id=55,,indecisive,desktop,8,True
513,1,GET /search?q=office shirt,GET /products?id=105,/search,GET,q=office shirt,,buyer,mobile,5,False
513,2,GET /products?id=105,GET /cart?product_id=105,/products,GET,id=105,,buyer,mobile,5,False
513,3,GET /cart?product_id=105,END,/cart,GET,product_id=105,,buyer,mobile,5,True
514,1,GET /products?id=88,GET /cart?product_id=88,/products,GET,id=88,,browser,tablet,11,False
514,2,GET /cart?product_id=88,END,/cart,GET,product_id=88,,browser,tablet,11,True
515,1,GET /products,GET /products?id=22,/products,GET,,,returner,desktop,3,False
515,2,GET /products?id=22,GET /reviews?product_id=22,/products,GET,id=22,,returner,desktop,3,False
515,3,GET /reviews?product_id=22,END,/reviews,GET,product_id=22,,returner,desktop,3,True
516,1,GET /products/filter,"POST /products/filter  body={""gender"":""male"",""category"":""skirt"",""price"":""high""}",/products/filter,GET,,,new_visitor,mobile,6,False
516,2,"POST /products/filter  body={""gender"":""male"",""category"":""skirt"",""price"":""high""}",GET /products,/products/filter,POST,,"{""gender"":""male"",""category"":""skirt"",""price"":""high""}",new_visitor,mobile,6,False
516,3,GET /products,"POST /products/filter  body={""gender"":""male"",""category"":""skirt""}",/products,GET,,,new_visitor,mobile,6,False
516,4,"POST /products/filter  body={""gender"":""male"",""category"":""skirt""}",GET /products?id=47,/products/filter,POST,,"{""gender"":""male"",""category"":""skirt""}",new_visitor,mobile,6,False
516,5,GET /products?id=47,GET /cart?product_id=47,/products,GET,id=47,,new_visitor,mobile,6,False
516,6,GET /cart?product_id=47,END,/cart,GET,product_id=47,,new_visitor,mobile,6,True
517,1,GET /home,GET /category?type=accessories,/home,GET,,,buyer,desktop,12,False
517,2,GET /category?type=accessories,GET /products?id=110,/category,GET,type=accessories,,buyer,desktop,12,False
517,3,GET /products?id=110,GET /cart?product_id=110,/products,GET,id=110,,buyer,desktop,12,False
517,4,GET /cart?product_id=110,END,/cart,GET,product_id=110,,buyer,desktop,12,True
518,1,GET /products?id=110,GET /cart?product_id=110,/products,GET,id=110,,indecisive,mobile,0,False
518,2,GET /cart?product_id=110,END,/cart,GET,product_id=110,,indecisive,mobile,0,True
519,1,GET /search?q=running shoes,GET /products?id=55,/search,GET,q=running shoes,,new_visitor,mobile,3,False
519,2,GET /products?id=55,GET /cart?product_id=55,/products,GET,id=55,,new_visitor,mobile,3,False
519,3,GET /cart?product_id=55,END,/cart,GET,product_id=55,,new_visitor,mobile,3,True
520,1,GET /products,GET /products?id=101,/products,GET,,,browser,mobile,7,False
520,2,GET /products?id=101,GET /cart?product_id=101,/products,GET,id=101,,browser,mobile,7,False
520,3,GET /cart?product_id=101,END,/cart,GET,product_id=101,,browser,mobile,7,True
521,1,GET /products/filter,"POST /products/filter  body={""gender"":""female"",""category"":""skirt"",""price"":""low""}",/products/filter,GET,,,browser,tablet,18,False
521,2,"POST /products/filter  body={""gender"":""female"",""category"":""skirt"",""price"":""low""}",GET /products?id=88,/products/filter,POST,,"{""gender"":""female"",""category"":""skirt"",""price"":""low""}",browser,tablet,18,False
521,3,GET /products?id=88,GET /cart?product_id=88,/products,GET,id=88,,browser,tablet,18,False
521,4,GET /cart?product_id=88,END,/cart,GET,product_id=88,,browser,tablet,18,True
522,1,GET /products,GET /products?id=33,/products,GET,,,returner,mobile,2,False
522,2,GET /products?id=33,GET /reviews?product_id=33,/products,GET,id=33,,returner,mobile,2,False
522,3,GET /reviews?product_id=33,GET /products?id=55,/reviews,GET,product_id=33,,returner,mobile,2,False
522,4,GET /products?id=55,GET /cart?product_id=55,/products,GET,id=55,,returner,mobile,2,False
522,5,GET /cart?product_id=55,END,/cart,GET,product_id=55,,returner,mobile,2,True
523,1,GET /products,GET /products?id=105,/products,GET,,,browser,desktop,1,False
523,2,GET /products?id=105,GET /reviews?product_id=105,/products,GET,id=105,,browser,desktop,1,False
523,3,GET /reviews?product_id=105,END,/reviews,GET,product_id=105,,browser,desktop,1,True
524,1,GET /search?q=heels,GET /products?id=73,/search,GET,q=heels,,returner,desktop,0,False
524,2,GET /products?id=73,GET /cart?product_id=73,/products,GET,id=73,,returner,desktop,0,False
524,3,GET /cart?product_id=73,END,/cart,GET,product_id=73,,returner,desktop,0,True
525,1,GET /products/filter,"POST /products/filter  body={""gender"":""male"",""category"":""dress"",""price"":""low""}",/products/filter,GET,,,indecisive,mobile,5,False
525,2,"POST /products/filter  body={""gender"":""male"",""category"":""dress"",""price"":""low""}",GET /products?id=11,/products/filter,POST,,"{""gender"":""male"",""category"":""dress"",""price"":""low""}",indecisive,mobile,5,False
525,3,GET /products?id=11,GET /cart?product_id=11,/products,GET,id=11,,indecisive,mobile,5,False
525,4,GET /cart?product_id=11,END,/cart,GET,product_id=11,,indecisive,mobile,5,True
526,1,GET /products,GET /products?id=44,/products,GET,,,indecisive,desktop,13,False
526,2,GET /products?id=44,GET /reviews?product_id=44,/products,GET,id=44,,indecisive,desktop,13,False
526,3,GET /reviews?product_id=44,GET /products?id=47,/reviews,GET,product_id=44,,indecisive,desktop,13,False
526,4,GET /products?id=47,GET /products?id=15,/products,GET,id=47,,indecisive,desktop,13,False
526,5,GET /products?id=15,GET /products?id=101,/products,GET,id=15,,indecisive,desktop,13,False
526,6,GET /products?id=101,GET /products?id=61,/products,GET,id=101,,indecisive,desktop,13,False
526,7,GET /products?id=61,GET /products?id=105,/products,GET,id=61,,indecisive,desktop,13,False
526,8,GET /products?id=105,GET /cart?product_id=105,/products,GET,id=105,,indecisive,desktop,13,False
526,9,GET /cart?product_id=105,END,/cart,GET,product_id=105,,indecisive,desktop,13,True
527,1,GET /search?q=wallet,GET /products?id=39,/search,GET,q=wallet,,returner,tablet,11,False
527,2,GET /products?id=39,GET /reviews?product_id=39,/products,GET,id=39,,returner,tablet,11,False
527,3,GET /reviews?product_id=39,END,/reviews,GET,product_id=39,,returner,tablet,11,True
528,1,GET /search?q=running shoes,GET /products?id=42,/search,GET,q=running shoes,,new_visitor,tablet,10,False
528,2,GET /products?id=42,GET /cart?product_id=42,/products,GET,id=42,,new_visitor,tablet,10,False
528,3,GET /cart?product_id=42,END,/cart,GET,product_id=42,,new_visitor,tablet,10,True
529,1,GET /products,GET /products?id=15,/products,GET,,,indecisive,tablet,7,False
529,2,GET /products?id=15,GET /cart?product_id=15,/products,GET,id=15,,indecisive,tablet,7,False
529,3,GET /cart?product_id=15,END,/cart,GET,product_id=15,,indecisive,tablet,7,True
530,1,GET /products,GET /products?id=11,/products,GET,,,returner,tablet,11,False
530,2,GET /products?id=11,GET /cart?product_id=11,/products,GET,id=11,,returner,tablet,11,False
530,3,GET /cart?product_id=11,GET /checkout,/cart,GET,product_id=11,,returner,tablet,11,False
530,4,GET /checkout,"POST /payment  body={""amount"": 49.99, ""method"": ""card""}",/checkout,GET,,,returner,tablet,11,False
530,5,"POST /payment  body={""amount"": 49.99, ""method"": ""card""}",END,/payment,POST,,"{""amount"": 49.99, ""method"": ""card""}",returner,tablet,11,True
531,1,GET /products,GET /products?id=15,/products,GET,,,buyer,mobile,7,False
531,2,GET /products?id=15,GET /reviews?product_id=15,/products,GET,id=15,,buyer,mobile,7,False
531,3,GET /reviews?product_id=15,GET /products?id=15,/reviews,GET,product_id=15,,buyer,mobile,7,False
531,4,GET /products?id=15,GET /cart?product_id=15,/products,GET,id=15,,buyer,mobile,7,False
531,5,GET /cart?product_id=15,END,/cart,GET,product_id=15,,buyer,mobile,7,True
532,1,GET /products,GET /products?id=11,/products,GET,,,new_visitor,tablet,1,False
532,2,GET /products?id=11,GET /cart?product_id=11,/products,GET,id=11,,new_visitor,tablet,1,False
532,3,GET /cart?product_id=11,GET /checkout,/cart,GET,product_id=11,,new_visitor,tablet,1,False
532,4,GET /checkout,"POST /payment  body={""amount"": 49.99, ""method"": ""card""}",/checkout,GET,,,new_visitor,tablet,1,False
532,5,"POST /payment  body={""amount"": 49.99, ""method"": ""card""}",END,/payment,POST,,"{""amount"": 49.99, ""method"": ""card""}",new_visitor,tablet,1,True
533,1,GET /products?id=73,GET /cart?product_id=73,/products,GET,id=73,,new_visitor,desktop,11,False
533,2,GET /cart?product_id=73,END,/cart,GET,product_id=73,,new_visitor,desktop,11,True
534,1,GET /products,GET /products?id=42,/products,GET,,,new_visitor,desktop,23,False
534,2,GET /products?id=42,"POST /wishlist?product_id=42  body={""product_id"": 42}",/products,GET,id=42,,new_visitor,desktop,23,False
534,3,"POST /wishlist?product_id=42  body={""product_id"": 42}",GET /cart?product_id=42,/wishlist,POST,product_id=42,"{""product_id"": 42}",new_visitor,desktop,23,False
534,4,GET /cart?product_id=42,END,/cart,GET,product_id=42,,new_visitor,desktop,23,True
535,1,GET /products,GET /products?id=88,/products,GET,,,indecisive,tablet,18,False
535,2,GET /products?id=88,GET /reviews?product_id=88,/products,GET,id=88,,indecisive,tablet,18,False
535,3,GET /reviews?product_id=88,END,/reviews,GET,product_id=88,,indecisive,tablet,18,True
536,1,GET /products,GET /products?id=44,/products,GET,,,returner,tablet,9,False
536,2,GET /products?id=44,GET /cart?product_id=44,/products,GET,id=44,,returner,tablet,9,False
536,3,GET /cart?product_id=44,END,/cart,GET,product_id=44,,returner,tablet,9,True
537,1,GET /products,GET /products?id=120,/products,GET,,,buyer,tablet,7,False
537,2,GET /products?id=120,GET /cart?product_id=120,/products,GET,id=120,,buyer,tablet,7,False
537,3,GET /cart?product_id=120,END,/cart,GET,product_id=120,,buyer,tablet,7,True
538,1,GET /products/filter,"POST /products/filter  body={""gender"":""female"",""category"":""shirt""}",/products/filter,GET,,,new_visitor,mobile,4,False
538,2,"POST /products/filter  body={""gender"":""female"",""category"":""shirt""}",GET /products?id=44,/products/filter,POST,,"{""gender"":""female"",""category"":""shirt""}",new_visitor,mobile,4,False
538,3,GET /products?id=44,GET /reviews?product_id=44,/products,GET,id=44,,new_visitor,mobile,4,False
538,4,GET /reviews?product_id=44,END,/reviews,GET,product_id=44,,new_visitor,mobile,4,True
539,1,GET /products,GET /products?id=61,/products,GET,,,browser,mobile,18,False
539,2,GET /products?id=61,"POST /wishlist?product_id=61  body={""product_id"": 61}",/products,GET,id=61,,browser,mobile,18,False
539,3,"POST /wishlist?product_id=61  body={""product_id"": 61}",GET /cart?product_id=61,/wishlist,POST,product_id=61,"{""product_id"": 61}",browser,mobile,18,False
539,4,GET /cart?product_id=61,END,/cart,GET,product_id=61,,browser,mobile,18,True
540,1,GET /products?id=39,GET /reviews?product_id=39,/products,GET,id=39,,browser,tablet,11,False
540,2,GET /reviews?product_id=39,END,/reviews,GET,product_id=39,,browser,tablet,11,True
541,1,GET /products/filter,"POST /products/filter  body={""gender"":""male"",""category"":""dress""}",/products/filter,GET,,,returner,tablet,3,False
541,2,"POST /products/filter  body={""gender"":""male"",""category"":""dress""}",GET /products?id=73,/products/filter,POST,,"{""gender"":""male"",""category"":""dress""}",returner,tablet,3,False
541,3,GET /products?id=73,GET /reviews?product_id=73,/products,GET,id=73,,returner,tablet,3,False
541,4,GET /reviews?product_id=73,END,/reviews,GET,product_id=73,,returner,tablet,3,True
542,1,GET /products,GET /products?id=73,/products,GET,,,returner,tablet,15,False
542,2,GET /products?id=73,GET /reviews?product_id=73,/products,GET,id=73,,returner,tablet,15,False
542,3,GET /reviews?product_id=73,GET /products?id=73,/reviews,GET,product_id=73,,returner,tablet,15,False
542,4,GET /products?id=73,GET /cart?product_id=73,/products,GET,id=73,,returner,tablet,15,False
542,5,GET /cart?product_id=73,END,/cart,GET,product_id=73,,returner,tablet,15,True
543,1,GET /products,GET /products?id=11,/products,GET,,,new_visitor,tablet,19,False
543,2,GET /products?id=11,GET /cart?product_id=11,/products,GET,id=11,,new_visitor,tablet,19,False
543,3,GET /cart?product_id=11,GET /home,/cart,GET,product_id=11,,new_visitor,tablet,19,False
543,4,GET /home,END,/home,GET,,,new_visitor,tablet,19,True
544,1,GET /products/filter,"POST /products/filter  body={""gender"":""unisex"",""category"":""shirt"",""price"":""mid""}",/products/filter,GET,,,new_visitor,mobile,12,False
544,2,"POST /products/filter  body={""gender"":""unisex"",""category"":""shirt"",""price"":""mid""}",GET /products?id=73,/products/filter,POST,,"{""gender"":""unisex"",""category"":""shirt"",""price"":""mid""}",new_visitor,mobile,12,False
544,3,GET /products?id=73,GET /cart?product_id=73,/products,GET,id=73,,new_visitor,mobile,12,False
544,4,GET /cart?product_id=73,END,/cart,GET,product_id=73,,new_visitor,mobile,12,True
545,1,GET /search?q=sunglasses,GET /products?id=44,/search,GET,q=sunglasses,,browser,tablet,18,False
545,2,GET /products?id=44,GET /cart?product_id=44,/products,GET,id=44,,browser,tablet,18,False
545,3,GET /cart?product_id=44,END,/cart,GET,product_id=44,,browser,tablet,18,True
546,1,GET /products,GET /products?id=11,/products,GET,,,buyer,tablet,10,False
546,2,GET /products?id=11,GET /reviews?product_id=11,/products,GET,id=11,,buyer,tablet,10,False
546,3,GET /reviews?product_id=11,GET /products?id=55,/reviews,GET,product_id=11,,buyer,tablet,10,False
546,4,GET /products?id=55,GET /cart?product_id=55,/products,GET,id=55,,buyer,tablet,10,False
546,5,GET /cart?product_id=55,END,/cart,GET,product_id=55,,buyer,tablet,10,True
547,1,GET /products,GET /products?id=11,/products,GET,,,returner,mobile,10,False
547,2,GET /products?id=11,GET /cart?product_id=11,/products,GET,id=11,,returner,mobile,10,False
547,3,GET /cart?product_id=11,GET /checkout,/cart,GET,product_id=11,,returner,mobile,10,False
547,4,GET /checkout,"POST /payment  body={""amount"": 49.99, ""method"": ""card""}",/checkout,GET,,,returner,mobile,10,False
547,5,"POST /payment  body={""amount"": 49.99, ""method"": ""card""}",END,/payment,POST,,"{""amount"": 49.99, ""method"": ""card""}",returner,mobile,10,True
548,1,GET /products,GET /products?id=33,/products,GET,,,indecisive,desktop,5,False
548,2,GET /products?id=33,GET /products?id=110,/products,GET,id=33,,indecisive,desktop,5,False
548,3,GET /products?id=110,GET /cart?product_id=110,/products,GET,id=110,,indecisive,desktop,5,False
548,4,GET /cart?product_id=110,END,/cart,GET,product_id=110,,indecisive,desktop,5,True
549,1,GET /products,GET /products?id=15,/products,GET,,,buyer,mobile,22,False
549,2,GET /products?id=15,GET /reviews?product_id=15,/products,GET,id=15,,buyer,mobile,22,False
549,3,GET /reviews?product_id=15,END,/reviews,GET,product_id=15,,buyer,mobile,22,True
550,1,GET /search?q=heels,GET /products?id=73,/search,GET,q=heels,,browser,mobile,12,False
550,2,GET /products?id=73,GET /cart?product_id=73,/products,GET,id=73,,browser,mobile,12,False
550,3,GET /cart?product_id=73,END,/cart,GET,product_id=73,,browser,mobile,12,True
551,1,GET /products/filter,"POST /products/filter  body={""gender"":""male"",""category"":""skirt""}",/products/filter,GET,,,returner,desktop,12,False
551,2,"POST /products/filter  body={""gender"":""male"",""category"":""skirt""}",GET /products?id=120,/products/filter,POST,,"{""gender"":""male"",""category"":""skirt""}",returner,desktop,12,False
551,3,GET /products?id=120,GET /reviews?product_id=120,/products,GET,id=120,,returner,desktop,12,False
551,4,GET /reviews?product_id=120,END,/reviews,GET,product_id=120,,returner,desktop,12,True
552,1,GET /products/filter,"POST /products/filter  body={""gender"":""male"",""category"":""skirt"",""price"":""low""}",/products/filter,GET,,,new_visitor,tablet,21,False
552,2,"POST /products/filter  body={""gender"":""male"",""category"":""skirt"",""price"":""low""}",GET /products?id=22,/products/filter,POST,,"{""gender"":""male"",""category"":""skirt"",""price"":""low""}",new_visitor,tablet,21,False
552,3,GET /products?id=22,GET /cart?product_id=22,/products,GET,id=22,,new_visitor,tablet,21,False
552,4,GET /cart?product_id=22,END,/cart,GET,product_id=22,,new_visitor,tablet,21,True
553,1,GET /products?id=47,GET /cart?product_id=47,/products,GET,id=47,,browser,desktop,8,False
553,2,GET /cart?product_id=47,END,/cart,GET,product_id=47,,browser,desktop,8,True
554,1,GET /products,GET /products?id=47,/products,GET,,,returner,mobile,23,False
554,2,GET /products?id=47,GET /cart?product_id=47,/products,GET,id=47,,returner,mobile,23,False
554,3,GET /cart?product_id=47,END,/cart,GET,product_id=47,,returner,mobile,23,True
555,1,GET /products,GET /products?id=73,/products,GET,,,new_visitor,desktop,22,False
555,2,GET /products?id=73,GET /cart?product_id=73,/products,GET,id=73,,new_visitor,desktop,22,False
555,3,GET /cart?product_id=73,END,/cart,GET,product_id=73,,new_visitor,desktop,22,True
556,1,GET /products,GET /products?id=88,/products,GET,,,returner,mobile,1,False
556,2,GET /products?id=88,GET /reviews?product_id=88,/products,GET,id=88,,returner,mobile,1,False
556,3,GET /reviews?product_id=88,END,/reviews,GET,product_id=88,,returner,mobile,1,True
557,1,GET /products,GET /products?id=15,/products,GET,,,returner,tablet,17,False
557,2,GET /products?id=15,"POST /wishlist?product_id=15  body={""product_id"": 15}",/products,GET,id=15,,returner,tablet,17,False
557,3,"POST /wishlist?product_id=15  body={""product_id"": 15}",GET /cart?product_id=15,/wishlist,POST,product_id=15,"{""product_id"": 15}",returner,tablet,17,False
557,4,GET /cart?product_id=15,END,/cart,GET,product_id=15,,returner,tablet,17,True
558,1,GET /products,GET /products?id=101,/products,GET,,,indecisive,desktop,7,False
558,2,GET /products?id=101,GET /cart?product_id=101,/products,GET,id=101,,indecisive,desktop,7,False
558,3,GET /cart?product_id=101,END,/cart,GET,product_id=101,,indecisive,desktop,7,True
559,1,GET /products/filter,"POST /products/filter  body={""gender"":""male"",""category"":""skirt""}",/products/filter,GET,,,returner,mobile,1,False
559,2,"POST /products/filter  body={""gender"":""male"",""category"":""skirt""}",GET /products?id=22,/products/filter,POST,,"{""gender"":""male"",""category"":""skirt""}",returner,mobile,1,False
559,3,GET /products?id=22,GET /reviews?product_id=22,/products,GET,id=22,,returner,mobile,1,False
559,4,GET /reviews?product_id=22,END,/reviews,GET,product_id=22,,returner,mobile,1,True
560,1,GET /products,GET /products?id=88,/products,GET,,,new_visitor,desktop,6,False
560,2,GET /products?id=88,GET /cart?product_id=88,/products,GET,id=88,,new_visitor,desktop,6,False
560,3,GET /cart?product_id=88,END,/cart,GET,product_id=88,,new_visitor,desktop,6,True
561,1,GET /products/filter,"POST /products/filter  body={""gender"":""male"",""category"":""sneakers"",""price"":""high""}",/products/filter,GET,,,indecisive,mobile,15,False
561,2,"POST /products/filter  body={""gender"":""male"",""category"":""sneakers"",""price"":""high""}",GET /products,/products/filter,POST,,"{""gender"":""male"",""category"":""sneakers"",""price"":""high""}",indecisive,mobile,15,False
561,3,GET /products,"POST /products/filter  body={""gender"":""male"",""category"":""sneakers""}",/products,GET,,,indecisive,mobile,15,False
561,4,"POST /products/filter  body={""gender"":""male"",""category"":""sneakers""}",GET /products?id=120,/products/filter,POST,,"{""gender"":""male"",""category"":""sneakers""}",indecisive,mobile,15,False
561,5,GET /products?id=120,GET /cart?product_id=120,/products,GET,id=120,,indecisive,mobile,15,False
561,6,GET /cart?product_id=120,END,/cart,GET,product_id=120,,indecisive,mobile,15,True
562,1,GET /products,GET /products?id=101,/products,GET,,,returner,tablet,8,False
562,2,GET /products?id=101,GET /cart?product_id=101,/products,GET,id=101,,returner,tablet,8,False
562,3,GET /cart?product_id=101,END,/cart,GET,product_id=101,,returner,tablet,8,True
563,1,GET /search?q=men watch,GET /products?id=110,/search,GET,q=men watch,,returner,desktop,5,False
563,2,GET /products?id=110,GET /cart?product_id=110,/products,GET,id=110,,returner,desktop,5,False
563,3,GET /cart?product_id=110,END,/cart,GET,product_id=110,,returner,desktop,5,True
564,1,GET /products/filter,"POST /products/filter  body={""gender"":""female"",""category"":""skirt"",""price"":""high""}",/products/filter,GET,,,returner,desktop,7,False
564,2,"POST /products/filter  body={""gender"":""female"",""category"":""skirt"",""price"":""high""}",GET /products,/products/filter,POST,,"{""gender"":""female"",""category"":""skirt"",""price"":""high""}",returner,desktop,7,False
564,3,GET /products,"POST /products/filter  body={""gender"":""female"",""category"":""skirt""}",/products,GET,,,returner,desktop,7,False
564,4,"POST /products/filter  body={""gender"":""female"",""category"":""skirt""}",GET /products?id=55,/products/filter,POST,,"{""gender"":""female"",""category"":""skirt""}",returner,desktop,7,False
564,5,GET /products?id=55,GET /cart?product_id=55,/products,GET,id=55,,returner,desktop,7,False
564,6,GET /cart?product_id=55,END,/cart,GET,product_id=55,,returner,desktop,7,True
565,1,GET /products,GET /products?id=105,/products,GET,,,browser,tablet,11,False
565,2,GET /products?id=105,GET /cart?product_id=105,/products,GET,id=105,,browser,tablet,11,False
565,3,GET /cart?product_id=105,GET /home,/cart,GET,product_id=105,,browser,tablet,11,False
565,4,GET /home,END,/home,GET,,,browser,tablet,11,True
566,1,GET /products,GET /products?id=101,/products,GET,,,new_visitor,mobile,17,False
566,2,GET /products?id=101,GET /reviews?product_id=101,/products,GET,id=101,,new_visitor,mobile,17,False
566,3,GET /reviews?product_id=101,END,/reviews,GET,product_id=101,,new_visitor,mobile,17,True
567,1,GET /products,GET /products?id=11,/products,GET,,,returner,tablet,21,False
567,2,GET /products?id=11,GET /products?id=120,/products,GET,id=11,,returner,tablet,21,False
567,3,GET /products?id=120,GET /products?id=22,/products,GET,id=120,,returner,tablet,21,False
567,4,GET /products?id=22,GET /products?id=47,/products,GET,id=22,,returner,tablet,21,False
567,5,GET /products?id=47,GET /products?id=101,/products,GET,id=47,,returner,tablet,21,False
567,6,GET /products?id=101,GET /products?id=44,/products,GET,id=101,,returner,tablet,21,False
567,7,GET /products?id=44,GET /reviews?product_id=44,/products,GET,id=44,,returner,tablet,21,False
567,8,GET /reviews?product_id=44,GET /cart?product_id=44,/reviews,GET,product_id=44,,returner,tablet,21,False
567,9,GET /cart?product_id=44,END,/cart,GET,product_id=44,,returner,tablet,21,True
568,1,GET /products?id=88,GET /cart?product_id=88,/products,GET,id=88,,returner,mobile,5,False
568,2,GET /cart?product_id=88,END,/cart,GET,product_id=88,,returner,mobile,5,True
569,1,GET /search?q=running shoes,GET /products?id=15,/search,GET,q=running shoes,,returner,mobile,21,False
569,2,GET /products?id=15,GET /cart?product_id=15,/products,GET,id=15,,returner,mobile,21,False
569,3,GET /cart?product_id=15,END,/cart,GET,product_id=15,,returner,mobile,21,True
570,1,GET /products,GET /products?id=101,/products,GET,,,indecisive,tablet,2,False
570,2,GET /products?id=101,GET /cart?product_id=101,/products,GET,id=101,,indecisive,tablet,2,False
570,3,GET /cart?product_id=101,END,/cart,GET,product_id=101,,indecisive,tablet,2,True
571,1,GET /products,GET /products?id=42,/products,GET,,,indecisive,tablet,14,False
571,2,GET /products?id=42,GET /reviews?product_id=42,/products,GET,id=42,,indecisive,tablet,14,False
571,3,GET /reviews?product_id=42,GET /products?id=47,/reviews,GET,product_id=42,,indecisive,tablet,14,False
571,4,GET /products?id=47,GET /cart?product_id=47,/products,GET,id=47,,indecisive,tablet,14,False
571,5,GET /cart?product_id=47,END,/cart,GET,product_id=47,,indecisive,tablet,14,True
572,1,GET /products,GET /products?id=55,/products,GET,,,browser,desktop,4,False
572,2,GET /products?id=55,GET /reviews?product_id=55,/products,GET,id=55,,browser,desktop,4,False
572,3,GET /reviews?product_id=55,END,/reviews,GET,product_id=55,,browser,desktop,4,True
573,1,GET /products,GET /products?id=105,/products,GET,,,new_visitor,mobile,9,False
573,2,GET /products?id=105,GET /reviews?product_id=105,/products,GET,id=105,,new_visitor,mobile,9,False
573,3,GET /reviews?product_id=105,GET /products?id=15,/reviews,GET,product_id=105,,new_visitor,mobile,9,False
573,4,GET /products?id=15,GET /reviews?product_id=15,/products,GET,id=15,,new_visitor,mobile,9,False
573,5,GET /reviews?product_id=15,GET /products?id=101,/reviews,GET,product_id=15,,new_visitor,mobile,9,False
573,6,GET /products?id=101,GET /reviews?product_id=101,/products,GET,id=101,,new_visitor,mobile,9,False
573,7,GET /reviews?product_id=101,GET /products?id=120,/reviews,GET,product_id=101,,new_visitor,mobile,9,False
573,8,GET /products?id=120,GET /products?id=120,/products,GET,id=120,,new_visitor,mobile,9,False
573,9,GET /products?id=120,GET /cart?product_id=120,/products,GET,id=120,,new_visitor,mobile,9,False
573,10,GET /cart?product_id=120,END,/cart,GET,product_id=120,,new_visitor,mobile,9,True
574,1,GET /products,GET /products?id=44,/products,GET,,,browser,desktop,10,False
574,2,GET /products?id=44,GET /reviews?product_id=44,/products,GET,id=44,,browser,desktop,10,False
574,3,GET /reviews?product_id=44,GET /products?id=44,/reviews,GET,product_id=44,,browser,desktop,10,False
574,4,GET /products?id=44,GET /cart?product_id=44,/products,GET,id=44,,browser,desktop,10,False
574,5,GET /cart?product_id=44,END,/cart,GET,product_id=44,,browser,desktop,10,True
575,1,GET /products,GET /products?id=22,/products,GET,,,returner,desktop,11,False
575,2,GET /products?id=22,GET /cart?product_id=22,/products,GET,id=22,,returner,desktop,11,False
575,3,GET /cart?product_id=22,END,/cart,GET,product_id=22,,returner,desktop,11,True
576,1,GET /products,GET /products?id=11,/products,GET,,,returner,tablet,21,False
576,2,GET /products?id=11,GET /cart?product_id=11,/products,GET,id=11,,returner,tablet,21,False
576,3,GET /cart?product_id=11,END,/cart,GET,product_id=11,,returner,tablet,21,True
577,1,GET /products,GET /products?id=47,/products,GET,,,returner,desktop,8,False
577,2,GET /products?id=47,GET /cart?product_id=47,/products,GET,id=47,,returner,desktop,8,False
577,3,GET /cart?product_id=47,GET /checkout,/cart,GET,product_id=47,,returner,desktop,8,False
577,4,GET /checkout,"POST /payment  body={""amount"": 49.99, ""method"": ""card""}",/checkout,GET,,,returner,desktop,8,False
577,5,"POST /payment  body={""amount"": 49.99, ""method"": ""card""}",END,/payment,POST,,"{""amount"": 49.99, ""method"": ""card""}",returner,desktop,8,True
578,1,GET /products,GET /products?id=105,/products,GET,,,buyer,desktop,6,False
578,2,GET /products?id=105,GET /reviews?product_id=105,/products,GET,id=105,,buyer,desktop,6,False
578,3,GET /reviews?product_id=105,GET /products?id=120,/reviews,GET,product_id=105,,buyer,desktop,6,False
578,4,GET /products?id=120,GET /cart?product_id=120,/products,GET,id=120,,buyer,desktop,6,False
578,5,GET /cart?product_id=120,END,/cart,GET,product_id=120,,buyer,desktop,6,True
579,1,GET /home,GET /category?type=women,/home,GET,,,new_visitor,desktop,1,False
579,2,GET /category?type=women,GET /products?id=42,/category,GET,type=women,,new_visitor,desktop,1,False
579,3,GET /products?id=42,GET /cart?product_id=42,/products,GET,id=42,,new_visitor,desktop,1,False
579,4,GET /cart?product_id=42,END,/cart,GET,product_id=42,,new_visitor,desktop,1,True
580,1,GET /search?q=jacket,GET /products?id=42,/search,GET,q=jacket,,indecisive,tablet,16,False
580,2,GET /products?id=42,GET /cart?product_id=42,/products,GET,id=42,,indecisive,tablet,16,False
580,3,GET /cart?product_id=42,END,/cart,GET,product_id=42,,indecisive,tablet,16,True
581,1,GET /products/filter,"POST /products/filter  body={""gender"":""female"",""category"":""skirt"",""price"":""high""}",/products/filter,GET,,,buyer,mobile,6,False
581,2,"POST /products/filter  body={""gender"":""female"",""category"":""skirt"",""price"":""high""}",GET /products,/products/filter,POST,,"{""gender"":""female"",""category"":""skirt"",""price"":""high""}",buyer,mobile,6,False
581,3,GET /products,"POST /products/filter  body={""gender"":""female"",""category"":""skirt""}",/products,GET,,,buyer,mobile,6,False
581,4,"POST /products/filter  body={""gender"":""female"",""category"":""skirt""}",GET /products?id=110,/products/filter,POST,,"{""gender"":""female"",""category"":""skirt""}",buyer,mobile,6,False
581,5,GET /products?id=110,GET /cart?product_id=110,/products,GET,id=110,,buyer,mobile,6,False
581,6,GET /cart?product_id=110,END,/cart,GET,product_id=110,,buyer,mobile,6,True
582,1,GET /products,GET /products?id=39,/products,GET,,,browser,desktop,22,False
582,2,GET /products?id=39,GET /reviews?product_id=39,/products,GET,id=39,,browser,desktop,22,False
582,3,GET /reviews?product_id=39,END,/reviews,GET,product_id=39,,browser,desktop,22,True
583,1,GET /products,GET /products?id=42,/products,GET,,,new_visitor,desktop,20,False
583,2,GET /products?id=42,GET /reviews?product_id=42,/products,GET,id=42,,new_visitor,desktop,20,False
583,3,GET /reviews?product_id=42,GET /products?id=44,/reviews,GET,product_id=42,,new_visitor,desktop,20,False
583,4,GET /products?id=44,GET /cart?product_id=44,/products,GET,id=44,,new_visitor,desktop,20,False
583,5,GET /cart?product_id=44,END,/cart,GET,product_id=44,,new_visitor,desktop,20,True
584,1,GET /search?q=wallet,GET /products?id=39,/search,GET,q=wallet,,indecisive,desktop,19,False
584,2,GET /products?id=39,GET /cart?product_id=39,/products,GET,id=39,,indecisive,desktop,19,False
584,3,GET /cart?product_id=39,END,/cart,GET,product_id=39,,indecisive,desktop,19,True
585,1,GET /products,GET /products?id=47,/products,GET,,,indecisive,mobile,8,False
585,2,GET /products?id=47,GET /cart?product_id=47,/products,GET,id=47,,indecisive,mobile,8,False
585,3,GET /cart?product_id=47,GET /checkout,/cart,GET,product_id=47,,indecisive,mobile,8,False
585,4,GET /checkout,"POST /payment  body={""amount"": 49.99, ""method"": ""card""}",/checkout,GET,,,indecisive,mobile,8,False
585,5,"POST /payment  body={""amount"": 49.99, ""method"": ""card""}",END,/payment,POST,,"{""amount"": 49.99, ""method"": ""card""}",indecisive,mobile,8,True
586,1,GET /products,GET /products?id=88,/products,GET,,,indecisive,mobile,12,False
586,2,GET /products?id=88,GET /reviews?product_id=88,/products,GET,id=88,,indecisive,mobile,12,False
586,3,GET /reviews?product_id=88,END,/reviews,GET,product_id=88,,indecisive,mobile,12,True
587,1,GET /products/filter,"POST /products/filter  body={""gender"":""male"",""category"":""watch"",""price"":""low""}",/products/filter,GET,,,buyer,tablet,6,False
587,2,"POST /products/filter  body={""gender"":""male"",""category"":""watch"",""price"":""low""}",GET /products?id=42,/products/filter,POST,,"{""gender"":""male"",""category"":""watch"",""price"":""low""}",buyer,tablet,6,False
587,3,GET /products?id=42,GET /cart?product_id=42,/products,GET,id=42,,buyer,tablet,6,False
587,4,GET /cart?product_id=42,END,/cart,GET,product_id=42,,buyer,tablet,6,True
588,1,GET /products,GET /products?id=42,/products,GET,,,returner,mobile,20,False
588,2,GET /products?id=42,GET /cart?product_id=42,/products,GET,id=42,,returner,mobile,20,False
588,3,GET /cart?product_id=42,END,/cart,GET,product_id=42,,returner,mobile,20,True
589,1,GET /products?id=15,GET /cart?product_id=15,/products,GET,id=15,,new_visitor,desktop,22,False
589,2,GET /cart?product_id=15,END,/cart,GET,product_id=15,,new_visitor,desktop,22,True
590,1,GET /products/filter,"POST /products/filter  body={""gender"":""male"",""category"":""shirt""}",/products/filter,GET,,,returner,desktop,14,False
590,2,"POST /products/filter  body={""gender"":""male"",""category"":""shirt""}",GET /products?id=101,/products/filter,POST,,"{""gender"":""male"",""category"":""shirt""}",returner,desktop,14,False
590,3,GET /products?id=101,GET /cart?product_id=101,/products,GET,id=101,,returner,desktop,14,False
590,4,GET /cart?product_id=101,END,/cart,GET,product_id=101,,returner,desktop,14,True
591,1,GET /home,GET /category?type=accessories,/home,GET,,,new_visitor,mobile,0,False
591,2,GET /category?type=accessories,GET /products?id=110,/category,GET,type=accessories,,new_visitor,mobile,0,False
591,3,GET /products?id=110,GET /cart?product_id=110,/products,GET,id=110,,new_visitor,mobile,0,False
591,4,GET /cart?product_id=110,END,/cart,GET,product_id=110,,new_visitor,mobile,0,True
592,1,GET /products,GET /products?id=55,/products,GET,,,new_visitor,tablet,19,False
592,2,GET /products?id=55,GET /products?id=120,/products,GET,id=55,,new_visitor,tablet,19,False
592,3,GET /products?id=120,GET /products?id=47,/products,GET,id=120,,new_visitor,tablet,19,False
592,4,GET /products?id=47,GET /cart?product_id=47,/products,GET,id=47,,new_visitor,tablet,19,False
592,5,GET /cart?product_id=47,END,/cart,GET,product_id=47,,new_visitor,tablet,19,True
593,1,GET /products,GET /products?id=22,/products,GET,,,indecisive,tablet,10,False
593,2,GET /products?id=22,GET /products?id=88,/products,GET,id=22,,indecisive,tablet,10,False
593,3,GET /products?id=88,GET /products?id=61,/products,GET,id=88,,indecisive,tablet,10,False
593,4,GET /products?id=61,GET /products?id=11,/products,GET,id=61,,indecisive,tablet,10,False
593,5,GET /products?id=11,GET /products?id=44,/products,GET,id=11,,indecisive,tablet,10,False
593,6,GET /products?id=44,GET /cart?product_id=44,/products,GET,id=44,,indecisive,tablet,10,False
593,7,GET /cart?product_id=44,END,/cart,GET,product_id=44,,indecisive,tablet,10,True
594,1,GET /products?id=15,GET /reviews?product_id=15,/products,GET,id=15,,browser,tablet,15,False
594,2,GET /reviews?product_id=15,END,/reviews,GET,product_id=15,,browser,tablet,15,True
595,1,GET /products,GET /products?id=88,/products,GET,,,returner,desktop,23,False
595,2,GET /products?id=88,GET /cart?product_id=88,/products,GET,id=88,,returner,desktop,23,False
595,3,GET /cart?product_id=88,END,/cart,GET,product_id=88,,returner,desktop,23,True
596,1,GET /products,GET /products?id=39,/products,GET,,,buyer,tablet,17,False
596,2,GET /products?id=39,GET /products?id=22,/products,GET,id=39,,buyer,tablet,17,False
596,3,GET /products?id=22,GET /products?id=73,/products,GET,id=22,,buyer,tablet,17,False
596,4,GET /products?id=73,GET /reviews?product_id=73,/products,GET,id=73,,buyer,tablet,17,False
596,5,GET /reviews?product_id=73,END,/reviews,GET,product_id=73,,buyer,tablet,17,True
597,1,GET /products,GET /products?id=61,/products,GET,,,new_visitor,mobile,9,False
597,2,GET /products?id=61,GET /reviews?product_id=61,/products,GET,id=61,,new_visitor,mobile,9,False
597,3,GET /reviews?product_id=61,END,/reviews,GET,product_id=61,,new_visitor,mobile,9,True
598,1,GET /products,GET /products?id=47,/products,GET,,,new_visitor,mobile,21,False
598,2,GET /products?id=47,GET /reviews?product_id=47,/products,GET,id=47,,new_visitor,mobile,21,False
598,3,GET /reviews?product_id=47,GET /products?id=42,/reviews,GET,product_id=47,,new_visitor,mobile,21,False
598,4,GET /products?id=42,GET /cart?product_id=42,/products,GET,id=42,,new_visitor,mobile,21,False
598,5,GET /cart?product_id=42,END,/cart,GET,product_id=42,,new_visitor,mobile,21,True
599,1,GET /products,GET /products?id=33,/products,GET,,,indecisive,mobile,23,False
599,2,GET /products?id=33,GET /products?id=39,/products,GET,id=33,,indecisive,mobile,23,False
599,3,GET /products?id=39,GET /products?id=15,/products,GET,id=39,,indecisive,mobile,23,False
599,4,GET /products?id=15,GET /products?id=22,/products,GET,id=15,,indecisive,mobile,23,False
599,5,GET /products?id=22,GET /products?id=110,/products,GET,id=22,,indecisive,mobile,23,False
599,6,GET /products?id=110,GET /reviews?product_id=110,/products,GET,id=110,,indecisive,mobile,23,False
599,7,GET /reviews?product_id=110,GET /products?id=55,/reviews,GET,product_id=110,,indecisive,mobile,23,False
599,8,GET /products?id=55,GET /cart?product_id=55,/products,GET,id=55,,indecisive,mobile,23,False
599,9,GET /cart?product_id=55,END,/cart,GET,product_id=55,,indecisive,mobile,23,True
600,1,GET /search?q=men watch,GET /products?id=105,/search,GET,q=men watch,,new_visitor,mobile,21,False
600,2,GET /products?id=105,GET /cart?product_id=105,/products,GET,id=105,,new_visitor,mobile,21,False
600,3,GET /cart?product_id=105,END,/cart,GET,product_id=105,,new_visitor,mobile,21,True
601,1,GET /products?id=33,GET /cart?product_id=33,/products,GET,id=33,,browser,mobile,4,False
601,2,GET /cart?product_id=33,END,/cart,GET,product_id=33,,browser,mobile,4,True
602,1,GET /products/filter,"POST /products/filter  body={""gender"":""unisex"",""category"":""dress"",""price"":""low""}",/products/filter,GET,,,new_visitor,desktop,4,False
602,2,"POST /products/filter  body={""gender"":""unisex"",""category"":""dress"",""price"":""low""}",GET /products?id=120,/products/filter,POST,,"{""gender"":""unisex"",""category"":""dress"",""price"":""low""}",new_visitor,desktop,4,False
602,3,GET /products?id=120,GET /cart?product_id=120,/products,GET,id=120,,new_visitor,desktop,4,False
602,4,GET /cart?product_id=120,END,/cart,GET,product_id=120,,new_visitor,desktop,4,True
603,1,GET /products/filter,"POST /products/filter  body={""gender"":""female"",""category"":""skirt""}",/products/filter,GET,,,indecisive,tablet,5,False
603,2,"POST /products/filter  body={""gender"":""female"",""category"":""skirt""}",GET /products?id=15,/products/filter,POST,,"{""gender"":""female"",""category"":""skirt""}",indecisive,tablet,5,False
603,3,GET /products?id=15,GET /cart?product_id=15,/products,GET,id=15,,indecisive,tablet,5,False
603,4,GET /cart?product_id=15,END,/cart,GET,product_id=15,,indecisive,tablet,5,True
604,1,GET /products,GET /products?id=120,/products,GET,,,buyer,mobile,18,False
604,2,GET /products?id=120,GET /cart?product_id=120,/products,GET,id=120,,buyer,mobile,18,False
604,3,GET /cart?product_id=120,GET /checkout,/cart,GET,product_id=120,,buyer,mobile,18,False
604,4,GET /checkout,"POST /payment  body={""amount"": 49.99, ""method"": ""card""}",/checkout,GET,,,buyer,mobile,18,False
604,5,"POST /payment  body={""amount"": 49.99, ""method"": ""card""}",END,/payment,POST,,"{""amount"": 49.99, ""method"": ""card""}",buyer,mobile,18,True
605,1,GET /search?q=heels,GET /products?id=101,/search,GET,q=heels,,browser,mobile,19,False
605,2,GET /products?id=101,GET /cart?product_id=101,/products,GET,id=101,,browser,mobile,19,False
605,3,GET /cart?product_id=101,END,/cart,GET,product_id=101,,browser,mobile,19,True
606,1,GET /products,GET /products?id=88,/products,GET,,,returner,desktop,12,False
606,2,GET /products?id=88,GET /reviews?product_id=88,/products,GET,id=88,,returner,desktop,12,False
606,3,GET /reviews?product_id=88,END,/reviews,GET,product_id=88,,returner,desktop,12,True
607,1,GET /products,GET /products?id=42,/products,GET,,,browser,desktop,16,False
607,2,GET /products?id=42,GET /cart?product_id=42,/products,GET,id=42,,browser,desktop,16,False
607,3,GET /cart?product_id=42,END,/cart,GET,product_id=42,,browser,desktop,16,True
608,1,GET /products,GET /products?id=61,/products,GET,,,buyer,mobile,22,False
608,2,GET /products?id=61,GET /reviews?product_id=61,/products,GET,id=61,,buyer,mobile,22,False
608,3,GET /reviews?product_id=61,GET /products?id=55,/reviews,GET,product_id=61,,buyer,mobile,22,False
608,4,GET /products?id=55,GET /reviews?product_id=55,/products,GET,id=55,,buyer,mobile,22,False
608,5,GET /reviews?product_id=55,GET /products?id=101,/reviews,GET,product_id=55,,buyer,mobile,22,False
608,6,GET /products?id=101,GET /products?id=22,/products,GET,id=101,,buyer,mobile,22,False
608,7,GET /products?id=22,GET /products?id=73,/products,GET,id=22,,buyer,mobile,22,False
608,8,GET /products?id=73,GET /cart?product_id=73,/products,GET,id=73,,buyer,mobile,22,False
608,9,GET /cart?product_id=73,END,/cart,GET,product_id=73,,buyer,mobile,22,True
609,1,GET /products,GET /products?id=33,/products,GET,,,new_visitor,desktop,13,False
609,2,GET /products?id=33,GET /reviews?product_id=33,/products,GET,id=33,,new_visitor,desktop,13,False
609,3,GET /reviews?product_id=33,GET /products?id=120,/reviews,GET,product_id=33,,new_visitor,desktop,13,False
609,4,GET /products?id=120,GET /products?id=39,/products,GET,id=120,,new_visitor,desktop,13,False
609,5,GET /products?id=39,GET /products?id=88,/products,GET,id=39,,new_visitor,desktop,13,False
609,6,GET /products?id=88,GET /reviews?product_id=88,/products,GET,id=88,,new_visitor,desktop,13,False
609,7,GET /reviews?product_id=88,GET /cart?product_id=88,/reviews,GET,product_id=88,,new_visitor,desktop,13,False
609,8,GET /cart?product_id=88,END,/cart,GET,product_id=88,,new_visitor,desktop,13,True
610,1,GET /products/filter,"POST /products/filter  body={""gender"":""female"",""category"":""watch""}",/products/filter,GET,,,buyer,tablet,4,False
610,2,"POST /products/filter  body={""gender"":""female"",""category"":""watch""}",GET /products?id=73,/products/filter,POST,,"{""gender"":""female"",""category"":""watch""}",buyer,tablet,4,False
610,3,GET /products?id=73,GET /cart?product_id=73,/products,GET,id=73,,buyer,tablet,4,False
610,4,GET /cart?product_id=73,END,/cart,GET,product_id=73,,buyer,tablet,4,True
611,1,GET /products,GET /products?id=44,/products,GET,,,browser,desktop,22,False
611,2,GET /products?id=44,GET /reviews?product_id=44,/products,GET,id=44,,browser,desktop,22,False
611,3,GET /reviews?product_id=44,GET /products?id=44,/reviews,GET,product_id=44,,browser,desktop,22,False
611,4,GET /products?id=44,GET /cart?product_id=44,/products,GET,id=44,,browser,desktop,22,False
611,5,GET /cart?product_id=44,END,/cart,GET,product_id=44,,browser,desktop,22,True
612,1,GET /products,GET /products?id=44,/products,GET,,,returner,tablet,8,False
612,2,GET /products?id=44,GET /cart?product_id=44,/products,GET,id=44,,returner,tablet,8,False
612,3,GET /cart?product_id=44,GET /checkout,/cart,GET,product_id=44,,returner,tablet,8,False
612,4,GET /checkout,"POST /payment  body={""amount"": 49.99, ""method"": ""card""}",/checkout,GET,,,returner,tablet,8,False
612,5,"POST /payment  body={""amount"": 49.99, ""method"": ""card""}",END,/payment,POST,,"{""amount"": 49.99, ""method"": ""card""}",returner,tablet,8,True
613,1,GET /products,GET /products?id=42,/products,GET,,,new_visitor,mobile,21,False
613,2,GET /products?id=42,GET /cart?product_id=42,/products,GET,id=42,,new_visitor,mobile,21,False
613,3,GET /cart?product_id=42,END,/cart,GET,product_id=42,,new_visitor,mobile,21,True
614,1,GET /search?q=jacket,GET /products?id=15,/search,GET,q=jacket,,browser,desktop,14,False
614,2,GET /products?id=15,GET /cart?product_id=15,/products,GET,id=15,,browser,desktop,14,False
614,3,GET /cart?product_id=15,END,/cart,GET,product_id=15,,browser,desktop,14,True
615,1,GET /products/filter,"POST /products/filter  body={""gender"":""unisex"",""category"":""skirt"",""price"":""high""}",/products/filter,GET,,,returner,tablet,4,False
615,2,"POST /products/filter  body={""gender"":""unisex"",""category"":""skirt"",""price"":""high""}",GET /products?id=105,/products/filter,POST,,"{""gender"":""unisex"",""category"":""skirt"",""price"":""high""}",returner,tablet,4,False
615,3,GET /products?id=105,GET /cart?product_id=105,/products,GET,id=105,,returner,tablet,4,False
615,4,GET /cart?product_id=105,END,/cart,GET,product_id=105,,returner,tablet,4,True
616,1,GET /products/filter,"POST /products/filter  body={""gender"":""unisex"",""category"":""dress""}",/products/filter,GET,,,browser,tablet,16,False
616,2,"POST /products/filter  body={""gender"":""unisex"",""category"":""dress""}",GET /products?id=55,/products/filter,POST,,"{""gender"":""unisex"",""category"":""dress""}",browser,tablet,16,False
616,3,GET /products?id=55,GET /cart?product_id=55,/products,GET,id=55,,browser,tablet,16,False
616,4,GET /cart?product_id=55,END,/cart,GET,product_id=55,,browser,tablet,16,True
617,1,GET /products,GET /products?id=55,/products,GET,,,new_visitor,tablet,19,False
617,2,GET /products?id=55,GET /reviews?product_id=55,/products,GET,id=55,,new_visitor,tablet,19,False
617,3,GET /reviews?product_id=55,END,/reviews,GET,product_id=55,,new_visitor,tablet,19,True
618,1,GET /products,GET /products?id=15,/products,GET,,,returner,mobile,19,False
618,2,GET /products?id=15,GET /reviews?product_id=15,/products,GET,id=15,,returner,mobile,19,False
618,3,GET /reviews?product_id=15,END,/reviews,GET,product_id=15,,returner,mobile,19,True
619,1,GET /search?q=running shoes,GET /products?id=44,/search,GET,q=running shoes,,buyer,desktop,22,False
619,2,GET /products?id=44,GET /cart?product_id=44,/products,GET,id=44,,buyer,desktop,22,False
619,3,GET /cart?product_id=44,END,/cart,GET,product_id=44,,buyer,desktop,22,True
620,1,GET /products,GET /products?id=120,/products,GET,,,new_visitor,desktop,6,False
620,2,GET /products?id=120,GET /reviews?product_id=120,/products,GET,id=120,,new_visitor,desktop,6,False
620,3,GET /reviews?product_id=120,GET /products?id=120,/reviews,GET,product_id=120,,new_visitor,desktop,6,False
620,4,GET /products?id=120,GET /cart?product_id=120,/products,GET,id=120,,new_visitor,desktop,6,False
620,5,GET /cart?product_id=120,END,/cart,GET,product_id=120,,new_visitor,desktop,6,True
621,1,GET /products,GET /products?id=47,/products,GET,,,indecisive,mobile,0,False
621,2,GET /products?id=47,GET /reviews?product_id=47,/products,GET,id=47,,indecisive,mobile,0,False
621,3,GET /reviews?product_id=47,END,/reviews,GET,product_id=47,,indecisive,mobile,0,True
622,1,GET /products,GET /products?id=47,/products,GET,,,new_visitor,tablet,15,False
622,2,GET /products?id=47,GET /reviews?product_id=47,/products,GET,id=47,,new_visitor,tablet,15,False
622,3,GET /reviews?product_id=47,END,/reviews,GET,product_id=47,,new_visitor,tablet,15,True
623,1,GET /products,GET /products?id=15,/products,GET,,,browser,tablet,23,False
623,2,GET /products?id=15,GET /cart?product_id=15,/products,GET,id=15,,browser,tablet,23,False
623,3,GET /cart?product_id=15,END,/cart,GET,product_id=15,,browser,tablet,23,True
624,1,GET /search?q=summer skirt,GET /products?id=73,/search,GET,q=summer skirt,,returner,desktop,8,False
624,2,GET /products?id=73,GET /reviews?product_id=73,/products,GET,id=73,,returner,desktop,8,False
624,3,GET /reviews?product_id=73,END,/reviews,GET,product_id=73,,returner,desktop,8,True
625,1,GET /products,GET /products?id=33,/products,GET,,,browser,desktop,11,False
625,2,GET /products?id=33,GET /cart?product_id=33,/products,GET,id=33,,browser,desktop,11,False
625,3,GET /cart?product_id=33,GET /home,/cart,GET,product_id=33,,browser,desktop,11,False
625,4,GET /home,END,/home,GET,,,browser,desktop,11,True
626,1,GET /products,GET /products?id=44,/products,GET,,,returner,tablet,3,False
626,2,GET /products?id=44,GET /cart?product_id=44,/products,GET,id=44,,returner,tablet,3,False
626,3,GET /cart?product_id=44,END,/cart,GET,product_id=44,,returner,tablet,3,True
627,1,GET /products,GET /products?id=39,/products,GET,,,buyer,tablet,20,False
627,2,GET /products?id=39,GET /reviews?product_id=39,/products,GET,id=39,,buyer,tablet,20,False
627,3,GET /reviews?product_id=39,END,/reviews,GET,product_id=39,,buyer,tablet,20,True
628,1,GET /products,GET /products?id=33,/products,GET,,,new_visitor,desktop,23,False
628,2,GET /products?id=33,GET /cart?product_id=33,/products,GET,id=33,,new_visitor,desktop,23,False
628,3,GET /cart?product_id=33,END,/cart,GET,product_id=33,,new_visitor,desktop,23,True
629,1,GET /products/filter,"POST /products/filter  body={""gender"":""male"",""category"":""sneakers""}",/products/filter,GET,,,returner,desktop,14,False
629,2,"POST /products/filter  body={""gender"":""male"",""category"":""sneakers""}",GET /products?id=73,/products/filter,POST,,"{""gender"":""male"",""category"":""sneakers""}",returner,desktop,14,False
629,3,GET /products?id=73,GET /cart?product_id=73,/products,GET,id=73,,returner,desktop,14,False
629,4,GET /cart?product_id=73,END,/cart,GET,product_id=73,,returner,desktop,14,True
630,1,GET /products,GET /products?id=73,/products,GET,,,browser,mobile,22,False
630,2,GET /products?id=73,"POST /wishlist?product_id=73  body={""product_id"": 73}",/products,GET,id=73,,browser,mobile,22,False
630,3,"POST /wishlist?product_id=73  body={""product_id"": 73}",GET /cart?product_id=73,/wishlist,POST,product_id=73,"{""product_id"": 73}",browser,mobile,22,False
630,4,GET /cart?product_id=73,END,/cart,GET,product_id=73,,browser,mobile,22,True
631,1,GET /search?q=sunglasses,GET /products?id=110,/search,GET,q=sunglasses,,browser,desktop,18,False
631,2,GET /products?id=110,GET /reviews?product_id=110,/products,GET,id=110,,browser,desktop,18,False
631,3,GET /reviews?product_id=110,END,/reviews,GET,product_id=110,,browser,desktop,18,True
632,1,GET /products,GET /products?id=42,/products,GET,,,buyer,tablet,12,False
632,2,GET /products?id=42,GET /cart?product_id=42,/products,GET,id=42,,buyer,tablet,12,False
632,3,GET /cart?product_id=42,GET /checkout,/cart,GET,product_id=42,,buyer,tablet,12,False
632,4,GET /checkout,"POST /payment  body={""amount"": 49.99, ""method"": ""card""}",/checkout,GET,,,buyer,tablet,12,False
632,5,"POST /payment  body={""amount"": 49.99, ""method"": ""card""}",END,/payment,POST,,"{""amount"": 49.99, ""method"": ""card""}",buyer,tablet,12,True
633,1,GET /products,GET /products?id=105,/products,GET,,,buyer,desktop,15,False
633,2,GET /products?id=105,GET /cart?product_id=105,/products,GET,id=105,,buyer,desktop,15,False
633,3,GET /cart?product_id=105,END,/cart,GET,product_id=105,,buyer,desktop,15,True
634,1,GET /products/filter,"POST /products/filter  body={""gender"":""unisex"",""category"":""watch""}",/products/filter,GET,,,browser,desktop,20,False
634,2,"POST /products/filter  body={""gender"":""unisex"",""category"":""watch""}",GET /products?id=11,/products/filter,POST,,"{""gender"":""unisex"",""category"":""watch""}",browser,desktop,20,False
634,3,GET /products?id=11,GET /cart?product_id=11,/products,GET,id=11,,browser,desktop,20,False
634,4,GET /cart?product_id=11,END,/cart,GET,product_id=11,,browser,desktop,20,True
635,1,GET /products,GET /products?id=55,/products,GET,,,indecisive,tablet,16,False
635,2,GET /products?id=55,GET /reviews?product_id=55,/products,GET,id=55,,indecisive,tablet,16,False
635,3,GET /reviews?product_id=55,GET /products?id=55,/reviews,GET,product_id=55,,indecisive,tablet,16,False
635,4,GET /products?id=55,GET /cart?product_id=55,/products,GET,id=55,,indecisive,tablet,16,False
635,5,GET /cart?product_id=55,END,/cart,GET,product_id=55,,indecisive,tablet,16,True
636,1,GET /products/filter,"POST /products/filter  body={""gender"":""male"",""category"":""sneakers"",""price"":""mid""}",/products/filter,GET,,,returner,tablet,23,False
636,2,"POST /products/filter  body={""gender"":""male"",""category"":""sneakers"",""price"":""mid""}",GET /products?id=44,/products/filter,POST,,"{""gender"":""male"",""category"":""sneakers"",""price"":""mid""}",returner,tablet,23,False
636,3,GET /products?id=44,GET /cart?product_id=44,/products,GET,id=44,,returner,tablet,23,False
636,4,GET /cart?product_id=44,END,/cart,GET,product_id=44,,returner,tablet,23,True
637,1,GET /home,GET /category?type=men,/home,GET,,,browser,tablet,5,False
637,2,GET /category?type=men,GET /products?id=33,/category,GET,type=men,,browser,tablet,5,False
637,3,GET /products?id=33,GET /cart?product_id=33,/products,GET,id=33,,browser,tablet,5,False
637,4,GET /cart?product_id=33,END,/cart,GET,product_id=33,,browser,tablet,5,True
638,1,GET /products/filter,"POST /products/filter  body={""gender"":""male"",""category"":""shirt"",""price"":""low""}",/products/filter,GET,,,buyer,mobile,15,False
638,2,"POST /products/filter  body={""gender"":""male"",""category"":""shirt"",""price"":""low""}",GET /products?id=11,/products/filter,POST,,"{""gender"":""male"",""category"":""shirt"",""price"":""low""}",buyer,mobile,15,False
638,3,GET /products?id=11,GET /cart?product_id=11,/products,GET,id=11,,buyer,mobile,15,False
638,4,GET /cart?product_id=11,END,/cart,GET,product_id=11,,buyer,mobile,15,True
639,1,GET /search?q=leather bag,GET /products?id=47,/search,GET,q=leather bag,,new_visitor,tablet,12,False
639,2,GET /products?id=47,GET /cart?product_id=47,/products,GET,id=47,,new_visitor,tablet,12,False
639,3,GET /cart?product_id=47,END,/cart,GET,product_id=47,,new_visitor,tablet,12,True
640,1,GET /search?q=wallet,GET /products?id=110,/search,GET,q=wallet,,returner,desktop,18,False
640,2,GET /products?id=110,GET /cart?product_id=110,/products,GET,id=110,,returner,desktop,18,False
640,3,GET /cart?product_id=110,END,/cart,GET,product_id=110,,returner,desktop,18,True
641,1,GET /products,GET /products?id=42,/products,GET,,,indecisive,mobile,15,False
641,2,GET /products?id=42,GET /cart?product_id=42,/products,GET,id=42,,indecisive,mobile,15,False
641,3,GET /cart?product_id=42,GET /checkout,/cart,GET,product_id=42,,indecisive,mobile,15,False
641,4,GET /checkout,"POST /payment  body={""amount"": 49.99, ""method"": ""card""}",/checkout,GET,,,indecisive,mobile,15,False
641,5,"POST /payment  body={""amount"": 49.99, ""method"": ""card""}",END,/payment,POST,,"{""amount"": 49.99, ""method"": ""card""}",indecisive,mobile,15,True
642,1,GET /products,GET /products?id=42,/products,GET,,,browser,desktop,13,False
642,2,GET /products?id=42,GET /reviews?product_id=42,/products,GET,id=42,,browser,desktop,13,False
642,3,GET /reviews?product_id=42,END,/reviews,GET,product_id=42,,browser,desktop,13,True
643,1,GET /products/filter,"POST /products/filter  body={""gender"":""unisex"",""category"":""watch"",""price"":""mid""}",/products/filter,GET,,,new_visitor,tablet,20,False
643,2,"POST /products/filter  body={""gender"":""unisex"",""category"":""watch"",""price"":""mid""}",GET /products?id=110,/products/filter,POST,,"{""gender"":""unisex"",""category"":""watch"",""price"":""mid""}",new_visitor,tablet,20,False
643,3,GET /products?id=110,GET /cart?product_id=110,/products,GET,id=110,,new_visitor,tablet,20,False
643,4,GET /cart?product_id=110,END,/cart,GET,product_id=110,,new_visitor,tablet,20,True
644,1,GET /products,GET /products?id=110,/products,GET,,,indecisive,desktop,1,False
644,2,GET /products?id=110,GET /cart?product_id=110,/products,GET,id=110,,indecisive,desktop,1,False
644,3,GET /cart?product_id=110,GET /home,/cart,GET,product_id=110,,indecisive,desktop,1,False
644,4,GET /home,END,/home,GET,,,indecisive,desktop,1,True
645,1,GET /products,GET /products?id=39,/products,GET,,,indecisive,tablet,19,False
645,2,GET /products?id=39,GET /products?id=110,/products,GET,id=39,,indecisive,tablet,19,False
645,3,GET /products?id=110,GET /products?id=55,/products,GET,id=110,,indecisive,tablet,19,False
645,4,GET /products?id=55,GET /products?id=55,/products,GET,id=55,,indecisive,tablet,19,False
645,5,GET /products?id=55,GET /reviews?product_id=55,/products,GET,id=55,,indecisive,tablet,19,False
645,6,GET /reviews?product_id=55,END,/reviews,GET,product_id=55,,indecisive,tablet,19,True
646,1,GET /products/filter,"POST /products/filter  body={""gender"":""male"",""category"":""shirt""}",/products/filter,GET,,,buyer,mobile,10,False
646,2,"POST /products/filter  body={""gender"":""male"",""category"":""shirt""}",GET /products?id=55,/products/filter,POST,,"{""gender"":""male"",""category"":""shirt""}",buyer,mobile,10,False
646,3,GET /products?id=55,GET /reviews?product_id=55,/products,GET,id=55,,buyer,mobile,10,False
646,4,GET /reviews?product_id=55,END,/reviews,GET,product_id=55,,buyer,mobile,10,True
647,1,GET /products,GET /products?id=105,/products,GET,,,browser,mobile,15,False
647,2,GET /products?id=105,GET /cart?product_id=105,/products,GET,id=105,,browser,mobile,15,False
647,3,GET /cart?product_id=105,END,/cart,GET,product_id=105,,browser,mobile,15,True
648,1,GET /products,GET /products?id=101,/products,GET,,,new_visitor,mobile,6,False
648,2,GET /products?id=101,GET /cart?product_id=101,/products,GET,id=101,,new_visitor,mobile,6,False
648,3,GET /cart?product_id=101,END,/cart,GET,product_id=101,,new_visitor,mobile,6,True
649,1,GET /products,GET /products?id=105,/products,GET,,,buyer,tablet,10,False
649,2,GET /products?id=105,GET /cart?product_id=105,/products,GET,id=105,,buyer,tablet,10,False
649,3,GET /cart?product_id=105,END,/cart,GET,product_id=105,,buyer,tablet,10,True
650,1,GET /search?q=sunglasses,GET /products?id=61,/search,GET,q=sunglasses,,new_visitor,mobile,14,False
650,2,GET /products?id=61,GET /cart?product_id=61,/products,GET,id=61,,new_visitor,mobile,14,False
650,3,GET /cart?product_id=61,END,/cart,GET,product_id=61,,new_visitor,mobile,14,True
651,1,GET /products,GET /products?id=105,/products,GET,,,returner,mobile,16,False
651,2,GET /products?id=105,GET /cart?product_id=105,/products,GET,id=105,,returner,mobile,16,False
651,3,GET /cart?product_id=105,GET /checkout,/cart,GET,product_id=105,,returner,mobile,16,False
651,4,GET /checkout,"POST /payment  body={""amount"": 49.99, ""method"": ""card""}",/checkout,GET,,,returner,mobile,16,False
651,5,"POST /payment  body={""amount"": 49.99, ""method"": ""card""}",END,/payment,POST,,"{""amount"": 49.99, ""method"": ""card""}",returner,mobile,16,True
652,1,GET /products,GET /products?id=73,/products,GET,,,new_visitor,desktop,16,False
652,2,GET /products?id=73,GET /cart?product_id=73,/products,GET,id=73,,new_visitor,desktop,16,False
652,3,GET /cart?product_id=73,GET /checkout,/cart,GET,product_id=73,,new_visitor,desktop,16,False
652,4,GET /checkout,"POST /payment  body={""amount"": 49.99, ""method"": ""card""}",/checkout,GET,,,new_visitor,desktop,16,False
652,5,"POST /payment  body={""amount"": 49.99, ""method"": ""card""}",END,/payment,POST,,"{""amount"": 49.99, ""method"": ""card""}",new_visitor,desktop,16,True
653,1,GET /products,GET /products?id=55,/products,GET,,,new_visitor,mobile,23,False
653,2,GET /products?id=55,GET /cart?product_id=55,/products,GET,id=55,,new_visitor,mobile,23,False
653,3,GET /cart?product_id=55,GET /home,/cart,GET,product_id=55,,new_visitor,mobile,23,False
653,4,GET /home,END,/home,GET,,,new_visitor,mobile,23,True
654,1,GET /products,GET /products?id=101,/products,GET,,,returner,tablet,19,False
654,2,GET /products?id=101,GET /products?id=105,/products,GET,id=101,,returner,tablet,19,False
654,3,GET /products?id=105,GET /products?id=11,/products,GET,id=105,,returner,tablet,19,False
654,4,GET /products?id=11,GET /cart?product_id=11,/products,GET,id=11,,returner,tablet,19,False
654,5,GET /cart?product_id=11,END,/cart,GET,product_id=11,,returner,tablet,19,True
655,1,GET /products,GET /products?id=61,/products,GET,,,indecisive,desktop,14,False
655,2,GET /products?id=61,GET /cart?product_id=61,/products,GET,id=61,,indecisive,desktop,14,False
655,3,GET /cart?product_id=61,GET /home,/cart,GET,product_id=61,,indecisive,desktop,14,False
655,4,GET /home,END,/home,GET,,,indecisive,desktop,14,True
656,1,GET /products,GET /products?id=33,/products,GET,,,returner,tablet,22,False
656,2,GET /products?id=33,GET /products?id=88,/products,GET,id=33,,returner,tablet,22,False
656,3,GET /products?id=88,GET /products?id=88,/products,GET,id=88,,returner,tablet,22,False
656,4,GET /products?id=88,GET /reviews?product_id=88,/products,GET,id=88,,returner,tablet,22,False
656,5,GET /reviews?product_id=88,GET /products?id=88,/reviews,GET,product_id=88,,returner,tablet,22,False
656,6,GET /products?id=88,GET /products?id=22,/products,GET,id=88,,returner,tablet,22,False
656,7,GET /products?id=22,GET /cart?product_id=22,/products,GET,id=22,,returner,tablet,22,False
656,8,GET /cart?product_id=22,END,/cart,GET,product_id=22,,returner,tablet,22,True
657,1,GET /products,GET /products?id=33,/products,GET,,,buyer,tablet,17,False
657,2,GET /products?id=33,"POST /wishlist?product_id=33  body={""product_id"": 33}",/products,GET,id=33,,buyer,tablet,17,False
657,3,"POST /wishlist?product_id=33  body={""product_id"": 33}",GET /cart?product_id=33,/wishlist,POST,product_id=33,"{""product_id"": 33}",buyer,tablet,17,False
657,4,GET /cart?product_id=33,END,/cart,GET,product_id=33,,buyer,tablet,17,True
658,1,GET /search?q=sunglasses,GET /products?id=105,/search,GET,q=sunglasses,,browser,desktop,17,False
658,2,GET /products?id=105,GET /reviews?product_id=105,/products,GET,id=105,,browser,desktop,17,False
658,3,GET /reviews?product_id=105,END,/reviews,GET,product_id=105,,browser,desktop,17,True
659,1,GET /products,GET /products?id=55,/products,GET,,,new_visitor,desktop,13,False
659,2,GET /products?id=55,GET /cart?product_id=55,/products,GET,id=55,,new_visitor,desktop,13,False
659,3,GET /cart?product_id=55,GET /home,/cart,GET,product_id=55,,new_visitor,desktop,13,False
659,4,GET /home,END,/home,GET,,,new_visitor,desktop,13,True
660,1,GET /products,GET /products?id=44,/products,GET,,,browser,desktop,4,False
660,2,GET /products?id=44,GET /cart?product_id=44,/products,GET,id=44,,browser,desktop,4,False
660,3,GET /cart?product_id=44,END,/cart,GET,product_id=44,,browser,desktop,4,True
661,1,GET /products/filter,"POST /products/filter  body={""gender"":""female"",""category"":""shirt"",""price"":""mid""}",/products/filter,GET,,,buyer,desktop,21,False
661,2,"POST /products/filter  body={""gender"":""female"",""category"":""shirt"",""price"":""mid""}",GET /products?id=44,/products/filter,POST,,"{""gender"":""female"",""category"":""shirt"",""price"":""mid""}",buyer,desktop,21,False
661,3,GET /products?id=44,GET /cart?product_id=44,/products,GET,id=44,,buyer,desktop,21,False
661,4,GET /cart?product_id=44,END,/cart,GET,product_id=44,,buyer,desktop,21,True
662,1,GET /products,GET /products?id=11,/products,GET,,,indecisive,desktop,3,False
662,2,GET /products?id=11,GET /products?id=101,/products,GET,id=11,,indecisive,desktop,3,False
662,3,GET /products?id=101,GET /products?id=11,/products,GET,id=101,,indecisive,desktop,3,False
662,4,GET /products?id=11,GET /products?id=22,/products,GET,id=11,,indecisive,desktop,3,False
662,5,GET /products?id=22,GET /reviews?product_id=22,/products,GET,id=22,,indecisive,desktop,3,False
662,6,GET /reviews?product_id=22,END,/reviews,GET,product_id=22,,indecisive,desktop,3,True
663,1,GET /search?q=office shirt,GET /products?id=44,/search,GET,q=office shirt,,browser,desktop,12,False
663,2,GET /products?id=44,GET /cart?product_id=44,/products,GET,id=44,,browser,desktop,12,False
663,3,GET /cart?product_id=44,END,/cart,GET,product_id=44,,browser,desktop,12,True
664,1,GET /products/filter,"POST /products/filter  body={""gender"":""male"",""category"":""dress"",""price"":""high""}",/products/filter,GET,,,browser,tablet,8,False
664,2,"POST /products/filter  body={""gender"":""male"",""category"":""dress"",""price"":""high""}",GET /products?id=88,/products/filter,POST,,"{""gender"":""male"",""category"":""dress"",""price"":""high""}",browser,tablet,8,False
664,3,GET /products?id=88,GET /cart?product_id=88,/products,GET,id=88,,browser,tablet,8,False
664,4,GET /cart?product_id=88,END,/cart,GET,product_id=88,,browser,tablet,8,True
665,1,GET /products,GET /products?id=47,/products,GET,,,buyer,desktop,14,False
665,2,GET /products?id=47,GET /cart?product_id=47,/products,GET,id=47,,buyer,desktop,14,False
665,3,GET /cart?product_id=47,END,/cart,GET,product_id=47,,buyer,desktop,14,True
666,1,GET /products,GET /products?id=44,/products,GET,,,buyer,tablet,16,False
666,2,GET /products?id=44,GET /cart?product_id=44,/products,GET,id=44,,buyer,tablet,16,False
666,3,GET /cart?product_id=44,END,/cart,GET,product_id=44,,buyer,tablet,16,True
667,1,GET /products,GET /products?id=15,/products,GET,,,new_visitor,desktop,4,False
667,2,GET /products?id=15,GET /cart?product_id=15,/products,GET,id=15,,new_visitor,desktop,4,False
667,3,GET /cart?product_id=15,END,/cart,GET,product_id=15,,new_visitor,desktop,4,True
668,1,GET /products,GET /products?id=33,/products,GET,,,returner,tablet,4,False
668,2,GET /products?id=33,GET /cart?product_id=33,/products,GET,id=33,,returner,tablet,4,False
668,3,GET /cart?product_id=33,END,/cart,GET,product_id=33,,returner,tablet,4,True
669,1,GET /search?q=sunglasses,GET /products?id=39,/search,GET,q=sunglasses,,new_visitor,tablet,9,False
669,2,GET /products?id=39,GET /reviews?product_id=39,/products,GET,id=39,,new_visitor,tablet,9,False
669,3,GET /reviews?product_id=39,END,/reviews,GET,product_id=39,,new_visitor,tablet,9,True
670,1,GET /home,GET /category?type=women,/home,GET,,,browser,tablet,10,False
670,2,GET /category?type=women,GET /products?id=61,/category,GET,type=women,,browser,tablet,10,False
670,3,GET /products?id=61,GET /cart?product_id=61,/products,GET,id=61,,browser,tablet,10,False
670,4,GET /cart?product_id=61,END,/cart,GET,product_id=61,,browser,tablet,10,True
671,1,GET /search?q=jacket,GET /products?id=101,/search,GET,q=jacket,,browser,tablet,5,False
671,2,GET /products?id=101,GET /cart?product_id=101,/products,GET,id=101,,browser,tablet,5,False
671,3,GET /cart?product_id=101,END,/cart,GET,product_id=101,,browser,tablet,5,True
672,1,GET /products,GET /products?id=33,/products,GET,,,browser,desktop,7,False
672,2,GET /products?id=33,GET /products?id=39,/products,GET,id=33,,browser,desktop,7,False
672,3,GET /products?id=39,GET /products?id=22,/products,GET,id=39,,browser,desktop,7,False
672,4,GET /products?id=22,GET /products?id=88,/products,GET,id=22,,browser,desktop,7,False
672,5,GET /products?id=88,GET /reviews?product_id=88,/products,GET,id=88,,browser,desktop,7,False
672,6,GET /reviews?product_id=88,GET /products?id=120,/reviews,GET,product_id=88,,browser,desktop,7,False
672,7,GET /products?id=120,GET /cart?product_id=120,/products,GET,id=120,,browser,desktop,7,False
672,8,GET /cart?product_id=120,END,/cart,GET,product_id=120,,browser,desktop,7,True
673,1,GET /products,GET /products?id=11,/products,GET,,,returner,mobile,20,False
673,2,GET /products?id=11,GET /products?id=44,/products,GET,id=11,,returner,mobile,20,False
673,3,GET /products?id=44,GET /products?id=33,/products,GET,id=44,,returner,mobile,20,False
673,4,GET /products?id=33,GET /products?id=101,/products,GET,id=33,,returner,mobile,20,False
673,5,GET /products?id=101,GET /reviews?product_id=101,/products,GET,id=101,,returner,mobile,20,False
673,6,GET /reviews?product_id=101,END,/reviews,GET,product_id=101,,returner,mobile,20,True
674,1,GET /home,GET /category?type=men,/home,GET,,,browser,desktop,8,False
674,2,GET /category?type=men,GET /products?id=11,/category,GET,type=men,,browser,desktop,8,False
674,3,GET /products?id=11,GET /cart?product_id=11,/products,GET,id=11,,browser,desktop,8,False
674,4,GET /cart?product_id=11,END,/cart,GET,product_id=11,,browser,desktop,8,True
675,1,GET /products,GET /products?id=110,/products,GET,,,new_visitor,desktop,16,False
675,2,GET /products?id=110,GET /cart?product_id=110,/products,GET,id=110,,new_visitor,desktop,16,False
675,3,GET /cart?product_id=110,GET /home,/cart,GET,product_id=110,,new_visitor,desktop,16,False
675,4,GET /home,END,/home,GET,,,new_visitor,desktop,16,True
676,1,GET /products,GET /products?id=88,/products,GET,,,returner,mobile,9,False
676,2,GET /products?id=88,GET /reviews?product_id=88,/products,GET,id=88,,returner,mobile,9,False
676,3,GET /reviews?product_id=88,GET /products?id=33,/reviews,GET,product_id=88,,returner,mobile,9,False
676,4,GET /products?id=33,GET /cart?product_id=33,/products,GET,id=33,,returner,mobile,9,False
676,5,GET /cart?product_id=33,END,/cart,GET,product_id=33,,returner,mobile,9,True
677,1,GET /products,GET /products?id=42,/products,GET,,,new_visitor,mobile,3,False
677,2,GET /products?id=42,GET /cart?product_id=42,/products,GET,id=42,,new_visitor,mobile,3,False
677,3,GET /cart?product_id=42,END,/cart,GET,product_id=42,,new_visitor,mobile,3,True
678,1,GET /products,GET /products?id=105,/products,GET,,,buyer,tablet,20,False
678,2,GET /products?id=105,GET /cart?product_id=105,/products,GET,id=105,,buyer,tablet,20,False
678,3,GET /cart?product_id=105,GET /checkout,/cart,GET,product_id=105,,buyer,tablet,20,False
678,4,GET /checkout,"POST /payment  body={""amount"": 49.99, ""method"": ""card""}",/checkout,GET,,,buyer,tablet,20,False
678,5,"POST /payment  body={""amount"": 49.99, ""method"": ""card""}",END,/payment,POST,,"{""amount"": 49.99, ""method"": ""card""}",buyer,tablet,20,True
679,1,GET /products/filter,"POST /products/filter  body={""gender"":""male"",""category"":""watch"",""price"":""high""}",/products/filter,GET,,,browser,mobile,17,False
679,2,"POST /products/filter  body={""gender"":""male"",""category"":""watch"",""price"":""high""}",GET /products,/products/filter,POST,,"{""gender"":""male"",""category"":""watch"",""price"":""high""}",browser,mobile,17,False
679,3,GET /products,"POST /products/filter  body={""gender"":""male"",""category"":""watch""}",/products,GET,,,browser,mobile,17,False
679,4,"POST /products/filter  body={""gender"":""male"",""category"":""watch""}",GET /products?id=47,/products/filter,POST,,"{""gender"":""male"",""category"":""watch""}",browser,mobile,17,False
679,5,GET /products?id=47,GET /cart?product_id=47,/products,GET,id=47,,browser,mobile,17,False
679,6,GET /cart?product_id=47,END,/cart,GET,product_id=47,,browser,mobile,17,True
680,1,GET /products,GET /products?id=44,/products,GET,,,buyer,mobile,14,False
680,2,GET /products?id=44,"POST /wishlist?product_id=44  body={""product_id"": 44}",/products,GET,id=44,,buyer,mobile,14,False
680,3,"POST /wishlist?product_id=44  body={""product_id"": 44}",GET /cart?product_id=44,/wishlist,POST,product_id=44,"{""product_id"": 44}",buyer,mobile,14,False
680,4,GET /cart?product_id=44,END,/cart,GET,product_id=44,,buyer,mobile,14,True
681,1,GET /products,GET /products?id=15,/products,GET,,,browser,mobile,1,False
681,2,GET /products?id=15,GET /cart?product_id=15,/products,GET,id=15,,browser,mobile,1,False
681,3,GET /cart?product_id=15,END,/cart,GET,product_id=15,,browser,mobile,1,True
682,1,GET /search?q=wallet,GET /products?id=101,/search,GET,q=wallet,,new_visitor,mobile,8,False
682,2,GET /products?id=101,GET /cart?product_id=101,/products,GET,id=101,,new_visitor,mobile,8,False
682,3,GET /cart?product_id=101,END,/cart,GET,product_id=101,,new_visitor,mobile,8,True
683,1,GET /search?q=summer skirt,GET /products?id=42,/search,GET,q=summer skirt,,returner,desktop,0,False
683,2,GET /products?id=42,GET /cart?product_id=42,/products,GET,id=42,,returner,desktop,0,False
683,3,GET /cart?product_id=42,END,/cart,GET,product_id=42,,returner,desktop,0,True
684,1,GET /products,GET /products?id=47,/products,GET,,,new_visitor,mobile,23,False
684,2,GET /products?id=47,GET /products?id=39,/products,GET,id=47,,new_visitor,mobile,23,False
684,3,GET /products?id=39,GET /products?id=55,/products,GET,id=39,,new_visitor,mobile,23,False
684,4,GET /products?id=55,GET /products?id=22,/products,GET,id=55,,new_visitor,mobile,23,False
684,5,GET /products?id=22,GET /reviews?product_id=22,/products,GET,id=22,,new_visitor,mobile,23,False
684,6,GET /reviews?product_id=22,END,/reviews,GET,product_id=22,,new_visitor,mobile,23,True
685,1,GET /products/filter,"POST /products/filter  body={""gender"":""male"",""category"":""sneakers""}",/products/filter,GET,,,indecisive,tablet,2,False
685,2,"POST /products/filter  body={""gender"":""male"",""category"":""sneakers""}",GET /products?id=42,/products/filter,POST,,"{""gender"":""male"",""category"":""sneakers""}",indecisive,tablet,2,False
685,3,GET /products?id=42,GET /cart?product_id=42,/products,GET,id=42,,indecisive,tablet,2,False
685,4,GET /cart?product_id=42,END,/cart,GET,product_id=42,,indecisive,tablet,2,True
686,1,GET /products/filter,"POST /products/filter  body={""gender"":""unisex"",""category"":""sneakers""}",/products/filter,GET,,,returner,mobile,17,False
686,2,"POST /products/filter  body={""gender"":""unisex"",""category"":""sneakers""}",GET /products?id=22,/products/filter,POST,,"{""gender"":""unisex"",""category"":""sneakers""}",returner,mobile,17,False
686,3,GET /products?id=22,GET /cart?product_id=22,/products,GET,id=22,,returner,mobile,17,False
686,4,GET /cart?product_id=22,END,/cart,GET,product_id=22,,returner,mobile,17,True
687,1,GET /products,GET /products?id=42,/products,GET,,,buyer,desktop,21,False
687,2,GET /products?id=42,GET /products?id=61,/products,GET,id=42,,buyer,desktop,21,False
687,3,GET /products?id=61,GET /products?id=55,/products,GET,id=61,,buyer,desktop,21,False
687,4,GET /products?id=55,GET /products?id=44,/products,GET,id=55,,buyer,desktop,21,False
687,5,GET /products?id=44,GET /reviews?product_id=44,/products,GET,id=44,,buyer,desktop,21,False
687,6,GET /reviews?product_id=44,GET /products?id=42,/reviews,GET,product_id=44,,buyer,desktop,21,False
687,7,GET /products?id=42,GET /reviews?product_id=42,/products,GET,id=42,,buyer,desktop,21,False
687,8,GET /reviews?product_id=42,GET /cart?product_id=42,/reviews,GET,product_id=42,,buyer,desktop,21,False
687,9,GET /cart?product_id=42,END,/cart,GET,product_id=42,,buyer,desktop,21,True
688,1,GET /products,GET /products?id=61,/products,GET,,,indecisive,mobile,13,False
688,2,GET /products?id=61,GET /reviews?product_id=61,/products,GET,id=61,,indecisive,mobile,13,False
688,3,GET /reviews?product_id=61,GET /products?id=73,/reviews,GET,product_id=61,,indecisive,mobile,13,False
688,4,GET /products?id=73,GET /cart?product_id=73,/products,GET,id=73,,indecisive,mobile,13,False
688,5,GET /cart?product_id=73,END,/cart,GET,product_id=73,,indecisive,mobile,13,True
689,1,GET /products/filter,"POST /products/filter  body={""gender"":""female"",""category"":""skirt"",""price"":""high""}",/products/filter,GET,,,buyer,mobile,19,False
689,2,"POST /products/filter  body={""gender"":""female"",""category"":""skirt"",""price"":""high""}",GET /products,/products/filter,POST,,"{""gender"":""female"",""category"":""skirt"",""price"":""high""}",buyer,mobile,19,False
689,3,GET /products,"POST /products/filter  body={""gender"":""female"",""category"":""skirt""}",/products,GET,,,buyer,mobile,19,False
689,4,"POST /products/filter  body={""gender"":""female"",""category"":""skirt""}",GET /products?id=73,/products/filter,POST,,"{""gender"":""female"",""category"":""skirt""}",buyer,mobile,19,False
689,5,GET /products?id=73,GET /cart?product_id=73,/products,GET,id=73,,buyer,mobile,19,False
689,6,GET /cart?product_id=73,END,/cart,GET,product_id=73,,buyer,mobile,19,True
690,1,GET /search?q=jacket,GET /products?id=47,/search,GET,q=jacket,,new_visitor,mobile,17,False
690,2,GET /products?id=47,GET /cart?product_id=47,/products,GET,id=47,,new_visitor,mobile,17,False
690,3,GET /cart?product_id=47,END,/cart,GET,product_id=47,,new_visitor,mobile,17,True
691,1,GET /products/filter,"POST /products/filter  body={""gender"":""female"",""category"":""watch""}",/products/filter,GET,,,indecisive,tablet,2,False
691,2,"POST /products/filter  body={""gender"":""female"",""category"":""watch""}",GET /products?id=33,/products/filter,POST,,"{""gender"":""female"",""category"":""watch""}",indecisive,tablet,2,False
691,3,GET /products?id=33,GET /cart?product_id=33,/products,GET,id=33,,indecisive,tablet,2,False
691,4,GET /cart?product_id=33,END,/cart,GET,product_id=33,,indecisive,tablet,2,True
692,1,GET /products,GET /products?id=55,/products,GET,,,indecisive,mobile,21,False
692,2,GET /products?id=55,GET /reviews?product_id=55,/products,GET,id=55,,indecisive,mobile,21,False
692,3,GET /reviews?product_id=55,GET /products?id=55,/reviews,GET,product_id=55,,indecisive,mobile,21,False
692,4,GET /products?id=55,GET /cart?product_id=55,/products,GET,id=55,,indecisive,mobile,21,False
692,5,GET /cart?product_id=55,END,/cart,GET,product_id=55,,indecisive,mobile,21,True
693,1,GET /products,GET /products?id=33,/products,GET,,,indecisive,tablet,2,False
693,2,GET /products?id=33,GET /reviews?product_id=33,/products,GET,id=33,,indecisive,tablet,2,False
693,3,GET /reviews?product_id=33,GET /products?id=120,/reviews,GET,product_id=33,,indecisive,tablet,2,False
693,4,GET /products?id=120,GET /cart?product_id=120,/products,GET,id=120,,indecisive,tablet,2,False
693,5,GET /cart?product_id=120,END,/cart,GET,product_id=120,,indecisive,tablet,2,True
694,1,GET /products,GET /products?id=61,/products,GET,,,returner,desktop,19,False
694,2,GET /products?id=61,GET /reviews?product_id=61,/products,GET,id=61,,returner,desktop,19,False
694,3,GET /reviews?product_id=61,GET /products?id=61,/reviews,GET,product_id=61,,returner,desktop,19,False
694,4,GET /products?id=61,GET /cart?product_id=61,/products,GET,id=61,,returner,desktop,19,False
694,5,GET /cart?product_id=61,END,/cart,GET,product_id=61,,returner,desktop,19,True
695,1,GET /products,GET /products?id=105,/products,GET,,,new_visitor,tablet,11,False
695,2,GET /products?id=105,GET /cart?product_id=105,/products,GET,id=105,,new_visitor,tablet,11,False
695,3,GET /cart?product_id=105,GET /home,/cart,GET,product_id=105,,new_visitor,tablet,11,False
695,4,GET /home,END,/home,GET,,,new_visitor,tablet,11,True
696,1,GET /products/filter,"POST /products/filter  body={""gender"":""female"",""category"":""sneakers"",""price"":""high""}",/products/filter,GET,,,buyer,mobile,10,False
696,2,"POST /products/filter  body={""gender"":""female"",""category"":""sneakers"",""price"":""high""}",GET /products?id=39,/products/filter,POST,,"{""gender"":""female"",""category"":""sneakers"",""price"":""high""}",buyer,mobile,10,False
696,3,GET /products?id=39,GET /cart?product_id=39,/products,GET,id=39,,buyer,mobile,10,False
696,4,GET /cart?product_id=39,END,/cart,GET,product_id=39,,buyer,mobile,10,True
697,1,GET /products/filter,"POST /products/filter  body={""gender"":""male"",""category"":""sneakers""}",/products/filter,GET,,,buyer,tablet,23,False
697,2,"POST /products/filter  body={""gender"":""male"",""category"":""sneakers""}",GET /products?id=110,/products/filter,POST,,"{""gender"":""male"",""category"":""sneakers""}",buyer,tablet,23,False
697,3,GET /products?id=110,GET /reviews?product_id=110,/products,GET,id=110,,buyer,tablet,23,False
697,4,GET /reviews?product_id=110,END,/reviews,GET,product_id=110,,buyer,tablet,23,True
698,1,GET /home,GET /category?type=women,/home,GET,,,indecisive,desktop,15,False
698,2,GET /category?type=women,GET /products?id=73,/category,GET,type=women,,indecisive,desktop,15,False
698,3,GET /products?id=73,GET /cart?product_id=73,/products,GET,id=73,,indecisive,desktop,15,False
698,4,GET /cart?product_id=73,END,/cart,GET,product_id=73,,indecisive,desktop,15,True
699,1,GET /products,GET /products?id=88,/products,GET,,,new_visitor,mobile,8,False
699,2,GET /products?id=88,GET /products?id=15,/products,GET,id=88,,new_visitor,mobile,8,False
699,3,GET /products?id=15,GET /products?id=47,/products,GET,id=15,,new_visitor,mobile,8,False
699,4,GET /products?id=47,GET /products?id=47,/products,GET,id=47,,new_visitor,mobile,8,False
699,5,GET /products?id=47,GET /cart?product_id=47,/products,GET,id=47,,new_visitor,mobile,8,False
699,6,GET /cart?product_id=47,END,/cart,GET,product_id=47,,new_visitor,mobile,8,True
700,1,GET /products/filter,"POST /products/filter  body={""gender"":""female"",""category"":""watch"",""price"":""high""}",/products/filter,GET,,,new_visitor,desktop,18,False
700,2,"POST /products/filter  body={""gender"":""female"",""category"":""watch"",""price"":""high""}",GET /products?id=120,/products/filter,POST,,"{""gender"":""female"",""category"":""watch"",""price"":""high""}",new_visitor,desktop,18,False
700,3,GET /products?id=120,GET /cart?product_id=120,/products,GET,id=120,,new_visitor,desktop,18,False
700,4,GET /cart?product_id=120,END,/cart,GET,product_id=120,,new_visitor,desktop,18,True
701,1,GET /products/filter,"POST /products/filter  body={""gender"":""unisex"",""category"":""shirt"",""price"":""mid""}",/products/filter,GET,,,buyer,desktop,12,False
701,2,"POST /products/filter  body={""gender"":""unisex"",""category"":""shirt"",""price"":""mid""}",GET /products?id=110,/products/filter,POST,,"{""gender"":""unisex"",""category"":""shirt"",""price"":""mid""}",buyer,desktop,12,False
701,3,GET /products?id=110,GET /cart?product_id=110,/products,GET,id=110,,buyer,desktop,12,False
701,4,GET /cart?product_id=110,END,/cart,GET,product_id=110,,buyer,desktop,12,True
702,1,GET /search?q=jacket,GET /products?id=42,/search,GET,q=jacket,,new_visitor,tablet,2,False
702,2,GET /products?id=42,GET /cart?product_id=42,/products,GET,id=42,,new_visitor,tablet,2,False
702,3,GET /cart?product_id=42,END,/cart,GET,product_id=42,,new_visitor,tablet,2,True
703,1,GET /products,GET /products?id=61,/products,GET,,,buyer,tablet,21,False
703,2,GET /products?id=61,GET /cart?product_id=61,/products,GET,id=61,,buyer,tablet,21,False
703,3,GET /cart?product_id=61,END,/cart,GET,product_id=61,,buyer,tablet,21,True
704,1,GET /products,GET /products?id=61,/products,GET,,,buyer,tablet,18,False
704,2,GET /products?id=61,GET /reviews?product_id=61,/products,GET,id=61,,buyer,tablet,18,False
704,3,GET /reviews?product_id=61,GET /products?id=61,/reviews,GET,product_id=61,,buyer,tablet,18,False
704,4,GET /products?id=61,GET /cart?product_id=61,/products,GET,id=61,,buyer,tablet,18,False
704,5,GET /cart?product_id=61,END,/cart,GET,product_id=61,,buyer,tablet,18,True
705,1,GET /products/filter,"POST /products/filter  body={""gender"":""male"",""category"":""dress"",""price"":""low""}",/products/filter,GET,,,returner,desktop,1,False
705,2,"POST /products/filter  body={""gender"":""male"",""category"":""dress"",""price"":""low""}",GET /products?id=15,/products/filter,POST,,"{""gender"":""male"",""category"":""dress"",""price"":""low""}",returner,desktop,1,False
705,3,GET /products?id=15,GET /cart?product_id=15,/products,GET,id=15,,returner,desktop,1,False
705,4,GET /cart?product_id=15,END,/cart,GET,product_id=15,,returner,desktop,1,True
706,1,GET /products,GET /products?id=39,/products,GET,,,indecisive,mobile,1,False
706,2,GET /products?id=39,GET /reviews?product_id=39,/products,GET,id=39,,indecisive,mobile,1,False
706,3,GET /reviews?product_id=39,GET /products?id=39,/reviews,GET,product_id=39,,indecisive,mobile,1,False
706,4,GET /products?id=39,GET /cart?product_id=39,/products,GET,id=39,,indecisive,mobile,1,False
706,5,GET /cart?product_id=39,END,/cart,GET,product_id=39,,indecisive,mobile,1,True
707,1,GET /products,GET /products?id=33,/products,GET,,,returner,desktop,14,False
707,2,GET /products?id=33,GET /products?id=55,/products,GET,id=33,,returner,desktop,14,False
707,3,GET /products?id=55,GET /reviews?product_id=55,/products,GET,id=55,,returner,desktop,14,False
707,4,GET /reviews?product_id=55,GET /products?id=15,/reviews,GET,product_id=55,,returner,desktop,14,False
707,5,GET /products?id=15,GET /cart?product_id=15,/products,GET,id=15,,returner,desktop,14,False
707,6,GET /cart?product_id=15,END,/cart,GET,product_id=15,,returner,desktop,14,True
708,1,GET /search?q=sunglasses,GET /products?id=47,/search,GET,q=sunglasses,,buyer,desktop,20,False
708,2,GET /products?id=47,GET /cart?product_id=47,/products,GET,id=47,,buyer,desktop,20,False
708,3,GET /cart?product_id=47,END,/cart,GET,product_id=47,,buyer,desktop,20,True
709,1,GET /products?id=11,GET /cart?product_id=11,/products,GET,id=11,,new_visitor,desktop,12,False
709,2,GET /cart?product_id=11,END,/cart,GET,product_id=11,,new_visitor,desktop,12,True
710,1,GET /products,GET /products?id=42,/products,GET,,,indecisive,desktop,15,False
710,2,GET /products?id=42,GET /cart?product_id=42,/products,GET,id=42,,indecisive,desktop,15,False
710,3,GET /cart?product_id=42,GET /home,/cart,GET,product_id=42,,indecisive,desktop,15,False
710,4,GET /home,END,/home,GET,,,indecisive,desktop,15,True
711,1,GET /products,GET /products?id=47,/products,GET,,,new_visitor,mobile,14,False
711,2,GET /products?id=47,GET /cart?product_id=47,/products,GET,id=47,,new_visitor,mobile,14,False
711,3,GET /cart?product_id=47,END,/cart,GET,product_id=47,,new_visitor,mobile,14,True
712,1,GET /products,GET /products?id=39,/products,GET,,,indecisive,mobile,4,False
712,2,GET /products?id=39,GET /cart?product_id=39,/products,GET,id=39,,indecisive,mobile,4,False
712,3,GET /cart?product_id=39,END,/cart,GET,product_id=39,,indecisive,mobile,4,True
713,1,GET /search?q=office shirt,GET /products?id=55,/search,GET,q=office shirt,,browser,tablet,7,False
713,2,GET /products?id=55,GET /cart?product_id=55,/products,GET,id=55,,browser,tablet,7,False
713,3,GET /cart?product_id=55,END,/cart,GET,product_id=55,,browser,tablet,7,True
714,1,GET /search?q=sunglasses,GET /products?id=73,/search,GET,q=sunglasses,,returner,tablet,15,False
714,2,GET /products?id=73,GET /reviews?product_id=73,/products,GET,id=73,,returner,tablet,15,False
714,3,GET /reviews?product_id=73,END,/reviews,GET,product_id=73,,returner,tablet,15,True
715,1,GET /products,GET /products?id=73,/products,GET,,,returner,mobile,7,False
715,2,GET /products?id=73,GET /cart?product_id=73,/products,GET,id=73,,returner,mobile,7,False
715,3,GET /cart?product_id=73,END,/cart,GET,product_id=73,,returner,mobile,7,True
716,1,GET /products,GET /products?id=73,/products,GET,,,new_visitor,mobile,18,False
716,2,GET /products?id=73,GET /cart?product_id=73,/products,GET,id=73,,new_visitor,mobile,18,False
716,3,GET /cart?product_id=73,END,/cart,GET,product_id=73,,new_visitor,mobile,18,True
717,1,GET /products,GET /products?id=42,/products,GET,,,buyer,tablet,12,False
717,2,GET /products?id=42,GET /products?id=22,/products,GET,id=42,,buyer,tablet,12,False
717,3,GET /products?id=22,GET /products?id=47,/products,GET,id=22,,buyer,tablet,12,False
717,4,GET /products?id=47,GET /products?id=88,/products,GET,id=47,,buyer,tablet,12,False
717,5,GET /products?id=88,GET /cart?product_id=88,/products,GET,id=88,,buyer,tablet,12,False
717,6,GET /cart?product_id=88,END,/cart,GET,product_id=88,,buyer,tablet,12,True
718,1,GET /products/filter,"POST /products/filter  body={""gender"":""male"",""category"":""watch"",""price"":""mid""}",/products/filter,GET,,,returner,desktop,5,False
718,2,"POST /products/filter  body={""gender"":""male"",""category"":""watch"",""price"":""mid""}",GET /products?id=73,/products/filter,POST,,"{""gender"":""male"",""category"":""watch"",""price"":""mid""}",returner,desktop,5,False
718,3,GET /products?id=73,GET /cart?product_id=73,/products,GET,id=73,,returner,desktop,5,False
718,4,GET /cart?product_id=73,END,/cart,GET,product_id=73,,returner,desktop,5,True
719,1,GET /products/filter,"POST /products/filter  body={""gender"":""unisex"",""category"":""shirt""}",/products/filter,GET,,,new_visitor,tablet,16,False
719,2,"POST /products/filter  body={""gender"":""unisex"",""category"":""shirt""}",GET /products?id=47,/products/filter,POST,,"{""gender"":""unisex"",""category"":""shirt""}",new_visitor,tablet,16,False
719,3,GET /products?id=47,GET /cart?product_id=47,/products,GET,id=47,,new_visitor,tablet,16,False
719,4,GET /cart?product_id=47,END,/cart,GET,product_id=47,,new_visitor,tablet,16,True
720,1,GET /products,GET /products?id=42,/products,GET,,,buyer,desktop,12,False
720,2,GET /products?id=42,GET /cart?product_id=42,/products,GET,id=42,,buyer,desktop,12,False
720,3,GET /cart?product_id=42,END,/cart,GET,product_id=42,,buyer,desktop,12,True
721,1,GET /products,GET /products?id=55,/products,GET,,,new_visitor,tablet,13,False
721,2,GET /products?id=55,GET /cart?product_id=55,/products,GET,id=55,,new_visitor,tablet,13,False
721,3,GET /cart?product_id=55,GET /home,/cart,GET,product_id=55,,new_visitor,tablet,13,False
721,4,GET /home,END,/home,GET,,,new_visitor,tablet,13,True
722,1,GET /products,GET /products?id=55,/products,GET,,,buyer,desktop,19,False
722,2,GET /products?id=55,GET /products?id=47,/products,GET,id=55,,buyer,desktop,19,False
722,3,GET /products?id=47,GET /products?id=120,/products,GET,id=47,,buyer,desktop,19,False
722,4,GET /products?id=120,GET /products?id=61,/products,GET,id=120,,buyer,desktop,19,False
722,5,GET /products?id=61,GET /reviews?product_id=61,/products,GET,id=61,,buyer,desktop,19,False
722,6,GET /reviews?product_id=61,END,/reviews,GET,product_id=61,,buyer,desktop,19,True
723,1,GET /products,GET /products?id=105,/products,GET,,,new_visitor,mobile,21,False
723,2,GET /products?id=105,GET /reviews?product_id=105,/products,GET,id=105,,new_visitor,mobile,21,False
723,3,GET /reviews?product_id=105,GET /products?id=105,/reviews,GET,product_id=105,,new_visitor,mobile,21,False
723,4,GET /products?id=105,GET /cart?product_id=105,/products,GET,id=105,,new_visitor,mobile,21,False
723,5,GET /cart?product_id=105,END,/cart,GET,product_id=105,,new_visitor,mobile,21,True
724,1,GET /home,GET /category?type=women,/home,GET,,,indecisive,mobile,22,False
724,2,GET /category?type=women,GET /products?id=88,/category,GET,type=women,,indecisive,mobile,22,False
724,3,GET /products?id=88,GET /cart?product_id=88,/products,GET,id=88,,indecisive,mobile,22,False
724,4,GET /cart?product_id=88,END,/cart,GET,product_id=88,,indecisive,mobile,22,True
725,1,GET /products,GET /products?id=55,/products,GET,,,returner,desktop,11,False
725,2,GET /products?id=55,GET /products?id=105,/products,GET,id=55,,returner,desktop,11,False
725,3,GET /products?id=105,GET /products?id=61,/products,GET,id=105,,returner,desktop,11,False
725,4,GET /products?id=61,GET /products?id=15,/products,GET,id=61,,returner,desktop,11,False
725,5,GET /products?id=15,GET /cart?product_id=15,/products,GET,id=15,,returner,desktop,11,False
725,6,GET /cart?product_id=15,END,/cart,GET,product_id=15,,returner,desktop,11,True
726,1,GET /products,GET /products?id=105,/products,GET,,,buyer,mobile,9,False
726,2,GET /products?id=105,GET /products?id=15,/products,GET,id=105,,buyer,mobile,9,False
726,3,GET /products?id=15,GET /products?id=88,/products,GET,id=15,,buyer,mobile,9,False
726,4,GET /products?id=88,GET /products?id=42,/products,GET,id=88,,buyer,mobile,9,False
726,5,GET /products?id=42,GET /reviews?product_id=42,/products,GET,id=42,,buyer,mobile,9,False
726,6,GET /reviews?product_id=42,END,/reviews,GET,product_id=42,,buyer,mobile,9,True
727,1,GET /products,GET /products?id=42,/products,GET,,,browser,tablet,16,False
727,2,GET /products?id=42,GET /cart?product_id=42,/products,GET,id=42,,browser,tablet,16,False
727,3,GET /cart?product_id=42,END,/cart,GET,product_id=42,,browser,tablet,16,True
728,1,GET /search?q=summer skirt,GET /products?id=61,/search,GET,q=summer skirt,,buyer,tablet,10,False
728,2,GET /products?id=61,GET /cart?product_id=61,/products,GET,id=61,,buyer,tablet,10,False
728,3,GET /cart?product_id=61,END,/cart,GET,product_id=61,,buyer,tablet,10,True
729,1,GET /products/filter,"POST /products/filter  body={""gender"":""unisex"",""category"":""sneakers""}",/products/filter,GET,,,returner,tablet,18,False
729,2,"POST /products/filter  body={""gender"":""unisex"",""category"":""sneakers""}",GET /products?id=39,/products/filter,POST,,"{""gender"":""unisex"",""category"":""sneakers""}",returner,tablet,18,False
729,3,GET /products?id=39,GET /cart?product_id=39,/products,GET,id=39,,returner,tablet,18,False
729,4,GET /cart?product_id=39,END,/cart,GET,product_id=39,,returner,tablet,18,True
730,1,GET /search?q=leather bag,GET /products?id=105,/search,GET,q=leather bag,,new_visitor,desktop,21,False
730,2,GET /products?id=105,GET /cart?product_id=105,/products,GET,id=105,,new_visitor,desktop,21,False
730,3,GET /cart?product_id=105,END,/cart,GET,product_id=105,,new_visitor,desktop,21,True
731,1,GET /products,GET /products?id=120,/products,GET,,,new_visitor,tablet,15,False
731,2,GET /products?id=120,GET /cart?product_id=120,/products,GET,id=120,,new_visitor,tablet,15,False
731,3,GET /cart?product_id=120,END,/cart,GET,product_id=120,,new_visitor,tablet,15,True
732,1,GET /products,GET /products?id=101,/products,GET,,,indecisive,tablet,11,False
732,2,GET /products?id=101,GET /cart?product_id=101,/products,GET,id=101,,indecisive,tablet,11,False
732,3,GET /cart?product_id=101,GET /checkout,/cart,GET,product_id=101,,indecisive,tablet,11,False
732,4,GET /checkout,"POST /payment  body={""amount"": 49.99, ""method"": ""card""}",/checkout,GET,,,indecisive,tablet,11,False
732,5,"POST /payment  body={""amount"": 49.99, ""method"": ""card""}",END,/payment,POST,,"{""amount"": 49.99, ""method"": ""card""}",indecisive,tablet,11,True
733,1,GET /products,GET /products?id=110,/products,GET,,,buyer,tablet,3,False
733,2,GET /products?id=110,GET /cart?product_id=110,/products,GET,id=110,,buyer,tablet,3,False
733,3,GET /cart?product_id=110,GET /checkout,/cart,GET,product_id=110,,buyer,tablet,3,False
733,4,GET /checkout,"POST /payment  body={""amount"": 49.99, ""method"": ""card""}",/checkout,GET,,,buyer,tablet,3,False
733,5,"POST /payment  body={""amount"": 49.99, ""method"": ""card""}",END,/payment,POST,,"{""amount"": 49.99, ""method"": ""card""}",buyer,tablet,3,True
734,1,GET /home,GET /category?type=men,/home,GET,,,buyer,mobile,6,False
734,2,GET /category?type=men,GET /products?id=39,/category,GET,type=men,,buyer,mobile,6,False
734,3,GET /products?id=39,GET /cart?product_id=39,/products,GET,id=39,,buyer,mobile,6,False
734,4,GET /cart?product_id=39,END,/cart,GET,product_id=39,,buyer,mobile,6,True
735,1,GET /products,GET /products?id=73,/products,GET,,,new_visitor,tablet,21,False
735,2,GET /products?id=73,"POST /wishlist?product_id=73  body={""product_id"": 73}",/products,GET,id=73,,new_visitor,tablet,21,False
735,3,"POST /wishlist?product_id=73  body={""product_id"": 73}",GET /cart?product_id=73,/wishlist,POST,product_id=73,"{""product_id"": 73}",new_visitor,tablet,21,False
735,4,GET /cart?product_id=73,END,/cart,GET,product_id=73,,new_visitor,tablet,21,True
736,1,GET /products,GET /products?id=61,/products,GET,,,returner,tablet,0,False
736,2,GET /products?id=61,GET /cart?product_id=61,/products,GET,id=61,,returner,tablet,0,False
736,3,GET /cart?product_id=61,GET /home,/cart,GET,product_id=61,,returner,tablet,0,False
736,4,GET /home,END,/home,GET,,,returner,tablet,0,True
737,1,GET /products,GET /products?id=15,/products,GET,,,returner,tablet,13,False
737,2,GET /products?id=15,GET /cart?product_id=15,/products,GET,id=15,,returner,tablet,13,False
737,3,GET /cart?product_id=15,END,/cart,GET,product_id=15,,returner,tablet,13,True
738,1,GET /products,GET /products?id=101,/products,GET,,,browser,tablet,1,False
738,2,GET /products?id=101,"POST /wishlist?product_id=101  body={""product_id"": 101}",/products,GET,id=101,,browser,tablet,1,False
738,3,"POST /wishlist?product_id=101  body={""product_id"": 101}",GET /cart?product_id=101,/wishlist,POST,product_id=101,"{""product_id"": 101}",browser,tablet,1,False
738,4,GET /cart?product_id=101,END,/cart,GET,product_id=101,,browser,tablet,1,True
739,1,GET /products/filter,"POST /products/filter  body={""gender"":""unisex"",""category"":""skirt"",""price"":""mid""}",/products/filter,GET,,,new_visitor,tablet,16,False
739,2,"POST /products/filter  body={""gender"":""unisex"",""category"":""skirt"",""price"":""mid""}",GET /products?id=120,/products/filter,POST,,"{""gender"":""unisex"",""category"":""skirt"",""price"":""mid""}",new_visitor,tablet,16,False
739,3,GET /products?id=120,GET /cart?product_id=120,/products,GET,id=120,,new_visitor,tablet,16,False
739,4,GET /cart?product_id=120,END,/cart,GET,product_id=120,,new_visitor,tablet,16,True
740,1,GET /products/filter,"POST /products/filter  body={""gender"":""male"",""category"":""skirt"",""price"":""high""}",/products/filter,GET,,,returner,mobile,6,False
740,2,"POST /products/filter  body={""gender"":""male"",""category"":""skirt"",""price"":""high""}",GET /products,/products/filter,POST,,"{""gender"":""male"",""category"":""skirt"",""price"":""high""}",returner,mobile,6,False
740,3,GET /products,"POST /products/filter  body={""gender"":""male"",""category"":""skirt""}",/products,GET,,,returner,mobile,6,False
740,4,"POST /products/filter  body={""gender"":""male"",""category"":""skirt""}",GET /products?id=44,/products/filter,POST,,"{""gender"":""male"",""category"":""skirt""}",returner,mobile,6,False
740,5,GET /products?id=44,GET /cart?product_id=44,/products,GET,id=44,,returner,mobile,6,False
740,6,GET /cart?product_id=44,END,/cart,GET,product_id=44,,returner,mobile,6,True
741,1,GET /products,GET /products?id=73,/products,GET,,,new_visitor,tablet,16,False
741,2,GET /products?id=73,"POST /wishlist?product_id=73  body={""product_id"": 73}",/products,GET,id=73,,new_visitor,tablet,16,False
741,3,"POST /wishlist?product_id=73  body={""product_id"": 73}",GET /cart?product_id=73,/wishlist,POST,product_id=73,"{""product_id"": 73}",new_visitor,tablet,16,False
741,4,GET /cart?product_id=73,END,/cart,GET,product_id=73,,new_visitor,tablet,16,True
742,1,GET /products,GET /products?id=73,/products,GET,,,browser,desktop,7,False
742,2,GET /products?id=73,GET /reviews?product_id=73,/products,GET,id=73,,browser,desktop,7,False
742,3,GET /reviews?product_id=73,GET /products?id=73,/reviews,GET,product_id=73,,browser,desktop,7,False
742,4,GET /products?id=73,GET /cart?product_id=73,/products,GET,id=73,,browser,desktop,7,False
742,5,GET /cart?product_id=73,END,/cart,GET,product_id=73,,browser,desktop,7,True
743,1,GET /products/filter,"POST /products/filter  body={""gender"":""male"",""category"":""sneakers""}",/products/filter,GET,,,browser,desktop,12,False
743,2,"POST /products/filter  body={""gender"":""male"",""category"":""sneakers""}",GET /products?id=88,/products/filter,POST,,"{""gender"":""male"",""category"":""sneakers""}",browser,desktop,12,False
743,3,GET /products?id=88,GET /reviews?product_id=88,/products,GET,id=88,,browser,desktop,12,False
743,4,GET /reviews?product_id=88,END,/reviews,GET,product_id=88,,browser,desktop,12,True
744,1,GET /products,GET /products?id=47,/products,GET,,,new_visitor,mobile,23,False
744,2,GET /products?id=47,"POST /wishlist?product_id=47  body={""product_id"": 47}",/products,GET,id=47,,new_visitor,mobile,23,False
744,3,"POST /wishlist?product_id=47  body={""product_id"": 47}",GET /cart?product_id=47,/wishlist,POST,product_id=47,"{""product_id"": 47}",new_visitor,mobile,23,False
744,4,GET /cart?product_id=47,END,/cart,GET,product_id=47,,new_visitor,mobile,23,True
745,1,GET /products/filter,"POST /products/filter  body={""gender"":""male"",""category"":""sneakers"",""price"":""high""}",/products/filter,GET,,,new_visitor,desktop,23,False
745,2,"POST /products/filter  body={""gender"":""male"",""category"":""sneakers"",""price"":""high""}",GET /products,/products/filter,POST,,"{""gender"":""male"",""category"":""sneakers"",""price"":""high""}",new_visitor,desktop,23,False
745,3,GET /products,"POST /products/filter  body={""gender"":""male"",""category"":""sneakers""}",/products,GET,,,new_visitor,desktop,23,False
745,4,"POST /products/filter  body={""gender"":""male"",""category"":""sneakers""}",GET /products?id=15,/products/filter,POST,,"{""gender"":""male"",""category"":""sneakers""}",new_visitor,desktop,23,False
745,5,GET /products?id=15,GET /cart?product_id=15,/products,GET,id=15,,new_visitor,desktop,23,False
745,6,GET /cart?product_id=15,END,/cart,GET,product_id=15,,new_visitor,desktop,23,True
746,1,GET /search?q=heels,GET /products?id=42,/search,GET,q=heels,,buyer,tablet,6,False
746,2,GET /products?id=42,GET /cart?product_id=42,/products,GET,id=42,,buyer,tablet,6,False
746,3,GET /cart?product_id=42,END,/cart,GET,product_id=42,,buyer,tablet,6,True
747,1,GET /home,GET /category?type=accessories,/home,GET,,,indecisive,mobile,13,False
747,2,GET /category?type=accessories,GET /products?id=101,/category,GET,type=accessories,,indecisive,mobile,13,False
747,3,GET /products?id=101,GET /cart?product_id=101,/products,GET,id=101,,indecisive,mobile,13,False
747,4,GET /cart?product_id=101,END,/cart,GET,product_id=101,,indecisive,mobile,13,True
748,1,GET /products?id=15,GET /reviews?product_id=15,/products,GET,id=15,,new_visitor,desktop,10,False
748,2,GET /reviews?product_id=15,END,/reviews,GET,product_id=15,,new_visitor,desktop,10,True
749,1,GET /search?q=heels,GET /products?id=120,/search,GET,q=heels,,new_visitor,desktop,22,False
749,2,GET /products?id=120,GET /cart?product_id=120,/products,GET,id=120,,new_visitor,desktop,22,False
749,3,GET /cart?product_id=120,END,/cart,GET,product_id=120,,new_visitor,desktop,22,True
750,1,GET /products,GET /products?id=42,/products,GET,,,buyer,desktop,14,False
750,2,GET /products?id=42,GET /reviews?product_id=42,/products,GET,id=42,,buyer,desktop,14,False
750,3,GET /reviews?product_id=42,GET /products?id=42,/reviews,GET,product_id=42,,buyer,desktop,14,False
750,4,GET /products?id=42,GET /cart?product_id=42,/products,GET,id=42,,buyer,desktop,14,False
750,5,GET /cart?product_id=42,END,/cart,GET,product_id=42,,buyer,desktop,14,True
751,1,GET /products,GET /products?id=11,/products,GET,,,returner,mobile,8,False
751,2,GET /products?id=11,GET /cart?product_id=11,/products,GET,id=11,,returner,mobile,8,False
751,3,GET /cart?product_id=11,END,/cart,GET,product_id=11,,returner,mobile,8,True
752,1,GET /products?id=42,GET /reviews?product_id=42,/products,GET,id=42,,buyer,desktop,13,False
752,2,GET /reviews?product_id=42,END,/reviews,GET,product_id=42,,buyer,desktop,13,True
753,1,GET /products,GET /products?id=33,/products,GET,,,indecisive,mobile,9,False
753,2,GET /products?id=33,GET /cart?product_id=33,/products,GET,id=33,,indecisive,mobile,9,False
753,3,GET /cart?product_id=33,END,/cart,GET,product_id=33,,indecisive,mobile,9,True
754,1,GET /products/filter,"POST /products/filter  body={""gender"":""male"",""category"":""dress""}",/products/filter,GET,,,buyer,desktop,10,False
754,2,"POST /products/filter  body={""gender"":""male"",""category"":""dress""}",GET /products?id=88,/products/filter,POST,,"{""gender"":""male"",""category"":""dress""}",buyer,desktop,10,False
754,3,GET /products?id=88,GET /reviews?product_id=88,/products,GET,id=88,,buyer,desktop,10,False
754,4,GET /reviews?product_id=88,END,/reviews,GET,product_id=88,,buyer,desktop,10,True
755,1,GET /products/filter,"POST /products/filter  body={""gender"":""female"",""category"":""shirt"",""price"":""mid""}",/products/filter,GET,,,returner,tablet,6,False
755,2,"POST /products/filter  body={""gender"":""female"",""category"":""shirt"",""price"":""mid""}",GET /products?id=11,/products/filter,POST,,"{""gender"":""female"",""category"":""shirt"",""price"":""mid""}",returner,tablet,6,False
755,3,GET /products?id=11,GET /cart?product_id=11,/products,GET,id=11,,returner,tablet,6,False
755,4,GET /cart?product_id=11,END,/cart,GET,product_id=11,,returner,tablet,6,True
756,1,GET /products/filter,"POST /products/filter  body={""gender"":""female"",""category"":""skirt""}",/products/filter,GET,,,buyer,mobile,19,False
756,2,"POST /products/filter  body={""gender"":""female"",""category"":""skirt""}",GET /products?id=47,/products/filter,POST,,"{""gender"":""female"",""category"":""skirt""}",buyer,mobile,19,False
756,3,GET /products?id=47,GET /reviews?product_id=47,/products,GET,id=47,,buyer,mobile,19,False
756,4,GET /reviews?product_id=47,END,/reviews,GET,product_id=47,,buyer,mobile,19,True
757,1,GET /products,GET /products?id=44,/products,GET,,,returner,tablet,0,False
757,2,GET /products?id=44,GET /cart?product_id=44,/products,GET,id=44,,returner,tablet,0,False
757,3,GET /cart?product_id=44,GET /checkout,/cart,GET,product_id=44,,returner,tablet,0,False
757,4,GET /checkout,"POST /payment  body={""amount"": 49.99, ""method"": ""card""}",/checkout,GET,,,returner,tablet,0,False
757,5,"POST /payment  body={""amount"": 49.99, ""method"": ""card""}",END,/payment,POST,,"{""amount"": 49.99, ""method"": ""card""}",returner,tablet,0,True
758,1,GET /products/filter,"POST /products/filter  body={""gender"":""unisex"",""category"":""shirt""}",/products/filter,GET,,,returner,desktop,19,False
758,2,"POST /products/filter  body={""gender"":""unisex"",""category"":""shirt""}",GET /products?id=73,/products/filter,POST,,"{""gender"":""unisex"",""category"":""shirt""}",returner,desktop,19,False
758,3,GET /products?id=73,GET /cart?product_id=73,/products,GET,id=73,,returner,desktop,19,False
758,4,GET /cart?product_id=73,END,/cart,GET,product_id=73,,returner,desktop,19,True
759,1,GET /products/filter,"POST /products/filter  body={""gender"":""unisex"",""category"":""dress"",""price"":""low""}",/products/filter,GET,,,new_visitor,desktop,12,False
759,2,"POST /products/filter  body={""gender"":""unisex"",""category"":""dress"",""price"":""low""}",GET /products?id=105,/products/filter,POST,,"{""gender"":""unisex"",""category"":""dress"",""price"":""low""}",new_visitor,desktop,12,False
759,3,GET /products?id=105,GET /cart?product_id=105,/products,GET,id=105,,new_visitor,desktop,12,False
759,4,GET /cart?product_id=105,END,/cart,GET,product_id=105,,new_visitor,desktop,12,True
760,1,GET /home,GET /category?type=men,/home,GET,,,returner,tablet,1,False
760,2,GET /category?type=men,GET /products?id=15,/category,GET,type=men,,returner,tablet,1,False
760,3,GET /products?id=15,GET /cart?product_id=15,/products,GET,id=15,,returner,tablet,1,False
760,4,GET /cart?product_id=15,END,/cart,GET,product_id=15,,returner,tablet,1,True
761,1,GET /home,GET /category?type=men,/home,GET,,,returner,mobile,22,False
761,2,GET /category?type=men,GET /products?id=11,/category,GET,type=men,,returner,mobile,22,False
761,3,GET /products?id=11,GET /cart?product_id=11,/products,GET,id=11,,returner,mobile,22,False
761,4,GET /cart?product_id=11,END,/cart,GET,product_id=11,,returner,mobile,22,True
762,1,GET /search?q=summer skirt,GET /products?id=33,/search,GET,q=summer skirt,,browser,tablet,6,False
762,2,GET /products?id=33,GET /cart?product_id=33,/products,GET,id=33,,browser,tablet,6,False
762,3,GET /cart?product_id=33,END,/cart,GET,product_id=33,,browser,tablet,6,True
763,1,GET /products,GET /products?id=15,/products,GET,,,indecisive,tablet,8,False
763,2,GET /products?id=15,GET /cart?product_id=15,/products,GET,id=15,,indecisive,tablet,8,False
763,3,GET /cart?product_id=15,END,/cart,GET,product_id=15,,indecisive,tablet,8,True
764,1,GET /products/filter,"POST /products/filter  body={""gender"":""male"",""category"":""sneakers""}",/products/filter,GET,,,returner,tablet,10,False
764,2,"POST /products/filter  body={""gender"":""male"",""category"":""sneakers""}",GET /products?id=88,/products/filter,POST,,"{""gender"":""male"",""category"":""sneakers""}",returner,tablet,10,False
764,3,GET /products?id=88,GET /reviews?product_id=88,/products,GET,id=88,,returner,tablet,10,False
764,4,GET /reviews?product_id=88,END,/reviews,GET,product_id=88,,returner,tablet,10,True
765,1,GET /products/filter,"POST /products/filter  body={""gender"":""male"",""category"":""shirt""}",/products/filter,GET,,,returner,tablet,11,False
765,2,"POST /products/filter  body={""gender"":""male"",""category"":""shirt""}",GET /products?id=110,/products/filter,POST,,"{""gender"":""male"",""category"":""shirt""}",returner,tablet,11,False
765,3,GET /products?id=110,GET /reviews?product_id=110,/products,GET,id=110,,returner,tablet,11,False
765,4,GET /reviews?product_id=110,END,/reviews,GET,product_id=110,,returner,tablet,11,True
766,1,GET /products?id=11,GET /reviews?product_id=11,/products,GET,id=11,,buyer,tablet,4,False
766,2,GET /reviews?product_id=11,END,/reviews,GET,product_id=11,,buyer,tablet,4,True
767,1,GET /search?q=heels,GET /products?id=88,/search,GET,q=heels,,indecisive,mobile,17,False
767,2,GET /products?id=88,GET /cart?product_id=88,/products,GET,id=88,,indecisive,mobile,17,False
767,3,GET /cart?product_id=88,END,/cart,GET,product_id=88,,indecisive,mobile,17,True
768,1,GET /search?q=red dress,GET /products?id=73,/search,GET,q=red dress,,buyer,tablet,4,False
768,2,GET /products?id=73,GET /reviews?product_id=73,/products,GET,id=73,,buyer,tablet,4,False
768,3,GET /reviews?product_id=73,END,/reviews,GET,product_id=73,,buyer,tablet,4,True
769,1,GET /products?id=33,GET /reviews?product_id=33,/products,GET,id=33,,returner,desktop,4,False
769,2,GET /reviews?product_id=33,END,/reviews,GET,product_id=33,,returner,desktop,4,True
770,1,GET /products,GET /products?id=101,/products,GET,,,indecisive,desktop,17,False
770,2,GET /products?id=101,GET /reviews?product_id=101,/products,GET,id=101,,indecisive,desktop,17,False
770,3,GET /reviews?product_id=101,GET /products?id=55,/reviews,GET,product_id=101,,indecisive,desktop,17,False
770,4,GET /products?id=55,GET /products?id=73,/products,GET,id=55,,indecisive,desktop,17,False
770,5,GET /products?id=73,GET /cart?product_id=73,/products,GET,id=73,,indecisive,desktop,17,False
770,6,GET /cart?product_id=73,END,/cart,GET,product_id=73,,indecisive,desktop,17,True
771,1,GET /products/filter,"POST /products/filter  body={""gender"":""male"",""category"":""shirt""}",/products/filter,GET,,,browser,desktop,23,False
771,2,"POST /products/filter  body={""gender"":""male"",""category"":""shirt""}",GET /products?id=15,/products/filter,POST,,"{""gender"":""male"",""category"":""shirt""}",browser,desktop,23,False
771,3,GET /products?id=15,GET /reviews?product_id=15,/products,GET,id=15,,browser,desktop,23,False
771,4,GET /reviews?product_id=15,END,/reviews,GET,product_id=15,,browser,desktop,23,True
772,1,GET /products,GET /products?id=88,/products,GET,,,indecisive,mobile,13,False
772,2,GET /products?id=88,GET /cart?product_id=88,/products,GET,id=88,,indecisive,mobile,13,False
772,3,GET /cart?product_id=88,END,/cart,GET,product_id=88,,indecisive,mobile,13,True
773,1,GET /products/filter,"POST /products/filter  body={""gender"":""male"",""category"":""sneakers""}",/products/filter,GET,,,new_visitor,mobile,9,False
773,2,"POST /products/filter  body={""gender"":""male"",""category"":""sneakers""}",GET /products?id=47,/products/filter,POST,,"{""gender"":""male"",""category"":""sneakers""}",new_visitor,mobile,9,False
773,3,GET /products?id=47,GET /reviews?product_id=47,/products,GET,id=47,,new_visitor,mobile,9,False
773,4,GET /reviews?product_id=47,END,/reviews,GET,product_id=47,,new_visitor,mobile,9,True
774,1,GET /search?q=running shoes,GET /products?id=73,/search,GET,q=running shoes,,returner,tablet,9,False
774,2,GET /products?id=73,GET /reviews?product_id=73,/products,GET,id=73,,returner,tablet,9,False
774,3,GET /reviews?product_id=73,END,/reviews,GET,product_id=73,,returner,tablet,9,True
775,1,GET /products,GET /products?id=47,/products,GET,,,indecisive,desktop,20,False
775,2,GET /products?id=47,GET /products?id=47,/products,GET,id=47,,indecisive,desktop,20,False
775,3,GET /products?id=47,GET /products?id=73,/products,GET,id=47,,indecisive,desktop,20,False
775,4,GET /products?id=73,GET /cart?product_id=73,/products,GET,id=73,,indecisive,desktop,20,False
775,5,GET /cart?product_id=73,END,/cart,GET,product_id=73,,indecisive,desktop,20,True
776,1,GET /products/filter,"POST /products/filter  body={""gender"":""male"",""category"":""watch""}",/products/filter,GET,,,indecisive,desktop,20,False
776,2,"POST /products/filter  body={""gender"":""male"",""category"":""watch""}",GET /products?id=15,/products/filter,POST,,"{""gender"":""male"",""category"":""watch""}",indecisive,desktop,20,False
776,3,GET /products?id=15,GET /cart?product_id=15,/products,GET,id=15,,indecisive,desktop,20,False
776,4,GET /cart?product_id=15,END,/cart,GET,product_id=15,,indecisive,desktop,20,True
777,1,GET /products,GET /products?id=105,/products,GET,,,returner,desktop,23,False
777,2,GET /products?id=105,GET /products?id=73,/products,GET,id=105,,returner,desktop,23,False
777,3,GET /products?id=73,GET /products?id=73,/products,GET,id=73,,returner,desktop,23,False
777,4,GET /products?id=73,GET /reviews?product_id=73,/products,GET,id=73,,returner,desktop,23,False
777,5,GET /reviews?product_id=73,END,/reviews,GET,product_id=73,,returner,desktop,23,True
778,1,GET /products,GET /products?id=47,/products,GET,,,buyer,tablet,7,False
778,2,GET /products?id=47,GET /reviews?product_id=47,/products,GET,id=47,,buyer,tablet,7,False
778,3,GET /reviews?product_id=47,GET /products?id=47,/reviews,GET,product_id=47,,buyer,tablet,7,False
778,4,GET /products?id=47,GET /cart?product_id=47,/products,GET,id=47,,buyer,tablet,7,False
778,5,GET /cart?product_id=47,END,/cart,GET,product_id=47,,buyer,tablet,7,True
779,1,GET /products,GET /products?id=47,/products,GET,,,buyer,mobile,12,False
779,2,GET /products?id=47,GET /reviews?product_id=47,/products,GET,id=47,,buyer,mobile,12,False
779,3,GET /reviews?product_id=47,END,/reviews,GET,product_id=47,,buyer,mobile,12,True
780,1,GET /products,GET /products?id=101,/products,GET,,,returner,tablet,1,False
780,2,GET /products?id=101,GET /cart?product_id=101,/products,GET,id=101,,returner,tablet,1,False
780,3,GET /cart?product_id=101,END,/cart,GET,product_id=101,,returner,tablet,1,True
781,1,GET /products,GET /products?id=101,/products,GET,,,browser,mobile,8,False
781,2,GET /products?id=101,GET /products?id=22,/products,GET,id=101,,browser,mobile,8,False
781,3,GET /products?id=22,GET /cart?product_id=22,/products,GET,id=22,,browser,mobile,8,False
781,4,GET /cart?product_id=22,END,/cart,GET,product_id=22,,browser,mobile,8,True
782,1,GET /products,GET /products?id=73,/products,GET,,,indecisive,desktop,20,False
782,2,GET /products?id=73,GET /cart?product_id=73,/products,GET,id=73,,indecisive,desktop,20,False
782,3,GET /cart?product_id=73,END,/cart,GET,product_id=73,,indecisive,desktop,20,True
783,1,GET /search?q=jacket,GET /products?id=15,/search,GET,q=jacket,,indecisive,desktop,15,False
783,2,GET /products?id=15,GET /reviews?product_id=15,/products,GET,id=15,,indecisive,desktop,15,False
783,3,GET /reviews?product_id=15,END,/reviews,GET,product_id=15,,indecisive,desktop,15,True
784,1,GET /products?id=73,GET /cart?product_id=73,/products,GET,id=73,,new_visitor,desktop,4,False
784,2,GET /cart?product_id=73,END,/cart,GET,product_id=73,,new_visitor,desktop,4,True
785,1,GET /products,GET /products?id=105,/products,GET,,,returner,tablet,23,False
785,2,GET /products?id=105,GET /products?id=22,/products,GET,id=105,,returner,tablet,23,False
785,3,GET /products?id=22,GET /products?id=39,/products,GET,id=22,,returner,tablet,23,False
785,4,GET /products?id=39,GET /products?id=120,/products,GET,id=39,,returner,tablet,23,False
785,5,GET /products?id=120,GET /cart?product_id=120,/products,GET,id=120,,returner,tablet,23,False
785,6,GET /cart?product_id=120,END,/cart,GET,product_id=120,,returner,tablet,23,True
786,1,GET /products/filter,"POST /products/filter  body={""gender"":""male"",""category"":""dress""}",/products/filter,GET,,,browser,desktop,9,False
786,2,"POST /products/filter  body={""gender"":""male"",""category"":""dress""}",GET /products?id=22,/products/filter,POST,,"{""gender"":""male"",""category"":""dress""}",browser,desktop,9,False
786,3,GET /products?id=22,GET /reviews?product_id=22,/products,GET,id=22,,browser,desktop,9,False
786,4,GET /reviews?product_id=22,END,/reviews,GET,product_id=22,,browser,desktop,9,True
787,1,GET /products,GET /products?id=61,/products,GET,,,browser,mobile,16,False
787,2,GET /products?id=61,GET /cart?product_id=61,/products,GET,id=61,,browser,mobile,16,False
787,3,GET /cart?product_id=61,GET /home,/cart,GET,product_id=61,,browser,mobile,16,False
787,4,GET /home,END,/home,GET,,,browser,mobile,16,True
788,1,GET /home,GET /category?type=accessories,/home,GET,,,indecisive,desktop,15,False
788,2,GET /category?type=accessories,GET /products?id=120,/category,GET,type=accessories,,indecisive,desktop,15,False
788,3,GET /products?id=120,GET /cart?product_id=120,/products,GET,id=120,,indecisive,desktop,15,False
788,4,GET /cart?product_id=120,END,/cart,GET,product_id=120,,indecisive,desktop,15,True
789,1,GET /products,GET /products?id=22,/products,GET,,,returner,desktop,0,False
789,2,GET /products?id=22,GET /cart?product_id=22,/products,GET,id=22,,returner,desktop,0,False
789,3,GET /cart?product_id=22,GET /checkout,/cart,GET,product_id=22,,returner,desktop,0,False
789,4,GET /checkout,"POST /payment  body={""amount"": 49.99, ""method"": ""card""}",/checkout,GET,,,returner,desktop,0,False
789,5,"POST /payment  body={""amount"": 49.99, ""method"": ""card""}",END,/payment,POST,,"{""amount"": 49.99, ""method"": ""card""}",returner,desktop,0,True
790,1,GET /home,GET /category?type=women,/home,GET,,,new_visitor,mobile,0,False
790,2,GET /category?type=women,GET /products?id=55,/category,GET,type=women,,new_visitor,mobile,0,False
790,3,GET /products?id=55,GET /cart?product_id=55,/products,GET,id=55,,new_visitor,mobile,0,False
790,4,GET /cart?product_id=55,END,/cart,GET,product_id=55,,new_visitor,mobile,0,True
791,1,GET /products/filter,"POST /products/filter  body={""gender"":""unisex"",""category"":""sneakers""}",/products/filter,GET,,,new_visitor,desktop,12,False
791,2,"POST /products/filter  body={""gender"":""unisex"",""category"":""sneakers""}",GET /products?id=11,/products/filter,POST,,"{""gender"":""unisex"",""category"":""sneakers""}",new_visitor,desktop,12,False
791,3,GET /products?id=11,GET /cart?product_id=11,/products,GET,id=11,,new_visitor,desktop,12,False
791,4,GET /cart?product_id=11,END,/cart,GET,product_id=11,,new_visitor,desktop,12,True
792,1,GET /products,GET /products?id=15,/products,GET,,,indecisive,mobile,13,False
792,2,GET /products?id=15,GET /products?id=22,/products,GET,id=15,,indecisive,mobile,13,False
792,3,GET /products?id=22,GET /products?id=15,/products,GET,id=22,,indecisive,mobile,13,False
792,4,GET /products?id=15,GET /products?id=105,/products,GET,id=15,,indecisive,mobile,13,False
792,5,GET /products?id=105,GET /cart?product_id=105,/products,GET,id=105,,indecisive,mobile,13,False
792,6,GET /cart?product_id=105,END,/cart,GET,product_id=105,,indecisive,mobile,13,True
793,1,GET /products/filter,"POST /products/filter  body={""gender"":""unisex"",""category"":""sneakers""}",/products/filter,GET,,,browser,mobile,4,False
793,2,"POST /products/filter  body={""gender"":""unisex"",""category"":""sneakers""}",GET /products?id=110,/products/filter,POST,,"{""gender"":""unisex"",""category"":""sneakers""}",browser,mobile,4,False
793,3,GET /products?id=110,GET /cart?product_id=110,/products,GET,id=110,,browser,mobile,4,False
793,4,GET /cart?product_id=110,END,/cart,GET,product_id=110,,browser,mobile,4,True
794,1,GET /search?q=office shirt,GET /products?id=42,/search,GET,q=office shirt,,indecisive,tablet,19,False
794,2,GET /products?id=42,GET /reviews?product_id=42,/products,GET,id=42,,indecisive,tablet,19,False
794,3,GET /reviews?product_id=42,END,/reviews,GET,product_id=42,,indecisive,tablet,19,True
795,1,GET /products,GET /products?id=55,/products,GET,,,buyer,mobile,17,False
795,2,GET /products?id=55,GET /cart?product_id=55,/products,GET,id=55,,buyer,mobile,17,False
795,3,GET /cart?product_id=55,END,/cart,GET,product_id=55,,buyer,mobile,17,True
796,1,GET /products,GET /products?id=11,/products,GET,,,buyer,tablet,14,False
796,2,GET /products?id=11,"POST /wishlist?product_id=11  body={""product_id"": 11}",/products,GET,id=11,,buyer,tablet,14,False
796,3,"POST /wishlist?product_id=11  body={""product_id"": 11}",GET /cart?product_id=11,/wishlist,POST,product_id=11,"{""product_id"": 11}",buyer,tablet,14,False
796,4,GET /cart?product_id=11,END,/cart,GET,product_id=11,,buyer,tablet,14,True
797,1,GET /search?q=office shirt,GET /products?id=105,/search,GET,q=office shirt,,browser,mobile,0,False
797,2,GET /products?id=105,GET /reviews?product_id=105,/products,GET,id=105,,browser,mobile,0,False
797,3,GET /reviews?product_id=105,END,/reviews,GET,product_id=105,,browser,mobile,0,True
798,1,GET /search?q=red dress,GET /products?id=33,/search,GET,q=red dress,,indecisive,desktop,11,False
798,2,GET /products?id=33,GET /reviews?product_id=33,/products,GET,id=33,,indecisive,desktop,11,False
798,3,GET /reviews?product_id=33,END,/reviews,GET,product_id=33,,indecisive,desktop,11,True
799,1,GET /products/filter,"POST /products/filter  body={""gender"":""male"",""category"":""skirt""}",/products/filter,GET,,,browser,mobile,1,False
799,2,"POST /products/filter  body={""gender"":""male"",""category"":""skirt""}",GET /products?id=120,/products/filter,POST,,"{""gender"":""male"",""category"":""skirt""}",browser,mobile,1,False
799,3,GET /products?id=120,GET /cart?product_id=120,/products,GET,id=120,,browser,mobile,1,False
799,4,GET /cart?product_id=120,END,/cart,GET,product_id=120,,browser,mobile,1,True
800,1,GET /products,GET /products?id=42,/products,GET,,,buyer,mobile,8,False
800,2,GET /products?id=42,GET /cart?product_id=42,/products,GET,id=42,,buyer,mobile,8,False
800,3,GET /cart?product_id=42,GET /home,/cart,GET,product_id=42,,buyer,mobile,8,False
800,4,GET /home,END,/home,GET,,,buyer,mobile,8,True
801,1,GET /search?q=wallet,GET /products?id=11,/search,GET,q=wallet,,browser,tablet,7,False
801,2,GET /products?id=11,GET /cart?product_id=11,/products,GET,id=11,,browser,tablet,7,False
801,3,GET /cart?product_id=11,END,/cart,GET,product_id=11,,browser,tablet,7,True
802,1,GET /products,GET /products?id=55,/products,GET,,,browser,mobile,14,False
802,2,GET /products?id=55,GET /cart?product_id=55,/products,GET,id=55,,browser,mobile,14,False
802,3,GET /cart?product_id=55,GET /checkout,/cart,GET,product_id=55,,browser,mobile,14,False
802,4,GET /checkout,"POST /payment  body={""amount"": 49.99, ""method"": ""card""}",/checkout,GET,,,browser,mobile,14,False
802,5,"POST /payment  body={""amount"": 49.99, ""method"": ""card""}",END,/payment,POST,,"{""amount"": 49.99, ""method"": ""card""}",browser,mobile,14,True
803,1,GET /search?q=men watch,GET /products?id=33,/search,GET,q=men watch,,new_visitor,tablet,6,False
803,2,GET /products?id=33,GET /reviews?product_id=33,/products,GET,id=33,,new_visitor,tablet,6,False
803,3,GET /reviews?product_id=33,END,/reviews,GET,product_id=33,,new_visitor,tablet,6,True
804,1,GET /products,GET /products?id=55,/products,GET,,,buyer,tablet,23,False
804,2,GET /products?id=55,GET /cart?product_id=55,/products,GET,id=55,,buyer,tablet,23,False
804,3,GET /cart?product_id=55,END,/cart,GET,product_id=55,,buyer,tablet,23,True
805,1,GET /products,GET /products?id=55,/products,GET,,,indecisive,mobile,11,False
805,2,GET /products?id=55,GET /reviews?product_id=55,/products,GET,id=55,,indecisive,mobile,11,False
805,3,GET /reviews?product_id=55,GET /products?id=11,/reviews,GET,product_id=55,,indecisive,mobile,11,False
805,4,GET /products?id=11,GET /products?id=105,/products,GET,id=11,,indecisive,mobile,11,False
805,5,GET /products?id=105,GET /products?id=33,/products,GET,id=105,,indecisive,mobile,11,False
805,6,GET /products?id=33,GET /cart?product_id=33,/products,GET,id=33,,indecisive,mobile,11,False
805,7,GET /cart?product_id=33,END,/cart,GET,product_id=33,,indecisive,mobile,11,True
806,1,GET /products,GET /products?id=120,/products,GET,,,buyer,mobile,1,False
806,2,GET /products?id=120,GET /products?id=61,/products,GET,id=120,,buyer,mobile,1,False
806,3,GET /products?id=61,GET /products?id=39,/products,GET,id=61,,buyer,mobile,1,False
806,4,GET /products?id=39,GET /products?id=47,/products,GET,id=39,,buyer,mobile,1,False
806,5,GET /products?id=47,GET /cart?product_id=47,/products,GET,id=47,,buyer,mobile,1,False
806,6,GET /cart?product_id=47,END,/cart,GET,product_id=47,,buyer,mobile,1,True
807,1,GET /products,GET /products?id=44,/products,GET,,,returner,mobile,21,False
807,2,GET /products?id=44,GET /products?id=44,/products,GET,id=44,,returner,mobile,21,False
807,3,GET /products?id=44,GET /products?id=39,/products,GET,id=44,,returner,mobile,21,False
807,4,GET /products?id=39,GET /products?id=61,/products,GET,id=39,,returner,mobile,21,False
807,5,GET /products?id=61,GET /reviews?product_id=61,/products,GET,id=61,,returner,mobile,21,False
807,6,GET /reviews?product_id=61,END,/reviews,GET,product_id=61,,returner,mobile,21,True
808,1,GET /products/filter,"POST /products/filter  body={""gender"":""unisex"",""category"":""shirt""}",/products/filter,GET,,,browser,mobile,15,False
808,2,"POST /products/filter  body={""gender"":""unisex"",""category"":""shirt""}",GET /products?id=88,/products/filter,POST,,"{""gender"":""unisex"",""category"":""shirt""}",browser,mobile,15,False
808,3,GET /products?id=88,GET /cart?product_id=88,/products,GET,id=88,,browser,mobile,15,False
808,4,GET /cart?product_id=88,END,/cart,GET,product_id=88,,browser,mobile,15,True
809,1,GET /products/filter,"POST /products/filter  body={""gender"":""female"",""category"":""shirt""}",/products/filter,GET,,,browser,tablet,12,False
809,2,"POST /products/filter  body={""gender"":""female"",""category"":""shirt""}",GET /products?id=44,/products/filter,POST,,"{""gender"":""female"",""category"":""shirt""}",browser,tablet,12,False
809,3,GET /products?id=44,GET /reviews?product_id=44,/products,GET,id=44,,browser,tablet,12,False
809,4,GET /reviews?product_id=44,END,/reviews,GET,product_id=44,,browser,tablet,12,True
810,1,GET /home,GET /category?type=accessories,/home,GET,,,returner,tablet,14,False
810,2,GET /category?type=accessories,GET /products?id=120,/category,GET,type=accessories,,returner,tablet,14,False
810,3,GET /products?id=120,GET /cart?product_id=120,/products,GET,id=120,,returner,tablet,14,False
810,4,GET /cart?product_id=120,END,/cart,GET,product_id=120,,returner,tablet,14,True
811,1,GET /home,GET /category?type=men,/home,GET,,,buyer,tablet,5,False
811,2,GET /category?type=men,GET /products?id=33,/category,GET,type=men,,buyer,tablet,5,False
811,3,GET /products?id=33,GET /cart?product_id=33,/products,GET,id=33,,buyer,tablet,5,False
811,4,GET /cart?product_id=33,END,/cart,GET,product_id=33,,buyer,tablet,5,True
812,1,GET /products,GET /products?id=61,/products,GET,,,indecisive,tablet,17,False
812,2,GET /products?id=61,GET /cart?product_id=61,/products,GET,id=61,,indecisive,tablet,17,False
812,3,GET /cart?product_id=61,END,/cart,GET,product_id=61,,indecisive,tablet,17,True
813,1,GET /search?q=jacket,GET /products?id=101,/search,GET,q=jacket,,indecisive,tablet,11,False
813,2,GET /products?id=101,GET /cart?product_id=101,/products,GET,id=101,,indecisive,tablet,11,False
813,3,GET /cart?product_id=101,END,/cart,GET,product_id=101,,indecisive,tablet,11,True
814,1,GET /products,GET /products?id=33,/products,GET,,,buyer,mobile,19,False
814,2,GET /products?id=33,GET /products?id=47,/products,GET,id=33,,buyer,mobile,19,False
814,3,GET /products?id=47,GET /products?id=101,/products,GET,id=47,,buyer,mobile,19,False
814,4,GET /products?id=101,GET /products?id=88,/products,GET,id=101,,buyer,mobile,19,False
814,5,GET /products?id=88,GET /cart?product_id=88,/products,GET,id=88,,buyer,mobile,19,False
814,6,GET /cart?product_id=88,END,/cart,GET,product_id=88,,buyer,mobile,19,True
815,1,GET /products/filter,"POST /products/filter  body={""gender"":""female"",""category"":""watch"",""price"":""low""}",/products/filter,GET,,,indecisive,desktop,20,False
815,2,"POST /products/filter  body={""gender"":""female"",""category"":""watch"",""price"":""low""}",GET /products?id=44,/products/filter,POST,,"{""gender"":""female"",""category"":""watch"",""price"":""low""}",indecisive,desktop,20,False
815,3,GET /products?id=44,GET /cart?product_id=44,/products,GET,id=44,,indecisive,desktop,20,False
815,4,GET /cart?product_id=44,END,/cart,GET,product_id=44,,indecisive,desktop,20,True
816,1,GET /products/filter,"POST /products/filter  body={""gender"":""male"",""category"":""dress"",""price"":""low""}",/products/filter,GET,,,buyer,mobile,1,False
816,2,"POST /products/filter  body={""gender"":""male"",""category"":""dress"",""price"":""low""}",GET /products?id=44,/products/filter,POST,,"{""gender"":""male"",""category"":""dress"",""price"":""low""}",buyer,mobile,1,False
816,3,GET /products?id=44,GET /cart?product_id=44,/products,GET,id=44,,buyer,mobile,1,False
816,4,GET /cart?product_id=44,END,/cart,GET,product_id=44,,buyer,mobile,1,True
817,1,GET /products,GET /products?id=15,/products,GET,,,new_visitor,tablet,12,False
817,2,GET /products?id=15,GET /reviews?product_id=15,/products,GET,id=15,,new_visitor,tablet,12,False
817,3,GET /reviews?product_id=15,GET /products?id=15,/reviews,GET,product_id=15,,new_visitor,tablet,12,False
817,4,GET /products?id=15,GET /cart?product_id=15,/products,GET,id=15,,new_visitor,tablet,12,False
817,5,GET /cart?product_id=15,END,/cart,GET,product_id=15,,new_visitor,tablet,12,True
818,1,GET /products,GET /products?id=42,/products,GET,,,browser,desktop,7,False
818,2,GET /products?id=42,GET /products?id=88,/products,GET,id=42,,browser,desktop,7,False
818,3,GET /products?id=88,GET /reviews?product_id=88,/products,GET,id=88,,browser,desktop,7,False
818,4,GET /reviews?product_id=88,END,/reviews,GET,product_id=88,,browser,desktop,7,True
819,1,GET /products,GET /products?id=105,/products,GET,,,browser,desktop,20,False
819,2,GET /products?id=105,GET /reviews?product_id=105,/products,GET,id=105,,browser,desktop,20,False
819,3,GET /reviews?product_id=105,END,/reviews,GET,product_id=105,,browser,desktop,20,True
820,1,GET /home,GET /category?type=accessories,/home,GET,,,browser,tablet,8,False
820,2,GET /category?type=accessories,GET /products?id=101,/category,GET,type=accessories,,browser,tablet,8,False
820,3,GET /products?id=101,GET /cart?product_id=101,/products,GET,id=101,,browser,tablet,8,False
820,4,GET /cart?product_id=101,END,/cart,GET,product_id=101,,browser,tablet,8,True
821,1,GET /products?id=55,GET /cart?product_id=55,/products,GET,id=55,,indecisive,mobile,6,False
821,2,GET /cart?product_id=55,END,/cart,GET,product_id=55,,indecisive,mobile,6,True
822,1,GET /products,GET /products?id=11,/products,GET,,,buyer,tablet,12,False
822,2,GET /products?id=11,GET /cart?product_id=11,/products,GET,id=11,,buyer,tablet,12,False
822,3,GET /cart?product_id=11,END,/cart,GET,product_id=11,,buyer,tablet,12,True
823,1,GET /home,GET /category?type=accessories,/home,GET,,,buyer,tablet,23,False
823,2,GET /category?type=accessories,GET /products?id=101,/category,GET,type=accessories,,buyer,tablet,23,False
823,3,GET /products?id=101,GET /cart?product_id=101,/products,GET,id=101,,buyer,tablet,23,False
823,4,GET /cart?product_id=101,END,/cart,GET,product_id=101,,buyer,tablet,23,True
824,1,GET /search?q=heels,GET /products?id=55,/search,GET,q=heels,,new_visitor,desktop,21,False
824,2,GET /products?id=55,GET /cart?product_id=55,/products,GET,id=55,,new_visitor,desktop,21,False
824,3,GET /cart?product_id=55,END,/cart,GET,product_id=55,,new_visitor,desktop,21,True
825,1,GET /search?q=office shirt,GET /products?id=73,/search,GET,q=office shirt,,buyer,mobile,17,False
825,2,GET /products?id=73,GET /cart?product_id=73,/products,GET,id=73,,buyer,mobile,17,False
825,3,GET /cart?product_id=73,END,/cart,GET,product_id=73,,buyer,mobile,17,True
826,1,GET /products?id=33,GET /cart?product_id=33,/products,GET,id=33,,new_visitor,tablet,14,False
826,2,GET /cart?product_id=33,END,/cart,GET,product_id=33,,new_visitor,tablet,14,True
827,1,GET /products,GET /products?id=105,/products,GET,,,indecisive,desktop,13,False
827,2,GET /products?id=105,GET /cart?product_id=105,/products,GET,id=105,,indecisive,desktop,13,False
827,3,GET /cart?product_id=105,GET /checkout,/cart,GET,product_id=105,,indecisive,desktop,13,False
827,4,GET /checkout,"POST /payment  body={""amount"": 49.99, ""method"": ""card""}",/checkout,GET,,,indecisive,desktop,13,False
827,5,"POST /payment  body={""amount"": 49.99, ""method"": ""card""}",END,/payment,POST,,"{""amount"": 49.99, ""method"": ""card""}",indecisive,desktop,13,True
828,1,GET /home,GET /category?type=women,/home,GET,,,indecisive,tablet,7,False
828,2,GET /category?type=women,GET /products?id=55,/category,GET,type=women,,indecisive,tablet,7,False
828,3,GET /products?id=55,GET /cart?product_id=55,/products,GET,id=55,,indecisive,tablet,7,False
828,4,GET /cart?product_id=55,END,/cart,GET,product_id=55,,indecisive,tablet,7,True
829,1,GET /products/filter,"POST /products/filter  body={""gender"":""male"",""category"":""sneakers""}",/products/filter,GET,,,new_visitor,tablet,8,False
829,2,"POST /products/filter  body={""gender"":""male"",""category"":""sneakers""}",GET /products?id=101,/products/filter,POST,,"{""gender"":""male"",""category"":""sneakers""}",new_visitor,tablet,8,False
829,3,GET /products?id=101,GET /reviews?product_id=101,/products,GET,id=101,,new_visitor,tablet,8,False
829,4,GET /reviews?product_id=101,END,/reviews,GET,product_id=101,,new_visitor,tablet,8,True
830,1,GET /products?id=42,GET /cart?product_id=42,/products,GET,id=42,,browser,tablet,1,False
830,2,GET /cart?product_id=42,END,/cart,GET,product_id=42,,browser,tablet,1,True
831,1,GET /products?id=88,GET /reviews?product_id=88,/products,GET,id=88,,indecisive,mobile,9,False
831,2,GET /reviews?product_id=88,END,/reviews,GET,product_id=88,,indecisive,mobile,9,True
832,1,GET /products,GET /products?id=61,/products,GET,,,browser,tablet,8,False
832,2,GET /products?id=61,GET /reviews?product_id=61,/products,GET,id=61,,browser,tablet,8,False
832,3,GET /reviews?product_id=61,GET /products?id=55,/reviews,GET,product_id=61,,browser,tablet,8,False
832,4,GET /products?id=55,GET /cart?product_id=55,/products,GET,id=55,,browser,tablet,8,False
832,5,GET /cart?product_id=55,END,/cart,GET,product_id=55,,browser,tablet,8,True
833,1,GET /products,GET /products?id=15,/products,GET,,,browser,desktop,11,False
833,2,GET /products?id=15,GET /cart?product_id=15,/products,GET,id=15,,browser,desktop,11,False
833,3,GET /cart?product_id=15,END,/cart,GET,product_id=15,,browser,desktop,11,True
834,1,GET /products/filter,"POST /products/filter  body={""gender"":""male"",""category"":""skirt""}",/products/filter,GET,,,new_visitor,mobile,7,False
834,2,"POST /products/filter  body={""gender"":""male"",""category"":""skirt""}",GET /products?id=101,/products/filter,POST,,"{""gender"":""male"",""category"":""skirt""}",new_visitor,mobile,7,False
834,3,GET /products?id=101,GET /cart?product_id=101,/products,GET,id=101,,new_visitor,mobile,7,False
834,4,GET /cart?product_id=101,END,/cart,GET,product_id=101,,new_visitor,mobile,7,True
835,1,GET /products,GET /products?id=33,/products,GET,,,new_visitor,mobile,23,False
835,2,GET /products?id=33,GET /reviews?product_id=33,/products,GET,id=33,,new_visitor,mobile,23,False
835,3,GET /reviews?product_id=33,END,/reviews,GET,product_id=33,,new_visitor,mobile,23,True
836,1,GET /products,GET /products?id=55,/products,GET,,,buyer,desktop,22,False
836,2,GET /products?id=55,"POST /wishlist?product_id=55  body={""product_id"": 55}",/products,GET,id=55,,buyer,desktop,22,False
836,3,"POST /wishlist?product_id=55  body={""product_id"": 55}",GET /cart?product_id=55,/wishlist,POST,product_id=55,"{""product_id"": 55}",buyer,desktop,22,False
836,4,GET /cart?product_id=55,END,/cart,GET,product_id=55,,buyer,desktop,22,True
837,1,GET /products,GET /products?id=101,/products,GET,,,new_visitor,tablet,9,False
837,2,GET /products?id=101,GET /cart?product_id=101,/products,GET,id=101,,new_visitor,tablet,9,False
837,3,GET /cart?product_id=101,END,/cart,GET,product_id=101,,new_visitor,tablet,9,True
838,1,GET /products,GET /products?id=105,/products,GET,,,browser,desktop,11,False
838,2,GET /products?id=105,GET /products?id=55,/products,GET,id=105,,browser,desktop,11,False
838,3,GET /products?id=55,GET /reviews?product_id=55,/products,GET,id=55,,browser,desktop,11,False
838,4,GET /reviews?product_id=55,GET /products?id=11,/reviews,GET,product_id=55,,browser,desktop,11,False
838,5,GET /products?id=11,GET /products?id=42,/products,GET,id=11,,browser,desktop,11,False
838,6,GET /products?id=42,GET /reviews?product_id=42,/products,GET,id=42,,browser,desktop,11,False
838,7,GET /reviews?product_id=42,GET /products?id=101,/reviews,GET,product_id=42,,browser,desktop,11,False
838,8,GET /products?id=101,GET /products?id=44,/products,GET,id=101,,browser,desktop,11,False
838,9,GET /products?id=44,GET /reviews?product_id=44,/products,GET,id=44,,browser,desktop,11,False
838,10,GET /reviews?product_id=44,GET /cart?product_id=44,/reviews,GET,product_id=44,,browser,desktop,11,False
838,11,GET /cart?product_id=44,END,/cart,GET,product_id=44,,browser,desktop,11,True
839,1,GET /products?id=110,GET /reviews?product_id=110,/products,GET,id=110,,browser,tablet,23,False
839,2,GET /reviews?product_id=110,END,/reviews,GET,product_id=110,,browser,tablet,23,True
840,1,GET /products/filter,"POST /products/filter  body={""gender"":""male"",""category"":""sneakers"",""price"":""mid""}",/products/filter,GET,,,new_visitor,tablet,2,False
840,2,"POST /products/filter  body={""gender"":""male"",""category"":""sneakers"",""price"":""mid""}",GET /products?id=61,/products/filter,POST,,"{""gender"":""male"",""category"":""sneakers"",""price"":""mid""}",new_visitor,tablet,2,False
840,3,GET /products?id=61,GET /cart?product_id=61,/products,GET,id=61,,new_visitor,tablet,2,False
840,4,GET /cart?product_id=61,END,/cart,GET,product_id=61,,new_visitor,tablet,2,True
841,1,GET /home,GET /category?type=women,/home,GET,,,indecisive,mobile,15,False
841,2,GET /category?type=women,GET /products?id=61,/category,GET,type=women,,indecisive,mobile,15,False
841,3,GET /products?id=61,GET /cart?product_id=61,/products,GET,id=61,,indecisive,mobile,15,False
841,4,GET /cart?product_id=61,END,/cart,GET,product_id=61,,indecisive,mobile,15,True
842,1,GET /search?q=heels,GET /products?id=61,/search,GET,q=heels,,returner,desktop,2,False
842,2,GET /products?id=61,GET /cart?product_id=61,/products,GET,id=61,,returner,desktop,2,False
842,3,GET /cart?product_id=61,END,/cart,GET,product_id=61,,returner,desktop,2,True
843,1,GET /products,GET /products?id=101,/products,GET,,,buyer,desktop,17,False
843,2,GET /products?id=101,GET /cart?product_id=101,/products,GET,id=101,,buyer,desktop,17,False
843,3,GET /cart?product_id=101,END,/cart,GET,product_id=101,,buyer,desktop,17,True
844,1,GET /products?id=11,GET /cart?product_id=11,/products,GET,id=11,,buyer,tablet,19,False
844,2,GET /cart?product_id=11,END,/cart,GET,product_id=11,,buyer,tablet,19,True
845,1,GET /products,GET /products?id=47,/products,GET,,,indecisive,desktop,10,False
845,2,GET /products?id=47,GET /reviews?product_id=47,/products,GET,id=47,,indecisive,desktop,10,False
845,3,GET /reviews?product_id=47,GET /products?id=47,/reviews,GET,product_id=47,,indecisive,desktop,10,False
845,4,GET /products?id=47,GET /cart?product_id=47,/products,GET,id=47,,indecisive,desktop,10,False
845,5,GET /cart?product_id=47,END,/cart,GET,product_id=47,,indecisive,desktop,10,True
846,1,GET /search?q=office shirt,GET /products?id=88,/search,GET,q=office shirt,,browser,tablet,13,False
846,2,GET /products?id=88,GET /cart?product_id=88,/products,GET,id=88,,browser,tablet,13,False
846,3,GET /cart?product_id=88,END,/cart,GET,product_id=88,,browser,tablet,13,True
847,1,GET /products,GET /products?id=22,/products,GET,,,indecisive,desktop,19,False
847,2,GET /products?id=22,GET /reviews?product_id=22,/products,GET,id=22,,indecisive,desktop,19,False
847,3,GET /reviews?product_id=22,GET /products?id=22,/reviews,GET,product_id=22,,indecisive,desktop,19,False
847,4,GET /products?id=22,GET /cart?product_id=22,/products,GET,id=22,,indecisive,desktop,19,False
847,5,GET /cart?product_id=22,END,/cart,GET,product_id=22,,indecisive,desktop,19,True
848,1,GET /products,GET /products?id=110,/products,GET,,,buyer,desktop,19,False
848,2,GET /products?id=110,GET /cart?product_id=110,/products,GET,id=110,,buyer,desktop,19,False
848,3,GET /cart?product_id=110,GET /home,/cart,GET,product_id=110,,buyer,desktop,19,False
848,4,GET /home,END,/home,GET,,,buyer,desktop,19,True
849,1,GET /products,GET /products?id=11,/products,GET,,,new_visitor,mobile,14,False
849,2,GET /products?id=11,GET /cart?product_id=11,/products,GET,id=11,,new_visitor,mobile,14,False
849,3,GET /cart?product_id=11,END,/cart,GET,product_id=11,,new_visitor,mobile,14,True
850,1,GET /products/filter,"POST /products/filter  body={""gender"":""female"",""category"":""watch"",""price"":""high""}",/products/filter,GET,,,indecisive,mobile,23,False
850,2,"POST /products/filter  body={""gender"":""female"",""category"":""watch"",""price"":""high""}",GET /products,/products/filter,POST,,"{""gender"":""female"",""category"":""watch"",""price"":""high""}",indecisive,mobile,23,False
850,3,GET /products,"POST /products/filter  body={""gender"":""female"",""category"":""watch""}",/products,GET,,,indecisive,mobile,23,False
850,4,"POST /products/filter  body={""gender"":""female"",""category"":""watch""}",GET /products?id=44,/products/filter,POST,,"{""gender"":""female"",""category"":""watch""}",indecisive,mobile,23,False
850,5,GET /products?id=44,GET /cart?product_id=44,/products,GET,id=44,,indecisive,mobile,23,False
850,6,GET /cart?product_id=44,END,/cart,GET,product_id=44,,indecisive,mobile,23,True
851,1,GET /products,GET /products?id=42,/products,GET,,,buyer,tablet,4,False
851,2,GET /products?id=42,GET /products?id=33,/products,GET,id=42,,buyer,tablet,4,False
851,3,GET /products?id=33,GET /products?id=55,/products,GET,id=33,,buyer,tablet,4,False
851,4,GET /products?id=55,GET /products?id=22,/products,GET,id=55,,buyer,tablet,4,False
851,5,GET /products?id=22,GET /reviews?product_id=22,/products,GET,id=22,,buyer,tablet,4,False
851,6,GET /reviews?product_id=22,GET /products?id=110,/reviews,GET,product_id=22,,buyer,tablet,4,False
851,7,GET /products?id=110,GET /cart?product_id=110,/products,GET,id=110,,buyer,tablet,4,False
851,8,GET /cart?product_id=110,END,/cart,GET,product_id=110,,buyer,tablet,4,True
852,1,GET /products,GET /products?id=42,/products,GET,,,indecisive,tablet,15,False
852,2,GET /products?id=42,GET /products?id=101,/products,GET,id=42,,indecisive,tablet,15,False
852,3,GET /products?id=101,GET /cart?product_id=101,/products,GET,id=101,,indecisive,tablet,15,False
852,4,GET /cart?product_id=101,END,/cart,GET,product_id=101,,indecisive,tablet,15,True
853,1,GET /products,GET /products?id=22,/products,GET,,,new_visitor,mobile,8,False
853,2,GET /products?id=22,GET /cart?product_id=22,/products,GET,id=22,,new_visitor,mobile,8,False
853,3,GET /cart?product_id=22,END,/cart,GET,product_id=22,,new_visitor,mobile,8,True
854,1,GET /search?q=red dress,GET /products?id=47,/search,GET,q=red dress,,new_visitor,desktop,1,False
854,2,GET /products?id=47,GET /reviews?product_id=47,/products,GET,id=47,,new_visitor,desktop,1,False
854,3,GET /reviews?product_id=47,END,/reviews,GET,product_id=47,,new_visitor,desktop,1,True
855,1,GET /products,GET /products?id=39,/products,GET,,,returner,tablet,8,False
855,2,GET /products?id=39,GET /reviews?product_id=39,/products,GET,id=39,,returner,tablet,8,False
855,3,GET /reviews?product_id=39,GET /products?id=39,/reviews,GET,product_id=39,,returner,tablet,8,False
855,4,GET /products?id=39,GET /cart?product_id=39,/products,GET,id=39,,returner,tablet,8,False
855,5,GET /cart?product_id=39,END,/cart,GET,product_id=39,,returner,tablet,8,True
856,1,GET /products,GET /products?id=11,/products,GET,,,browser,mobile,9,False
856,2,GET /products?id=11,GET /reviews?product_id=11,/products,GET,id=11,,browser,mobile,9,False
856,3,GET /reviews?product_id=11,GET /products?id=101,/reviews,GET,product_id=11,,browser,mobile,9,False
856,4,GET /products?id=101,GET /products?id=55,/products,GET,id=101,,browser,mobile,9,False
856,5,GET /products?id=55,GET /products?id=33,/products,GET,id=55,,browser,mobile,9,False
856,6,GET /products?id=33,GET /products?id=120,/products,GET,id=33,,browser,mobile,9,False
856,7,GET /products?id=120,GET /reviews?product_id=120,/products,GET,id=120,,browser,mobile,9,False
856,8,GET /reviews?product_id=120,GET /products?id=47,/reviews,GET,product_id=120,,browser,mobile,9,False
856,9,GET /products?id=47,GET /reviews?product_id=47,/products,GET,id=47,,browser,mobile,9,False
856,10,GET /reviews?product_id=47,GET /cart?product_id=47,/reviews,GET,product_id=47,,browser,mobile,9,False
856,11,GET /cart?product_id=47,END,/cart,GET,product_id=47,,browser,mobile,9,True
857,1,GET /search?q=running shoes,GET /products?id=42,/search,GET,q=running shoes,,new_visitor,desktop,10,False
857,2,GET /products?id=42,GET /reviews?product_id=42,/products,GET,id=42,,new_visitor,desktop,10,False
857,3,GET /reviews?product_id=42,END,/reviews,GET,product_id=42,,new_visitor,desktop,10,True
858,1,GET /products/filter,"POST /products/filter  body={""gender"":""male"",""category"":""dress""}",/products/filter,GET,,,indecisive,tablet,11,False
858,2,"POST /products/filter  body={""gender"":""male"",""category"":""dress""}",GET /products?id=15,/products/filter,POST,,"{""gender"":""male"",""category"":""dress""}",indecisive,tablet,11,False
858,3,GET /products?id=15,GET /reviews?product_id=15,/products,GET,id=15,,indecisive,tablet,11,False
858,4,GET /reviews?product_id=15,END,/reviews,GET,product_id=15,,indecisive,tablet,11,True
859,1,GET /products,GET /products?id=15,/products,GET,,,browser,tablet,8,False
859,2,GET /products?id=15,GET /products?id=11,/products,GET,id=15,,browser,tablet,8,False
859,3,GET /products?id=11,GET /products?id=61,/products,GET,id=11,,browser,tablet,8,False
859,4,GET /products?id=61,GET /reviews?product_id=61,/products,GET,id=61,,browser,tablet,8,False
859,5,GET /reviews?product_id=61,GET /cart?product_id=61,/reviews,GET,product_id=61,,browser,tablet,8,False
859,6,GET /cart?product_id=61,END,/cart,GET,product_id=61,,browser,tablet,8,True
860,1,GET /products,GET /products?id=11,/products,GET,,,returner,tablet,21,False
860,2,GET /products?id=11,GET /products?id=105,/products,GET,id=11,,returner,tablet,21,False
860,3,GET /products?id=105,GET /products?id=11,/products,GET,id=105,,returner,tablet,21,False
860,4,GET /products?id=11,GET /products?id=61,/products,GET,id=11,,returner,tablet,21,False
860,5,GET /products?id=61,GET /cart?product_id=61,/products,GET,id=61,,returner,tablet,21,False
860,6,GET /cart?product_id=61,END,/cart,GET,product_id=61,,returner,tablet,21,True
861,1,GET /search?q=running shoes,GET /products?id=88,/search,GET,q=running shoes,,indecisive,tablet,10,False
861,2,GET /products?id=88,GET /cart?product_id=88,/products,GET,id=88,,indecisive,tablet,10,False
861,3,GET /cart?product_id=88,END,/cart,GET,product_id=88,,indecisive,tablet,10,True
862,1,GET /products,GET /products?id=88,/products,GET,,,buyer,tablet,17,False
862,2,GET /products?id=88,GET /reviews?product_id=88,/products,GET,id=88,,buyer,tablet,17,False
862,3,GET /reviews?product_id=88,GET /products?id=88,/reviews,GET,product_id=88,,buyer,tablet,17,False
862,4,GET /products?id=88,GET /cart?product_id=88,/products,GET,id=88,,buyer,tablet,17,False
862,5,GET /cart?product_id=88,END,/cart,GET,product_id=88,,buyer,tablet,17,True
863,1,GET /products,GET /products?id=61,/products,GET,,,buyer,desktop,22,False
863,2,GET /products?id=61,"POST /wishlist?product_id=61  body={""product_id"": 61}",/products,GET,id=61,,buyer,desktop,22,False
863,3,"POST /wishlist?product_id=61  body={""product_id"": 61}",GET /cart?product_id=61,/wishlist,POST,product_id=61,"{""product_id"": 61}",buyer,desktop,22,False
863,4,GET /cart?product_id=61,END,/cart,GET,product_id=61,,buyer,desktop,22,True
864,1,GET /products?id=73,GET /cart?product_id=73,/products,GET,id=73,,returner,mobile,20,False
864,2,GET /cart?product_id=73,END,/cart,GET,product_id=73,,returner,mobile,20,True
865,1,GET /products,GET /products?id=33,/products,GET,,,new_visitor,tablet,23,False
865,2,GET /products?id=33,GET /reviews?product_id=33,/products,GET,id=33,,new_visitor,tablet,23,False
865,3,GET /reviews?product_id=33,END,/reviews,GET,product_id=33,,new_visitor,tablet,23,True
866,1,GET /products,GET /products?id=105,/products,GET,,,buyer,tablet,0,False
866,2,GET /products?id=105,GET /cart?product_id=105,/products,GET,id=105,,buyer,tablet,0,False
866,3,GET /cart?product_id=105,GET /checkout,/cart,GET,product_id=105,,buyer,tablet,0,False
866,4,GET /checkout,"POST /payment  body={""amount"": 49.99, ""method"": ""card""}",/checkout,GET,,,buyer,tablet,0,False
866,5,"POST /payment  body={""amount"": 49.99, ""method"": ""card""}",END,/payment,POST,,"{""amount"": 49.99, ""method"": ""card""}",buyer,tablet,0,True
867,1,GET /products,GET /products?id=15,/products,GET,,,returner,desktop,14,False
867,2,GET /products?id=15,GET /cart?product_id=15,/products,GET,id=15,,returner,desktop,14,False
867,3,GET /cart?product_id=15,GET /checkout,/cart,GET,product_id=15,,returner,desktop,14,False
867,4,GET /checkout,"POST /payment  body={""amount"": 49.99, ""method"": ""card""}",/checkout,GET,,,returner,desktop,14,False
867,5,"POST /payment  body={""amount"": 49.99, ""method"": ""card""}",END,/payment,POST,,"{""amount"": 49.99, ""method"": ""card""}",returner,desktop,14,True
868,1,GET /products,GET /products?id=42,/products,GET,,,buyer,mobile,3,False
868,2,GET /products?id=42,GET /reviews?product_id=42,/products,GET,id=42,,buyer,mobile,3,False
868,3,GET /reviews?product_id=42,END,/reviews,GET,product_id=42,,buyer,mobile,3,True
869,1,GET /products,GET /products?id=11,/products,GET,,,new_visitor,tablet,8,False
869,2,GET /products?id=11,GET /products?id=11,/products,GET,id=11,,new_visitor,tablet,8,False
869,3,GET /products?id=11,GET /products?id=11,/products,GET,id=11,,new_visitor,tablet,8,False
869,4,GET /products?id=11,GET /products?id=42,/products,GET,id=11,,new_visitor,tablet,8,False
869,5,GET /products?id=42,GET /cart?product_id=42,/products,GET,id=42,,new_visitor,tablet,8,False
869,6,GET /cart?product_id=42,END,/cart,GET,product_id=42,,new_visitor,tablet,8,True
870,1,GET /products/filter,"POST /products/filter  body={""gender"":""male"",""category"":""watch"",""price"":""high""}",/products/filter,GET,,,returner,mobile,16,False
870,2,"POST /products/filter  body={""gender"":""male"",""category"":""watch"",""price"":""high""}",GET /products,/products/filter,POST,,"{""gender"":""male"",""category"":""watch"",""price"":""high""}",returner,mobile,16,False
870,3,GET /products,"POST /products/filter  body={""gender"":""male"",""category"":""watch""}",/products,GET,,,returner,mobile,16,False
870,4,"POST /products/filter  body={""gender"":""male"",""category"":""watch""}",GET /products?id=39,/products/filter,POST,,"{""gender"":""male"",""category"":""watch""}",returner,mobile,16,False
870,5,GET /products?id=39,GET /cart?product_id=39,/products,GET,id=39,,returner,mobile,16,False
870,6,GET /cart?product_id=39,END,/cart,GET,product_id=39,,returner,mobile,16,True
871,1,GET /search?q=running shoes,GET /products?id=88,/search,GET,q=running shoes,,buyer,desktop,15,False
871,2,GET /products?id=88,GET /reviews?product_id=88,/products,GET,id=88,,buyer,desktop,15,False
871,3,GET /reviews?product_id=88,END,/reviews,GET,product_id=88,,buyer,desktop,15,True
872,1,GET /products,GET /products?id=42,/products,GET,,,buyer,mobile,13,False
872,2,GET /products?id=42,GET /cart?product_id=42,/products,GET,id=42,,buyer,mobile,13,False
872,3,GET /cart?product_id=42,GET /checkout,/cart,GET,product_id=42,,buyer,mobile,13,False
872,4,GET /checkout,"POST /payment  body={""amount"": 49.99, ""method"": ""card""}",/checkout,GET,,,buyer,mobile,13,False
872,5,"POST /payment  body={""amount"": 49.99, ""method"": ""card""}",END,/payment,POST,,"{""amount"": 49.99, ""method"": ""card""}",buyer,mobile,13,True
873,1,GET /products,GET /products?id=88,/products,GET,,,indecisive,desktop,7,False
873,2,GET /products?id=88,GET /cart?product_id=88,/products,GET,id=88,,indecisive,desktop,7,False
873,3,GET /cart?product_id=88,GET /checkout,/cart,GET,product_id=88,,indecisive,desktop,7,False
873,4,GET /checkout,"POST /payment  body={""amount"": 49.99, ""method"": ""card""}",/checkout,GET,,,indecisive,desktop,7,False
873,5,"POST /payment  body={""amount"": 49.99, ""method"": ""card""}",END,/payment,POST,,"{""amount"": 49.99, ""method"": ""card""}",indecisive,desktop,7,True
874,1,GET /products,GET /products?id=110,/products,GET,,,buyer,mobile,5,False
874,2,GET /products?id=110,GET /reviews?product_id=110,/products,GET,id=110,,buyer,mobile,5,False
874,3,GET /reviews?product_id=110,GET /products?id=120,/reviews,GET,product_id=110,,buyer,mobile,5,False
874,4,GET /products?id=120,GET /cart?product_id=120,/products,GET,id=120,,buyer,mobile,5,False
874,5,GET /cart?product_id=120,END,/cart,GET,product_id=120,,buyer,mobile,5,True
875,1,GET /search?q=red dress,GET /products?id=101,/search,GET,q=red dress,,indecisive,desktop,7,False
875,2,GET /products?id=101,GET /cart?product_id=101,/products,GET,id=101,,indecisive,desktop,7,False
875,3,GET /cart?product_id=101,END,/cart,GET,product_id=101,,indecisive,desktop,7,True
876,1,GET /products?id=44,GET /cart?product_id=44,/products,GET,id=44,,indecisive,desktop,19,False
876,2,GET /cart?product_id=44,END,/cart,GET,product_id=44,,indecisive,desktop,19,True
877,1,GET /products,GET /products?id=101,/products,GET,,,returner,desktop,1,False
877,2,GET /products?id=101,GET /reviews?product_id=101,/products,GET,id=101,,returner,desktop,1,False
877,3,GET /reviews?product_id=101,GET /products?id=44,/reviews,GET,product_id=101,,returner,desktop,1,False
877,4,GET /products?id=44,GET /products?id=101,/products,GET,id=44,,returner,desktop,1,False
877,5,GET /products?id=101,GET /products?id=44,/products,GET,id=101,,returner,desktop,1,False
877,6,GET /products?id=44,GET /cart?product_id=44,/products,GET,id=44,,returner,desktop,1,False
877,7,GET /cart?product_id=44,END,/cart,GET,product_id=44,,returner,desktop,1,True
878,1,GET /search?q=sunglasses,GET /products?id=44,/search,GET,q=sunglasses,,indecisive,desktop,5,False
878,2,GET /products?id=44,GET /cart?product_id=44,/products,GET,id=44,,indecisive,desktop,5,False
878,3,GET /cart?product_id=44,END,/cart,GET,product_id=44,,indecisive,desktop,5,True
879,1,GET /products/filter,"POST /products/filter  body={""gender"":""male"",""category"":""skirt"",""price"":""high""}",/products/filter,GET,,,new_visitor,mobile,14,False
879,2,"POST /products/filter  body={""gender"":""male"",""category"":""skirt"",""price"":""high""}",GET /products,/products/filter,POST,,"{""gender"":""male"",""category"":""skirt"",""price"":""high""}",new_visitor,mobile,14,False
879,3,GET /products,"POST /products/filter  body={""gender"":""male"",""category"":""skirt""}",/products,GET,,,new_visitor,mobile,14,False
879,4,"POST /products/filter  body={""gender"":""male"",""category"":""skirt""}",GET /products?id=55,/products/filter,POST,,"{""gender"":""male"",""category"":""skirt""}",new_visitor,mobile,14,False
879,5,GET /products?id=55,GET /cart?product_id=55,/products,GET,id=55,,new_visitor,mobile,14,False
879,6,GET /cart?product_id=55,END,/cart,GET,product_id=55,,new_visitor,mobile,14,True
880,1,GET /home,GET /category?type=men,/home,GET,,,buyer,tablet,22,False
880,2,GET /category?type=men,GET /products?id=33,/category,GET,type=men,,buyer,tablet,22,False
880,3,GET /products?id=33,GET /cart?product_id=33,/products,GET,id=33,,buyer,tablet,22,False
880,4,GET /cart?product_id=33,END,/cart,GET,product_id=33,,buyer,tablet,22,True
881,1,GET /products,GET /products?id=88,/products,GET,,,indecisive,desktop,0,False
881,2,GET /products?id=88,GET /reviews?product_id=88,/products,GET,id=88,,indecisive,desktop,0,False
881,3,GET /reviews?product_id=88,END,/reviews,GET,product_id=88,,indecisive,desktop,0,True
882,1,GET /products,GET /products?id=73,/products,GET,,,browser,desktop,10,False
882,2,GET /products?id=73,"POST /wishlist?product_id=73  body={""product_id"": 73}",/products,GET,id=73,,browser,desktop,10,False
882,3,"POST /wishlist?product_id=73  body={""product_id"": 73}",GET /cart?product_id=73,/wishlist,POST,product_id=73,"{""product_id"": 73}",browser,desktop,10,False
882,4,GET /cart?product_id=73,END,/cart,GET,product_id=73,,browser,desktop,10,True
883,1,GET /products,GET /products?id=39,/products,GET,,,browser,mobile,3,False
883,2,GET /products?id=39,"POST /wishlist?product_id=39  body={""product_id"": 39}",/products,GET,id=39,,browser,mobile,3,False
883,3,"POST /wishlist?product_id=39  body={""product_id"": 39}",GET /cart?product_id=39,/wishlist,POST,product_id=39,"{""product_id"": 39}",browser,mobile,3,False
883,4,GET /cart?product_id=39,END,/cart,GET,product_id=39,,browser,mobile,3,True
884,1,GET /search?q=jacket,GET /products?id=73,/search,GET,q=jacket,,browser,tablet,22,False
884,2,GET /products?id=73,GET /cart?product_id=73,/products,GET,id=73,,browser,tablet,22,False
884,3,GET /cart?product_id=73,END,/cart,GET,product_id=73,,browser,tablet,22,True
885,1,GET /products,GET /products?id=73,/products,GET,,,returner,tablet,12,False
885,2,GET /products?id=73,GET /reviews?product_id=73,/products,GET,id=73,,returner,tablet,12,False
885,3,GET /reviews?product_id=73,END,/reviews,GET,product_id=73,,returner,tablet,12,True
886,1,GET /products,GET /products?id=61,/products,GET,,,new_visitor,tablet,4,False
886,2,GET /products?id=61,GET /cart?product_id=61,/products,GET,id=61,,new_visitor,tablet,4,False
886,3,GET /cart?product_id=61,END,/cart,GET,product_id=61,,new_visitor,tablet,4,True
887,1,GET /products/filter,"POST /products/filter  body={""gender"":""male"",""category"":""shirt"",""price"":""mid""}",/products/filter,GET,,,browser,desktop,9,False
887,2,"POST /products/filter  body={""gender"":""male"",""category"":""shirt"",""price"":""mid""}",GET /products?id=55,/products/filter,POST,,"{""gender"":""male"",""category"":""shirt"",""price"":""mid""}",browser,desktop,9,False
887,3,GET /products?id=55,GET /cart?product_id=55,/products,GET,id=55,,browser,desktop,9,False
887,4,GET /cart?product_id=55,END,/cart,GET,product_id=55,,browser,desktop,9,True
888,1,GET /products,GET /products?id=42,/products,GET,,,buyer,mobile,0,False
888,2,GET /products?id=42,GET /products?id=110,/products,GET,id=42,,buyer,mobile,0,False
888,3,GET /products?id=110,GET /products?id=120,/products,GET,id=110,,buyer,mobile,0,False
888,4,GET /products?id=120,GET /reviews?product_id=120,/products,GET,id=120,,buyer,mobile,0,False
888,5,GET /reviews?product_id=120,END,/reviews,GET,product_id=120,,buyer,mobile,0,True
889,1,GET /products,GET /products?id=88,/products,GET,,,new_visitor,mobile,19,False
889,2,GET /products?id=88,GET /products?id=120,/products,GET,id=88,,new_visitor,mobile,19,False
889,3,GET /products?id=120,GET /products?id=110,/products,GET,id=120,,new_visitor,mobile,19,False
889,4,GET /products?id=110,GET /reviews?product_id=110,/products,GET,id=110,,new_visitor,mobile,19,False
889,5,GET /reviews?product_id=110,GET /products?id=105,/reviews,GET,product_id=110,,new_visitor,mobile,19,False
889,6,GET /products?id=105,GET /cart?product_id=105,/products,GET,id=105,,new_visitor,mobile,19,False
889,7,GET /cart?product_id=105,END,/cart,GET,product_id=105,,new_visitor,mobile,19,True
890,1,GET /home,GET /category?type=women,/home,GET,,,indecisive,tablet,20,False
890,2,GET /category?type=women,GET /products?id=42,/category,GET,type=women,,indecisive,tablet,20,False
890,3,GET /products?id=42,GET /cart?product_id=42,/products,GET,id=42,,indecisive,tablet,20,False
890,4,GET /cart?product_id=42,END,/cart,GET,product_id=42,,indecisive,tablet,20,True
891,1,GET /products,GET /products?id=44,/products,GET,,,buyer,mobile,1,False
891,2,GET /products?id=44,GET /reviews?product_id=44,/products,GET,id=44,,buyer,mobile,1,False
891,3,GET /reviews?product_id=44,GET /products?id=44,/reviews,GET,product_id=44,,buyer,mobile,1,False
891,4,GET /products?id=44,GET /cart?product_id=44,/products,GET,id=44,,buyer,mobile,1,False
891,5,GET /cart?product_id=44,END,/cart,GET,product_id=44,,buyer,mobile,1,True
892,1,GET /products,GET /products?id=22,/products,GET,,,buyer,mobile,21,False
892,2,GET /products?id=22,GET /products?id=33,/products,GET,id=22,,buyer,mobile,21,False
892,3,GET /products?id=33,GET /products?id=47,/products,GET,id=33,,buyer,mobile,21,False
892,4,GET /products?id=47,GET /products?id=44,/products,GET,id=47,,buyer,mobile,21,False
892,5,GET /products?id=44,GET /cart?product_id=44,/products,GET,id=44,,buyer,mobile,21,False
892,6,GET /cart?product_id=44,END,/cart,GET,product_id=44,,buyer,mobile,21,True
893,1,GET /products/filter,"POST /products/filter  body={""gender"":""unisex"",""category"":""watch""}",/products/filter,GET,,,buyer,mobile,21,False
893,2,"POST /products/filter  body={""gender"":""unisex"",""category"":""watch""}",GET /products?id=73,/products/filter,POST,,"{""gender"":""unisex"",""category"":""watch""}",buyer,mobile,21,False
893,3,GET /products?id=73,GET /cart?product_id=73,/products,GET,id=73,,buyer,mobile,21,False
893,4,GET /cart?product_id=73,END,/cart,GET,product_id=73,,buyer,mobile,21,True
894,1,GET /products/filter,"POST /products/filter  body={""gender"":""female"",""category"":""skirt""}",/products/filter,GET,,,returner,tablet,18,False
894,2,"POST /products/filter  body={""gender"":""female"",""category"":""skirt""}",GET /products?id=22,/products/filter,POST,,"{""gender"":""female"",""category"":""skirt""}",returner,tablet,18,False
894,3,GET /products?id=22,GET /reviews?product_id=22,/products,GET,id=22,,returner,tablet,18,False
894,4,GET /reviews?product_id=22,END,/reviews,GET,product_id=22,,returner,tablet,18,True
895,1,GET /products,GET /products?id=105,/products,GET,,,indecisive,desktop,12,False
895,2,GET /products?id=105,GET /cart?product_id=105,/products,GET,id=105,,indecisive,desktop,12,False
895,3,GET /cart?product_id=105,GET /home,/cart,GET,product_id=105,,indecisive,desktop,12,False
895,4,GET /home,END,/home,GET,,,indecisive,desktop,12,True
896,1,GET /search?q=summer skirt,GET /products?id=15,/search,GET,q=summer skirt,,new_visitor,mobile,9,False
896,2,GET /products?id=15,GET /reviews?product_id=15,/products,GET,id=15,,new_visitor,mobile,9,False
896,3,GET /reviews?product_id=15,END,/reviews,GET,product_id=15,,new_visitor,mobile,9,True
897,1,GET /home,GET /category?type=accessories,/home,GET,,,indecisive,tablet,13,False
897,2,GET /category?type=accessories,GET /products?id=105,/category,GET,type=accessories,,indecisive,tablet,13,False
897,3,GET /products?id=105,GET /cart?product_id=105,/products,GET,id=105,,indecisive,tablet,13,False
897,4,GET /cart?product_id=105,END,/cart,GET,product_id=105,,indecisive,tablet,13,True
898,1,GET /home,GET /category?type=accessories,/home,GET,,,new_visitor,mobile,3,False
898,2,GET /category?type=accessories,GET /products?id=101,/category,GET,type=accessories,,new_visitor,mobile,3,False
898,3,GET /products?id=101,GET /cart?product_id=101,/products,GET,id=101,,new_visitor,mobile,3,False
898,4,GET /cart?product_id=101,END,/cart,GET,product_id=101,,new_visitor,mobile,3,True
899,1,GET /products,GET /products?id=22,/products,GET,,,returner,tablet,22,False
899,2,GET /products?id=22,GET /products?id=105,/products,GET,id=22,,returner,tablet,22,False
899,3,GET /products?id=105,GET /products?id=33,/products,GET,id=105,,returner,tablet,22,False
899,4,GET /products?id=33,GET /products?id=15,/products,GET,id=33,,returner,tablet,22,False
899,5,GET /products?id=15,GET /cart?product_id=15,/products,GET,id=15,,returner,tablet,22,False
899,6,GET /cart?product_id=15,END,/cart,GET,product_id=15,,returner,tablet,22,True
900,1,GET /products,GET /products?id=120,/products,GET,,,new_visitor,desktop,4,False
900,2,GET /products?id=120,GET /products?id=120,/products,GET,id=120,,new_visitor,desktop,4,False
900,3,GET /products?id=120,GET /products?id=73,/products,GET,id=120,,new_visitor,desktop,4,False
900,4,GET /products?id=73,GET /reviews?product_id=73,/products,GET,id=73,,new_visitor,desktop,4,False
900,5,GET /reviews?product_id=73,END,/reviews,GET,product_id=73,,new_visitor,desktop,4,True
901,1,GET /products?id=42,GET /cart?product_id=42,/products,GET,id=42,,buyer,tablet,9,False
901,2,GET /cart?product_id=42,END,/cart,GET,product_id=42,,buyer,tablet,9,True
902,1,GET /products,GET /products?id=88,/products,GET,,,returner,tablet,3,False
902,2,GET /products?id=88,GET /cart?product_id=88,/products,GET,id=88,,returner,tablet,3,False
902,3,GET /cart?product_id=88,GET /checkout,/cart,GET,product_id=88,,returner,tablet,3,False
902,4,GET /checkout,"POST /payment  body={""amount"": 49.99, ""method"": ""card""}",/checkout,GET,,,returner,tablet,3,False
902,5,"POST /payment  body={""amount"": 49.99, ""method"": ""card""}",END,/payment,POST,,"{""amount"": 49.99, ""method"": ""card""}",returner,tablet,3,True
903,1,GET /products,GET /products?id=39,/products,GET,,,new_visitor,desktop,13,False
903,2,GET /products?id=39,GET /cart?product_id=39,/products,GET,id=39,,new_visitor,desktop,13,False
903,3,GET /cart?product_id=39,END,/cart,GET,product_id=39,,new_visitor,desktop,13,True
904,1,GET /products/filter,"POST /products/filter  body={""gender"":""male"",""category"":""shirt"",""price"":""low""}",/products/filter,GET,,,buyer,mobile,20,False
904,2,"POST /products/filter  body={""gender"":""male"",""category"":""shirt"",""price"":""low""}",GET /products?id=22,/products/filter,POST,,"{""gender"":""male"",""category"":""shirt"",""price"":""low""}",buyer,mobile,20,False
904,3,GET /products?id=22,GET /cart?product_id=22,/products,GET,id=22,,buyer,mobile,20,False
904,4,GET /cart?product_id=22,END,/cart,GET,product_id=22,,buyer,mobile,20,True
905,1,GET /products/filter,"POST /products/filter  body={""gender"":""female"",""category"":""skirt"",""price"":""high""}",/products/filter,GET,,,indecisive,tablet,17,False
905,2,"POST /products/filter  body={""gender"":""female"",""category"":""skirt"",""price"":""high""}",GET /products?id=33,/products/filter,POST,,"{""gender"":""female"",""category"":""skirt"",""price"":""high""}",indecisive,tablet,17,False
905,3,GET /products?id=33,GET /cart?product_id=33,/products,GET,id=33,,indecisive,tablet,17,False
905,4,GET /cart?product_id=33,END,/cart,GET,product_id=33,,indecisive,tablet,17,True
906,1,GET /products,GET /products?id=73,/products,GET,,,returner,tablet,18,False
906,2,GET /products?id=73,GET /products?id=88,/products,GET,id=73,,returner,tablet,18,False
906,3,GET /products?id=88,GET /cart?product_id=88,/products,GET,id=88,,returner,tablet,18,False
906,4,GET /cart?product_id=88,END,/cart,GET,product_id=88,,returner,tablet,18,True
907,1,GET /products,GET /products?id=44,/products,GET,,,indecisive,tablet,15,False
907,2,GET /products?id=44,GET /reviews?product_id=44,/products,GET,id=44,,indecisive,tablet,15,False
907,3,GET /reviews?product_id=44,GET /products?id=42,/reviews,GET,product_id=44,,indecisive,tablet,15,False
907,4,GET /products?id=42,GET /cart?product_id=42,/products,GET,id=42,,indecisive,tablet,15,False
907,5,GET /cart?product_id=42,END,/cart,GET,product_id=42,,indecisive,tablet,15,True
908,1,GET /search?q=jacket,GET /products?id=33,/search,GET,q=jacket,,returner,mobile,20,False
908,2,GET /products?id=33,GET /cart?product_id=33,/products,GET,id=33,,returner,mobile,20,False
908,3,GET /cart?product_id=33,END,/cart,GET,product_id=33,,returner,mobile,20,True
909,1,GET /products,GET /products?id=22,/products,GET,,,returner,desktop,23,False
909,2,GET /products?id=22,GET /cart?product_id=22,/products,GET,id=22,,returner,desktop,23,False
909,3,GET /cart?product_id=22,END,/cart,GET,product_id=22,,returner,desktop,23,True
910,1,GET /products,GET /products?id=33,/products,GET,,,indecisive,tablet,17,False
910,2,GET /products?id=33,GET /reviews?product_id=33,/products,GET,id=33,,indecisive,tablet,17,False
910,3,GET /reviews?product_id=33,END,/reviews,GET,product_id=33,,indecisive,tablet,17,True
911,1,GET /products/filter,"POST /products/filter  body={""gender"":""female"",""category"":""shirt""}",/products/filter,GET,,,indecisive,mobile,4,False
911,2,"POST /products/filter  body={""gender"":""female"",""category"":""shirt""}",GET /products?id=73,/products/filter,POST,,"{""gender"":""female"",""category"":""shirt""}",indecisive,mobile,4,False
911,3,GET /products?id=73,GET /cart?product_id=73,/products,GET,id=73,,indecisive,mobile,4,False
911,4,GET /cart?product_id=73,END,/cart,GET,product_id=73,,indecisive,mobile,4,True
912,1,GET /products,GET /products?id=55,/products,GET,,,new_visitor,tablet,12,False
912,2,GET /products?id=55,GET /reviews?product_id=55,/products,GET,id=55,,new_visitor,tablet,12,False
912,3,GET /reviews?product_id=55,END,/reviews,GET,product_id=55,,new_visitor,tablet,12,True
913,1,GET /products,GET /products?id=15,/products,GET,,,indecisive,tablet,10,False
913,2,GET /products?id=15,"POST /wishlist?product_id=15  body={""product_id"": 15}",/products,GET,id=15,,indecisive,tablet,10,False
913,3,"POST /wishlist?product_id=15  body={""product_id"": 15}",GET /cart?product_id=15,/wishlist,POST,product_id=15,"{""product_id"": 15}",indecisive,tablet,10,False
913,4,GET /cart?product_id=15,END,/cart,GET,product_id=15,,indecisive,tablet,10,True
914,1,GET /products,GET /products?id=110,/products,GET,,,returner,mobile,15,False
914,2,GET /products?id=110,GET /reviews?product_id=110,/products,GET,id=110,,returner,mobile,15,False
914,3,GET /reviews?product_id=110,GET /products?id=22,/reviews,GET,product_id=110,,returner,mobile,15,False
914,4,GET /products?id=22,GET /products?id=88,/products,GET,id=22,,returner,mobile,15,False
914,5,GET /products?id=88,GET /products?id=22,/products,GET,id=88,,returner,mobile,15,False
914,6,GET /products?id=22,GET /products?id=73,/products,GET,id=22,,returner,mobile,15,False
914,7,GET /products?id=73,GET /cart?product_id=73,/products,GET,id=73,,returner,mobile,15,False
914,8,GET /cart?product_id=73,END,/cart,GET,product_id=73,,returner,mobile,15,True
915,1,GET /products,GET /products?id=33,/products,GET,,,browser,desktop,16,False
915,2,GET /products?id=33,GET /reviews?product_id=33,/products,GET,id=33,,browser,desktop,16,False
915,3,GET /reviews?product_id=33,END,/reviews,GET,product_id=33,,browser,desktop,16,True
916,1,GET /products,GET /products?id=55,/products,GET,,,new_visitor,desktop,10,False
916,2,GET /products?id=55,GET /reviews?product_id=55,/products,GET,id=55,,new_visitor,desktop,10,False
916,3,GET /reviews?product_id=55,END,/reviews,GET,product_id=55,,new_visitor,desktop,10,True
917,1,GET /products/filter,"POST /products/filter  body={""gender"":""female"",""category"":""sneakers""}",/products/filter,GET,,,new_visitor,tablet,4,False
917,2,"POST /products/filter  body={""gender"":""female"",""category"":""sneakers""}",GET /products?id=55,/products/filter,POST,,"{""gender"":""female"",""category"":""sneakers""}",new_visitor,tablet,4,False
917,3,GET /products?id=55,GET /cart?product_id=55,/products,GET,id=55,,new_visitor,tablet,4,False
917,4,GET /cart?product_id=55,END,/cart,GET,product_id=55,,new_visitor,tablet,4,True
918,1,GET /products,GET /products?id=47,/products,GET,,,browser,desktop,1,False
918,2,GET /products?id=47,GET /reviews?product_id=47,/products,GET,id=47,,browser,desktop,1,False
918,3,GET /reviews?product_id=47,GET /products?id=47,/reviews,GET,product_id=47,,browser,desktop,1,False
918,4,GET /products?id=47,GET /cart?product_id=47,/products,GET,id=47,,browser,desktop,1,False
918,5,GET /cart?product_id=47,END,/cart,GET,product_id=47,,browser,desktop,1,True
919,1,GET /products,GET /products?id=22,/products,GET,,,indecisive,desktop,1,False
919,2,GET /products?id=22,GET /cart?product_id=22,/products,GET,id=22,,indecisive,desktop,1,False
919,3,GET /cart?product_id=22,END,/cart,GET,product_id=22,,indecisive,desktop,1,True
920,1,GET /products/filter,"POST /products/filter  body={""gender"":""female"",""category"":""shirt"",""price"":""high""}",/products/filter,GET,,,indecisive,tablet,6,False
920,2,"POST /products/filter  body={""gender"":""female"",""category"":""shirt"",""price"":""high""}",GET /products?id=33,/products/filter,POST,,"{""gender"":""female"",""category"":""shirt"",""price"":""high""}",indecisive,tablet,6,False
920,3,GET /products?id=33,GET /cart?product_id=33,/products,GET,id=33,,indecisive,tablet,6,False
920,4,GET /cart?product_id=33,END,/cart,GET,product_id=33,,indecisive,tablet,6,True
921,1,GET /products/filter,"POST /products/filter  body={""gender"":""female"",""category"":""shirt"",""price"":""low""}",/products/filter,GET,,,returner,tablet,3,False
921,2,"POST /products/filter  body={""gender"":""female"",""category"":""shirt"",""price"":""low""}",GET /products?id=42,/products/filter,POST,,"{""gender"":""female"",""category"":""shirt"",""price"":""low""}",returner,tablet,3,False
921,3,GET /products?id=42,GET /cart?product_id=42,/products,GET,id=42,,returner,tablet,3,False
921,4,GET /cart?product_id=42,END,/cart,GET,product_id=42,,returner,tablet,3,True
922,1,GET /products,GET /products?id=39,/products,GET,,,new_visitor,tablet,16,False
922,2,GET /products?id=39,GET /cart?product_id=39,/products,GET,id=39,,new_visitor,tablet,16,False
922,3,GET /cart?product_id=39,END,/cart,GET,product_id=39,,new_visitor,tablet,16,True
923,1,GET /products,GET /products?id=11,/products,GET,,,indecisive,mobile,22,False
923,2,GET /products?id=11,GET /cart?product_id=11,/products,GET,id=11,,indecisive,mobile,22,False
923,3,GET /cart?product_id=11,GET /home,/cart,GET,product_id=11,,indecisive,mobile,22,False
923,4,GET /home,END,/home,GET,,,indecisive,mobile,22,True
924,1,GET /products,GET /products?id=110,/products,GET,,,buyer,mobile,9,False
924,2,GET /products?id=110,GET /products?id=44,/products,GET,id=110,,buyer,mobile,9,False
924,3,GET /products?id=44,GET /products?id=61,/products,GET,id=44,,buyer,mobile,9,False
924,4,GET /products?id=61,GET /cart?product_id=61,/products,GET,id=61,,buyer,mobile,9,False
924,5,GET /cart?product_id=61,END,/cart,GET,product_id=61,,buyer,mobile,9,True
925,1,GET /products,GET /products?id=105,/products,GET,,,browser,mobile,12,False
925,2,GET /products?id=105,GET /cart?product_id=105,/products,GET,id=105,,browser,mobile,12,False
925,3,GET /cart?product_id=105,END,/cart,GET,product_id=105,,browser,mobile,12,True
926,1,GET /products/filter,"POST /products/filter  body={""gender"":""male"",""category"":""watch"",""price"":""high""}",/products/filter,GET,,,new_visitor,tablet,20,False
926,2,"POST /products/filter  body={""gender"":""male"",""category"":""watch"",""price"":""high""}",GET /products,/products/filter,POST,,"{""gender"":""male"",""category"":""watch"",""price"":""high""}",new_visitor,tablet,20,False
926,3,GET /products,"POST /products/filter  body={""gender"":""male"",""category"":""watch""}",/products,GET,,,new_visitor,tablet,20,False
926,4,"POST /products/filter  body={""gender"":""male"",""category"":""watch""}",GET /products?id=39,/products/filter,POST,,"{""gender"":""male"",""category"":""watch""}",new_visitor,tablet,20,False
926,5,GET /products?id=39,GET /cart?product_id=39,/products,GET,id=39,,new_visitor,tablet,20,False
926,6,GET /cart?product_id=39,END,/cart,GET,product_id=39,,new_visitor,tablet,20,True
927,1,GET /products,GET /products?id=47,/products,GET,,,indecisive,desktop,6,False
927,2,GET /products?id=47,"POST /wishlist?product_id=47  body={""product_id"": 47}",/products,GET,id=47,,indecisive,desktop,6,False
927,3,"POST /wishlist?product_id=47  body={""product_id"": 47}",GET /cart?product_id=47,/wishlist,POST,product_id=47,"{""product_id"": 47}",indecisive,desktop,6,False
927,4,GET /cart?product_id=47,END,/cart,GET,product_id=47,,indecisive,desktop,6,True
928,1,GET /products,GET /products?id=110,/products,GET,,,returner,tablet,4,False
928,2,GET /products?id=110,GET /cart?product_id=110,/products,GET,id=110,,returner,tablet,4,False
928,3,GET /cart?product_id=110,END,/cart,GET,product_id=110,,returner,tablet,4,True
929,1,GET /products,GET /products?id=110,/products,GET,,,indecisive,tablet,20,False
929,2,GET /products?id=110,"POST /wishlist?product_id=110  body={""product_id"": 110}",/products,GET,id=110,,indecisive,tablet,20,False
929,3,"POST /wishlist?product_id=110  body={""product_id"": 110}",GET /cart?product_id=110,/wishlist,POST,product_id=110,"{""product_id"": 110}",indecisive,tablet,20,False
929,4,GET /cart?product_id=110,END,/cart,GET,product_id=110,,indecisive,tablet,20,True
930,1,GET /products,GET /products?id=15,/products,GET,,,returner,mobile,7,False
930,2,GET /products?id=15,GET /reviews?product_id=15,/products,GET,id=15,,returner,mobile,7,False
930,3,GET /reviews?product_id=15,END,/reviews,GET,product_id=15,,returner,mobile,7,True
931,1,GET /products,GET /products?id=33,/products,GET,,,returner,mobile,22,False
931,2,GET /products?id=33,GET /reviews?product_id=33,/products,GET,id=33,,returner,mobile,22,False
931,3,GET /reviews?product_id=33,GET /products?id=33,/reviews,GET,product_id=33,,returner,mobile,22,False
931,4,GET /products?id=33,GET /cart?product_id=33,/products,GET,id=33,,returner,mobile,22,False
931,5,GET /cart?product_id=33,END,/cart,GET,product_id=33,,returner,mobile,22,True
932,1,GET /products,GET /products?id=55,/products,GET,,,returner,desktop,0,False
932,2,GET /products?id=55,GET /cart?product_id=55,/products,GET,id=55,,returner,desktop,0,False
932,3,GET /cart?product_id=55,END,/cart,GET,product_id=55,,returner,desktop,0,True
933,1,GET /products,GET /products?id=61,/products,GET,,,returner,mobile,9,False
933,2,GET /products?id=61,GET /cart?product_id=61,/products,GET,id=61,,returner,mobile,9,False
933,3,GET /cart?product_id=61,GET /checkout,/cart,GET,product_id=61,,returner,mobile,9,False
933,4,GET /checkout,"POST /payment  body={""amount"": 49.99, ""method"": ""card""}",/checkout,GET,,,returner,mobile,9,False
933,5,"POST /payment  body={""amount"": 49.99, ""method"": ""card""}",END,/payment,POST,,"{""amount"": 49.99, ""method"": ""card""}",returner,mobile,9,True
934,1,GET /products,GET /products?id=55,/products,GET,,,new_visitor,mobile,12,False
934,2,GET /products?id=55,GET /cart?product_id=55,/products,GET,id=55,,new_visitor,mobile,12,False
934,3,GET /cart?product_id=55,GET /home,/cart,GET,product_id=55,,new_visitor,mobile,12,False
934,4,GET /home,END,/home,GET,,,new_visitor,mobile,12,True
935,1,GET /products,GET /products?id=22,/products,GET,,,indecisive,tablet,20,False
935,2,GET /products?id=22,GET /cart?product_id=22,/products,GET,id=22,,indecisive,tablet,20,False
935,3,GET /cart?product_id=22,END,/cart,GET,product_id=22,,indecisive,tablet,20,True
936,1,GET /products/filter,"POST /products/filter  body={""gender"":""female"",""category"":""watch"",""price"":""mid""}",/products/filter,GET,,,returner,tablet,13,False
936,2,"POST /products/filter  body={""gender"":""female"",""category"":""watch"",""price"":""mid""}",GET /products?id=120,/products/filter,POST,,"{""gender"":""female"",""category"":""watch"",""price"":""mid""}",returner,tablet,13,False
936,3,GET /products?id=120,GET /cart?product_id=120,/products,GET,id=120,,returner,tablet,13,False
936,4,GET /cart?product_id=120,END,/cart,GET,product_id=120,,returner,tablet,13,True
937,1,GET /products/filter,"POST /products/filter  body={""gender"":""unisex"",""category"":""watch""}",/products/filter,GET,,,returner,mobile,10,False
937,2,"POST /products/filter  body={""gender"":""unisex"",""category"":""watch""}",GET /products?id=105,/products/filter,POST,,"{""gender"":""unisex"",""category"":""watch""}",returner,mobile,10,False
937,3,GET /products?id=105,GET /cart?product_id=105,/products,GET,id=105,,returner,mobile,10,False
937,4,GET /cart?product_id=105,END,/cart,GET,product_id=105,,returner,mobile,10,True
938,1,GET /products,GET /products?id=73,/products,GET,,,new_visitor,desktop,17,False
938,2,GET /products?id=73,"POST /wishlist?product_id=73  body={""product_id"": 73}",/products,GET,id=73,,new_visitor,desktop,17,False
938,3,"POST /wishlist?product_id=73  body={""product_id"": 73}",GET /cart?product_id=73,/wishlist,POST,product_id=73,"{""product_id"": 73}",new_visitor,desktop,17,False
938,4,GET /cart?product_id=73,END,/cart,GET,product_id=73,,new_visitor,desktop,17,True
939,1,GET /products,GET /products?id=55,/products,GET,,,browser,tablet,22,False
939,2,GET /products?id=55,GET /products?id=110,/products,GET,id=55,,browser,tablet,22,False
939,3,GET /products?id=110,GET /products?id=33,/products,GET,id=110,,browser,tablet,22,False
939,4,GET /products?id=33,GET /cart?product_id=33,/products,GET,id=33,,browser,tablet,22,False
939,5,GET /cart?product_id=33,END,/cart,GET,product_id=33,,browser,tablet,22,True
940,1,GET /products?id=47,GET /cart?product_id=47,/products,GET,id=47,,returner,mobile,9,False
940,2,GET /cart?product_id=47,END,/cart,GET,product_id=47,,returner,mobile,9,True
941,1,GET /search?q=red dress,GET /products?id=47,/search,GET,q=red dress,,new_visitor,desktop,10,False
941,2,GET /products?id=47,GET /reviews?product_id=47,/products,GET,id=47,,new_visitor,desktop,10,False
941,3,GET /reviews?product_id=47,END,/reviews,GET,product_id=47,,new_visitor,desktop,10,True
942,1,GET /products,GET /products?id=42,/products,GET,,,buyer,mobile,18,False
942,2,GET /products?id=42,GET /reviews?product_id=42,/products,GET,id=42,,buyer,mobile,18,False
942,3,GET /reviews?product_id=42,GET /products?id=44,/reviews,GET,product_id=42,,buyer,mobile,18,False
942,4,GET /products?id=44,GET /cart?product_id=44,/products,GET,id=44,,buyer,mobile,18,False
942,5,GET /cart?product_id=44,END,/cart,GET,product_id=44,,buyer,mobile,18,True
943,1,GET /products/filter,"POST /products/filter  body={""gender"":""unisex"",""category"":""watch""}",/products/filter,GET,,,buyer,desktop,17,False
943,2,"POST /products/filter  body={""gender"":""unisex"",""category"":""watch""}",GET /products?id=88,/products/filter,POST,,"{""gender"":""unisex"",""category"":""watch""}",buyer,desktop,17,False
943,3,GET /products?id=88,GET /cart?product_id=88,/products,GET,id=88,,buyer,desktop,17,False
943,4,GET /cart?product_id=88,END,/cart,GET,product_id=88,,buyer,desktop,17,True
944,1,GET /products/filter,"POST /products/filter  body={""gender"":""unisex"",""category"":""shirt""}",/products/filter,GET,,,buyer,tablet,10,False
944,2,"POST /products/filter  body={""gender"":""unisex"",""category"":""shirt""}",GET /products?id=39,/products/filter,POST,,"{""gender"":""unisex"",""category"":""shirt""}",buyer,tablet,10,False
944,3,GET /products?id=39,GET /cart?product_id=39,/products,GET,id=39,,buyer,tablet,10,False
944,4,GET /cart?product_id=39,END,/cart,GET,product_id=39,,buyer,tablet,10,True
945,1,GET /products,GET /products?id=101,/products,GET,,,browser,tablet,0,False
945,2,GET /products?id=101,GET /products?id=61,/products,GET,id=101,,browser,tablet,0,False
945,3,GET /products?id=61,GET /products?id=22,/products,GET,id=61,,browser,tablet,0,False
945,4,GET /products?id=22,GET /products?id=44,/products,GET,id=22,,browser,tablet,0,False
945,5,GET /products?id=44,GET /cart?product_id=44,/products,GET,id=44,,browser,tablet,0,False
945,6,GET /cart?product_id=44,END,/cart,GET,product_id=44,,browser,tablet,0,True
946,1,GET /products,GET /products?id=39,/products,GET,,,new_visitor,mobile,0,False
946,2,GET /products?id=39,"POST /wishlist?product_id=39  body={""product_id"": 39}",/products,GET,id=39,,new_visitor,mobile,0,False
946,3,"POST /wishlist?product_id=39  body={""product_id"": 39}",GET /cart?product_id=39,/wishlist,POST,product_id=39,"{""product_id"": 39}",new_visitor,mobile,0,False
946,4,GET /cart?product_id=39,END,/cart,GET,product_id=39,,new_visitor,mobile,0,True
947,1,GET /products/filter,"POST /products/filter  body={""gender"":""unisex"",""category"":""watch""}",/products/filter,GET,,,browser,desktop,0,False
947,2,"POST /products/filter  body={""gender"":""unisex"",""category"":""watch""}",GET /products?id=33,/products/filter,POST,,"{""gender"":""unisex"",""category"":""watch""}",browser,desktop,0,False
947,3,GET /products?id=33,GET /cart?product_id=33,/products,GET,id=33,,browser,desktop,0,False
947,4,GET /cart?product_id=33,END,/cart,GET,product_id=33,,browser,desktop,0,True
948,1,GET /search?q=leather bag,GET /products?id=73,/search,GET,q=leather bag,,returner,desktop,12,False
948,2,GET /products?id=73,GET /cart?product_id=73,/products,GET,id=73,,returner,desktop,12,False
948,3,GET /cart?product_id=73,END,/cart,GET,product_id=73,,returner,desktop,12,True
949,1,GET /home,GET /category?type=men,/home,GET,,,returner,mobile,6,False
949,2,GET /category?type=men,GET /products?id=33,/category,GET,type=men,,returner,mobile,6,False
949,3,GET /products?id=33,GET /cart?product_id=33,/products,GET,id=33,,returner,mobile,6,False
949,4,GET /cart?product_id=33,END,/cart,GET,product_id=33,,returner,mobile,6,True
950,1,GET /products,GET /products?id=42,/products,GET,,,buyer,desktop,21,False
950,2,GET /products?id=42,GET /cart?product_id=42,/products,GET,id=42,,buyer,desktop,21,False
950,3,GET /cart?product_id=42,END,/cart,GET,product_id=42,,buyer,desktop,21,True
951,1,GET /products,GET /products?id=61,/products,GET,,,browser,mobile,23,False
951,2,GET /products?id=61,GET /products?id=47,/products,GET,id=61,,browser,mobile,23,False
951,3,GET /products?id=47,GET /products?id=61,/products,GET,id=47,,browser,mobile,23,False
951,4,GET /products?id=61,GET /products?id=105,/products,GET,id=61,,browser,mobile,23,False
951,5,GET /products?id=105,GET /products?id=110,/products,GET,id=105,,browser,mobile,23,False
951,6,GET /products?id=110,GET /products?id=105,/products,GET,id=110,,browser,mobile,23,False
951,7,GET /products?id=105,GET /reviews?product_id=105,/products,GET,id=105,,browser,mobile,23,False
951,8,GET /reviews?product_id=105,GET /cart?product_id=105,/reviews,GET,product_id=105,,browser,mobile,23,False
951,9,GET /cart?product_id=105,END,/cart,GET,product_id=105,,browser,mobile,23,True
952,1,GET /products,GET /products?id=11,/products,GET,,,returner,tablet,0,False
952,2,GET /products?id=11,GET /products?id=15,/products,GET,id=11,,returner,tablet,0,False
952,3,GET /products?id=15,GET /products?id=105,/products,GET,id=15,,returner,tablet,0,False
952,4,GET /products?id=105,GET /products?id=39,/products,GET,id=105,,returner,tablet,0,False
952,5,GET /products?id=39,GET /cart?product_id=39,/products,GET,id=39,,returner,tablet,0,False
952,6,GET /cart?product_id=39,END,/cart,GET,product_id=39,,returner,tablet,0,True
953,1,GET /products,GET /products?id=55,/products,GET,,,browser,tablet,15,False
953,2,GET /products?id=55,"POST /wishlist?product_id=55  body={""product_id"": 55}",/products,GET,id=55,,browser,tablet,15,False
953,3,"POST /wishlist?product_id=55  body={""product_id"": 55}",GET /cart?product_id=55,/wishlist,POST,product_id=55,"{""product_id"": 55}",browser,tablet,15,False
953,4,GET /cart?product_id=55,END,/cart,GET,product_id=55,,browser,tablet,15,True
954,1,GET /products,GET /products?id=15,/products,GET,,,new_visitor,desktop,22,False
954,2,GET /products?id=15,GET /cart?product_id=15,/products,GET,id=15,,new_visitor,desktop,22,False
954,3,GET /cart?product_id=15,END,/cart,GET,product_id=15,,new_visitor,desktop,22,True
955,1,GET /products,GET /products?id=120,/products,GET,,,browser,tablet,19,False
955,2,GET /products?id=120,GET /cart?product_id=120,/products,GET,id=120,,browser,tablet,19,False
955,3,GET /cart?product_id=120,END,/cart,GET,product_id=120,,browser,tablet,19,True
956,1,GET /home,GET /category?type=accessories,/home,GET,,,browser,tablet,20,False
956,2,GET /category?type=accessories,GET /products?id=110,/category,GET,type=accessories,,browser,tablet,20,False
956,3,GET /products?id=110,GET /cart?product_id=110,/products,GET,id=110,,browser,tablet,20,False
956,4,GET /cart?product_id=110,END,/cart,GET,product_id=110,,browser,tablet,20,True
957,1,GET /home,GET /category?type=women,/home,GET,,,new_visitor,mobile,10,False
957,2,GET /category?type=women,GET /products?id=55,/category,GET,type=women,,new_visitor,mobile,10,False
957,3,GET /products?id=55,GET /cart?product_id=55,/products,GET,id=55,,new_visitor,mobile,10,False
957,4,GET /cart?product_id=55,END,/cart,GET,product_id=55,,new_visitor,mobile,10,True
958,1,GET /products,GET /products?id=105,/products,GET,,,returner,tablet,15,False
958,2,GET /products?id=105,GET /products?id=39,/products,GET,id=105,,returner,tablet,15,False
958,3,GET /products?id=39,GET /products?id=22,/products,GET,id=39,,returner,tablet,15,False
958,4,GET /products?id=22,GET /cart?product_id=22,/products,GET,id=22,,returner,tablet,15,False
958,5,GET /cart?product_id=22,END,/cart,GET,product_id=22,,returner,tablet,15,True
959,1,GET /products,GET /products?id=15,/products,GET,,,browser,tablet,19,False
959,2,GET /products?id=15,GET /cart?product_id=15,/products,GET,id=15,,browser,tablet,19,False
959,3,GET /cart?product_id=15,GET /checkout,/cart,GET,product_id=15,,browser,tablet,19,False
959,4,GET /checkout,"POST /payment  body={""amount"": 49.99, ""method"": ""card""}",/checkout,GET,,,browser,tablet,19,False
959,5,"POST /payment  body={""amount"": 49.99, ""method"": ""card""}",END,/payment,POST,,"{""amount"": 49.99, ""method"": ""card""}",browser,tablet,19,True
960,1,GET /products,GET /products?id=44,/products,GET,,,browser,tablet,15,False
960,2,GET /products?id=44,GET /products?id=22,/products,GET,id=44,,browser,tablet,15,False
960,3,GET /products?id=22,GET /products?id=42,/products,GET,id=22,,browser,tablet,15,False
960,4,GET /products?id=42,GET /products?id=22,/products,GET,id=42,,browser,tablet,15,False
960,5,GET /products?id=22,GET /cart?product_id=22,/products,GET,id=22,,browser,tablet,15,False
960,6,GET /cart?product_id=22,END,/cart,GET,product_id=22,,browser,tablet,15,True
961,1,GET /products/filter,"POST /products/filter  body={""gender"":""male"",""category"":""sneakers"",""price"":""high""}",/products/filter,GET,,,buyer,tablet,2,False
961,2,"POST /products/filter  body={""gender"":""male"",""category"":""sneakers"",""price"":""high""}",GET /products,/products/filter,POST,,"{""gender"":""male"",""category"":""sneakers"",""price"":""high""}",buyer,tablet,2,False
961,3,GET /products,"POST /products/filter  body={""gender"":""male"",""category"":""sneakers""}",/products,GET,,,buyer,tablet,2,False
961,4,"POST /products/filter  body={""gender"":""male"",""category"":""sneakers""}",GET /products?id=61,/products/filter,POST,,"{""gender"":""male"",""category"":""sneakers""}",buyer,tablet,2,False
961,5,GET /products?id=61,GET /cart?product_id=61,/products,GET,id=61,,buyer,tablet,2,False
961,6,GET /cart?product_id=61,END,/cart,GET,product_id=61,,buyer,tablet,2,True
962,1,GET /products,GET /products?id=55,/products,GET,,,new_visitor,desktop,8,False
962,2,GET /products?id=55,GET /products?id=73,/products,GET,id=55,,new_visitor,desktop,8,False
962,3,GET /products?id=73,GET /products?id=61,/products,GET,id=73,,new_visitor,desktop,8,False
962,4,GET /products?id=61,GET /reviews?product_id=61,/products,GET,id=61,,new_visitor,desktop,8,False
962,5,GET /reviews?product_id=61,GET /cart?product_id=61,/reviews,GET,product_id=61,,new_visitor,desktop,8,False
962,6,GET /cart?product_id=61,END,/cart,GET,product_id=61,,new_visitor,desktop,8,True
963,1,GET /products,GET /products?id=44,/products,GET,,,buyer,desktop,5,False
963,2,GET /products?id=44,GET /cart?product_id=44,/products,GET,id=44,,buyer,desktop,5,False
963,3,GET /cart?product_id=44,GET /home,/cart,GET,product_id=44,,buyer,desktop,5,False
963,4,GET /home,END,/home,GET,,,buyer,desktop,5,True
964,1,GET /products,GET /products?id=120,/products,GET,,,indecisive,mobile,4,False
964,2,GET /products?id=120,GET /products?id=105,/products,GET,id=120,,indecisive,mobile,4,False
964,3,GET /products?id=105,GET /reviews?product_id=105,/products,GET,id=105,,indecisive,mobile,4,False
964,4,GET /reviews?product_id=105,END,/reviews,GET,product_id=105,,indecisive,mobile,4,True
965,1,GET /products,GET /products?id=73,/products,GET,,,buyer,tablet,14,False
965,2,GET /products?id=73,"POST /wishlist?product_id=73  body={""product_id"": 73}",/products,GET,id=73,,buyer,tablet,14,False
965,3,"POST /wishlist?product_id=73  body={""product_id"": 73}",GET /cart?product_id=73,/wishlist,POST,product_id=73,"{""product_id"": 73}",buyer,tablet,14,False
965,4,GET /cart?product_id=73,END,/cart,GET,product_id=73,,buyer,tablet,14,True
966,1,GET /products/filter,"POST /products/filter  body={""gender"":""female"",""category"":""watch"",""price"":""high""}",/products/filter,GET,,,buyer,tablet,23,False
966,2,"POST /products/filter  body={""gender"":""female"",""category"":""watch"",""price"":""high""}",GET /products,/products/filter,POST,,"{""gender"":""female"",""category"":""watch"",""price"":""high""}",buyer,tablet,23,False
966,3,GET /products,"POST /products/filter  body={""gender"":""female"",""category"":""watch""}",/products,GET,,,buyer,tablet,23,False
966,4,"POST /products/filter  body={""gender"":""female"",""category"":""watch""}",GET /products?id=15,/products/filter,POST,,"{""gender"":""female"",""category"":""watch""}",buyer,tablet,23,False
966,5,GET /products?id=15,GET /cart?product_id=15,/products,GET,id=15,,buyer,tablet,23,False
966,6,GET /cart?product_id=15,END,/cart,GET,product_id=15,,buyer,tablet,23,True
967,1,GET /search?q=wallet,GET /products?id=22,/search,GET,q=wallet,,browser,mobile,5,False
967,2,GET /products?id=22,GET /reviews?product_id=22,/products,GET,id=22,,browser,mobile,5,False
967,3,GET /reviews?product_id=22,END,/reviews,GET,product_id=22,,browser,mobile,5,True
968,1,GET /products/filter,"POST /products/filter  body={""gender"":""unisex"",""category"":""sneakers""}",/products/filter,GET,,,returner,tablet,17,False
968,2,"POST /products/filter  body={""gender"":""unisex"",""category"":""sneakers""}",GET /products?id=15,/products/filter,POST,,"{""gender"":""unisex"",""category"":""sneakers""}",returner,tablet,17,False
968,3,GET /products?id=15,GET /cart?product_id=15,/products,GET,id=15,,returner,tablet,17,False
968,4,GET /cart?product_id=15,END,/cart,GET,product_id=15,,returner,tablet,17,True
969,1,GET /products,GET /products?id=110,/products,GET,,,buyer,tablet,13,False
969,2,GET /products?id=110,GET /cart?product_id=110,/products,GET,id=110,,buyer,tablet,13,False
969,3,GET /cart?product_id=110,END,/cart,GET,product_id=110,,buyer,tablet,13,True
970,1,GET /products?id=55,GET /reviews?product_id=55,/products,GET,id=55,,indecisive,tablet,21,False
970,2,GET /reviews?product_id=55,END,/reviews,GET,product_id=55,,indecisive,tablet,21,True
971,1,GET /products,GET /products?id=15,/products,GET,,,indecisive,desktop,19,False
971,2,GET /products?id=15,GET /reviews?product_id=15,/products,GET,id=15,,indecisive,desktop,19,False
971,3,GET /reviews?product_id=15,GET /products?id=33,/reviews,GET,product_id=15,,indecisive,desktop,19,False
971,4,GET /products?id=33,GET /cart?product_id=33,/products,GET,id=33,,indecisive,desktop,19,False
971,5,GET /cart?product_id=33,END,/cart,GET,product_id=33,,indecisive,desktop,19,True
972,1,GET /products/filter,"POST /products/filter  body={""gender"":""unisex"",""category"":""sneakers""}",/products/filter,GET,,,indecisive,desktop,3,False
972,2,"POST /products/filter  body={""gender"":""unisex"",""category"":""sneakers""}",GET /products?id=11,/products/filter,POST,,"{""gender"":""unisex"",""category"":""sneakers""}",indecisive,desktop,3,False
972,3,GET /products?id=11,GET /cart?product_id=11,/products,GET,id=11,,indecisive,desktop,3,False
972,4,GET /cart?product_id=11,END,/cart,GET,product_id=11,,indecisive,desktop,3,True
973,1,GET /products/filter,"POST /products/filter  body={""gender"":""female"",""category"":""shirt""}",/products/filter,GET,,,new_visitor,mobile,16,False
973,2,"POST /products/filter  body={""gender"":""female"",""category"":""shirt""}",GET /products?id=42,/products/filter,POST,,"{""gender"":""female"",""category"":""shirt""}",new_visitor,mobile,16,False
973,3,GET /products?id=42,GET /reviews?product_id=42,/products,GET,id=42,,new_visitor,mobile,16,False
973,4,GET /reviews?product_id=42,END,/reviews,GET,product_id=42,,new_visitor,mobile,16,True
974,1,GET /search?q=jacket,GET /products?id=55,/search,GET,q=jacket,,browser,mobile,0,False
974,2,GET /products?id=55,GET /cart?product_id=55,/products,GET,id=55,,browser,mobile,0,False
974,3,GET /cart?product_id=55,END,/cart,GET,product_id=55,,browser,mobile,0,True
975,1,GET /products,GET /products?id=15,/products,GET,,,returner,desktop,7,False
975,2,GET /products?id=15,"POST /wishlist?product_id=15  body={""product_id"": 15}",/products,GET,id=15,,returner,desktop,7,False
975,3,"POST /wishlist?product_id=15  body={""product_id"": 15}",GET /cart?product_id=15,/wishlist,POST,product_id=15,"{""product_id"": 15}",returner,desktop,7,False
975,4,GET /cart?product_id=15,END,/cart,GET,product_id=15,,returner,desktop,7,True
976,1,GET /products,GET /products?id=88,/products,GET,,,buyer,mobile,0,False
976,2,GET /products?id=88,GET /products?id=55,/products,GET,id=88,,buyer,mobile,0,False
976,3,GET /products?id=55,GET /reviews?product_id=55,/products,GET,id=55,,buyer,mobile,0,False
976,4,GET /reviews?product_id=55,END,/reviews,GET,product_id=55,,buyer,mobile,0,True
977,1,GET /products,GET /products?id=73,/products,GET,,,browser,mobile,19,False
977,2,GET /products?id=73,GET /reviews?product_id=73,/products,GET,id=73,,browser,mobile,19,False
977,3,GET /reviews?product_id=73,END,/reviews,GET,product_id=73,,browser,mobile,19,True
978,1,GET /search?q=summer skirt,GET /products?id=110,/search,GET,q=summer skirt,,buyer,desktop,9,False
978,2,GET /products?id=110,GET /reviews?product_id=110,/products,GET,id=110,,buyer,desktop,9,False
978,3,GET /reviews?product_id=110,END,/reviews,GET,product_id=110,,buyer,desktop,9,True
979,1,GET /products,GET /products?id=33,/products,GET,,,indecisive,desktop,22,False
979,2,GET /products?id=33,GET /reviews?product_id=33,/products,GET,id=33,,indecisive,desktop,22,False
979,3,GET /reviews?product_id=33,GET /products?id=15,/reviews,GET,product_id=33,,indecisive,desktop,22,False
979,4,GET /products?id=15,GET /cart?product_id=15,/products,GET,id=15,,indecisive,desktop,22,False
979,5,GET /cart?product_id=15,END,/cart,GET,product_id=15,,indecisive,desktop,22,True
980,1,GET /products,GET /products?id=101,/products,GET,,,buyer,mobile,8,False
980,2,GET /products?id=101,GET /cart?product_id=101,/products,GET,id=101,,buyer,mobile,8,False
980,3,GET /cart?product_id=101,GET /checkout,/cart,GET,product_id=101,,buyer,mobile,8,False
980,4,GET /checkout,"POST /payment  body={""amount"": 49.99, ""method"": ""card""}",/checkout,GET,,,buyer,mobile,8,False
980,5,"POST /payment  body={""amount"": 49.99, ""method"": ""card""}",END,/payment,POST,,"{""amount"": 49.99, ""method"": ""card""}",buyer,mobile,8,True
981,1,GET /products/filter,"POST /products/filter  body={""gender"":""male"",""category"":""dress""}",/products/filter,GET,,,returner,desktop,1,False
981,2,"POST /products/filter  body={""gender"":""male"",""category"":""dress""}",GET /products?id=47,/products/filter,POST,,"{""gender"":""male"",""category"":""dress""}",returner,desktop,1,False
981,3,GET /products?id=47,GET /cart?product_id=47,/products,GET,id=47,,returner,desktop,1,False
981,4,GET /cart?product_id=47,END,/cart,GET,product_id=47,,returner,desktop,1,True
982,1,GET /search?q=wallet,GET /products?id=55,/search,GET,q=wallet,,returner,mobile,19,False
982,2,GET /products?id=55,GET /cart?product_id=55,/products,GET,id=55,,returner,mobile,19,False
982,3,GET /cart?product_id=55,END,/cart,GET,product_id=55,,returner,mobile,19,True
983,1,GET /products/filter,"POST /products/filter  body={""gender"":""unisex"",""category"":""skirt""}",/products/filter,GET,,,buyer,tablet,13,False
983,2,"POST /products/filter  body={""gender"":""unisex"",""category"":""skirt""}",GET /products?id=15,/products/filter,POST,,"{""gender"":""unisex"",""category"":""skirt""}",buyer,tablet,13,False
983,3,GET /products?id=15,GET /cart?product_id=15,/products,GET,id=15,,buyer,tablet,13,False
983,4,GET /cart?product_id=15,END,/cart,GET,product_id=15,,buyer,tablet,13,True
984,1,GET /products,GET /products?id=15,/products,GET,,,browser,mobile,2,False
984,2,GET /products?id=15,GET /reviews?product_id=15,/products,GET,id=15,,browser,mobile,2,False
984,3,GET /reviews?product_id=15,END,/reviews,GET,product_id=15,,browser,mobile,2,True
985,1,GET /products,GET /products?id=42,/products,GET,,,browser,desktop,4,False
985,2,GET /products?id=42,GET /reviews?product_id=42,/products,GET,id=42,,browser,desktop,4,False
985,3,GET /reviews?product_id=42,GET /products?id=42,/reviews,GET,product_id=42,,browser,desktop,4,False
985,4,GET /products?id=42,GET /cart?product_id=42,/products,GET,id=42,,browser,desktop,4,False
985,5,GET /cart?product_id=42,END,/cart,GET,product_id=42,,browser,desktop,4,True
986,1,GET /products/filter,"POST /products/filter  body={""gender"":""unisex"",""category"":""shirt""}",/products/filter,GET,,,browser,tablet,12,False
986,2,"POST /products/filter  body={""gender"":""unisex"",""category"":""shirt""}",GET /products?id=42,/products/filter,POST,,"{""gender"":""unisex"",""category"":""shirt""}",browser,tablet,12,False
986,3,GET /products?id=42,GET /cart?product_id=42,/products,GET,id=42,,browser,tablet,12,False
986,4,GET /cart?product_id=42,END,/cart,GET,product_id=42,,browser,tablet,12,True
987,1,GET /search?q=heels,GET /products?id=47,/search,GET,q=heels,,new_visitor,tablet,15,False
987,2,GET /products?id=47,GET /reviews?product_id=47,/products,GET,id=47,,new_visitor,tablet,15,False
987,3,GET /reviews?product_id=47,END,/reviews,GET,product_id=47,,new_visitor,tablet,15,True
988,1,GET /search?q=wallet,GET /products?id=55,/search,GET,q=wallet,,new_visitor,mobile,0,False
988,2,GET /products?id=55,GET /cart?product_id=55,/products,GET,id=55,,new_visitor,mobile,0,False
988,3,GET /cart?product_id=55,END,/cart,GET,product_id=55,,new_visitor,mobile,0,True
989,1,GET /products/filter,"POST /products/filter  body={""gender"":""male"",""category"":""sneakers""}",/products/filter,GET,,,new_visitor,tablet,11,False
989,2,"POST /products/filter  body={""gender"":""male"",""category"":""sneakers""}",GET /products?id=44,/products/filter,POST,,"{""gender"":""male"",""category"":""sneakers""}",new_visitor,tablet,11,False
989,3,GET /products?id=44,GET /reviews?product_id=44,/products,GET,id=44,,new_visitor,tablet,11,False
989,4,GET /reviews?product_id=44,END,/reviews,GET,product_id=44,,new_visitor,tablet,11,True
990,1,GET /products/filter,"POST /products/filter  body={""gender"":""male"",""category"":""skirt"",""price"":""high""}",/products/filter,GET,,,browser,desktop,17,False
990,2,"POST /products/filter  body={""gender"":""male"",""category"":""skirt"",""price"":""high""}",GET /products,/products/filter,POST,,"{""gender"":""male"",""category"":""skirt"",""price"":""high""}",browser,desktop,17,False
990,3,GET /products,"POST /products/filter  body={""gender"":""male"",""category"":""skirt""}",/products,GET,,,browser,desktop,17,False
990,4,"POST /products/filter  body={""gender"":""male"",""category"":""skirt""}",GET /products?id=110,/products/filter,POST,,"{""gender"":""male"",""category"":""skirt""}",browser,desktop,17,False
990,5,GET /products?id=110,GET /cart?product_id=110,/products,GET,id=110,,browser,desktop,17,False
990,6,GET /cart?product_id=110,END,/cart,GET,product_id=110,,browser,desktop,17,True
991,1,GET /products,GET /products?id=44,/products,GET,,,indecisive,tablet,6,False
991,2,GET /products?id=44,GET /reviews?product_id=44,/products,GET,id=44,,indecisive,tablet,6,False
991,3,GET /reviews?product_id=44,END,/reviews,GET,product_id=44,,indecisive,tablet,6,True
992,1,GET /search?q=summer skirt,GET /products?id=39,/search,GET,q=summer skirt,,buyer,desktop,22,False
992,2,GET /products?id=39,GET /cart?product_id=39,/products,GET,id=39,,buyer,desktop,22,False
992,3,GET /cart?product_id=39,END,/cart,GET,product_id=39,,buyer,desktop,22,True
993,1,GET /search?q=leather bag,GET /products?id=61,/search,GET,q=leather bag,,returner,mobile,20,False
993,2,GET /products?id=61,GET /cart?product_id=61,/products,GET,id=61,,returner,mobile,20,False
993,3,GET /cart?product_id=61,END,/cart,GET,product_id=61,,returner,mobile,20,True
994,1,GET /products,GET /products?id=11,/products,GET,,,browser,mobile,0,False
994,2,GET /products?id=11,"POST /wishlist?product_id=11  body={""product_id"": 11}",/products,GET,id=11,,browser,mobile,0,False
994,3,"POST /wishlist?product_id=11  body={""product_id"": 11}",GET /cart?product_id=11,/wishlist,POST,product_id=11,"{""product_id"": 11}",browser,mobile,0,False
994,4,GET /cart?product_id=11,END,/cart,GET,product_id=11,,browser,mobile,0,True
995,1,GET /products,GET /products?id=22,/products,GET,,,returner,desktop,2,False
995,2,GET /products?id=22,GET /cart?product_id=22,/products,GET,id=22,,returner,desktop,2,False
995,3,GET /cart?product_id=22,GET /home,/cart,GET,product_id=22,,returner,desktop,2,False
995,4,GET /home,END,/home,GET,,,returner,desktop,2,True
996,1,GET /products?id=42,GET /cart?product_id=42,/products,GET,id=42,,returner,tablet,14,False
996,2,GET /cart?product_id=42,END,/cart,GET,product_id=42,,returner,tablet,14,True
997,1,GET /products,GET /products?id=55,/products,GET,,,browser,desktop,23,False
997,2,GET /products?id=55,GET /cart?product_id=55,/products,GET,id=55,,browser,desktop,23,False
997,3,GET /cart?product_id=55,END,/cart,GET,product_id=55,,browser,desktop,23,True
998,1,GET /products,GET /products?id=11,/products,GET,,,new_visitor,desktop,21,False
998,2,GET /products?id=11,GET /products?id=47,/products,GET,id=11,,new_visitor,desktop,21,False
998,3,GET /products?id=47,GET /reviews?product_id=47,/products,GET,id=47,,new_visitor,desktop,21,False
998,4,GET /reviews?product_id=47,GET /products?id=44,/reviews,GET,product_id=47,,new_visitor,desktop,21,False
998,5,GET /products?id=44,GET /products?id=61,/products,GET,id=44,,new_visitor,desktop,21,False
998,6,GET /products?id=61,GET /cart?product_id=61,/products,GET,id=61,,new_visitor,desktop,21,False
998,7,GET /cart?product_id=61,END,/cart,GET,product_id=61,,new_visitor,desktop,21,True
999,1,GET /products,GET /products?id=73,/products,GET,,,buyer,tablet,20,False
999,2,GET /products?id=73,GET /cart?product_id=73,/products,GET,id=73,,buyer,tablet,20,False
999,3,GET /cart?product_id=73,END,/cart,GET,product_id=73,,buyer,tablet,20,True
1000,1,GET /products,GET /products?id=47,/products,GET,,,indecisive,mobile,14,False
1000,2,GET /products?id=47,GET /products?id=55,/products,GET,id=47,,indecisive,mobile,14,False
1000,3,GET /products?id=55,GET /products?id=55,/products,GET,id=55,,indecisive,mobile,14,False
1000,4,GET /products?id=55,GET /products?id=120,/products,GET,id=55,,indecisive,mobile,14,False
1000,5,GET /products?id=120,GET /cart?product_id=120,/products,GET,id=120,,indecisive,mobile,14,False
1000,6,GET /cart?product_id=120,END,/cart,GET,product_id=120,,indecisive,mobile,14,True
1001,1,GET /products,GET /products?id=105,/products,GET,,,new_visitor,mobile,2,False
1001,2,GET /products?id=105,GET /cart?product_id=105,/products,GET,id=105,,new_visitor,mobile,2,False
1001,3,GET /cart?product_id=105,GET /home,/cart,GET,product_id=105,,new_visitor,mobile,2,False
1001,4,GET /home,END,/home,GET,,,new_visitor,mobile,2,True
1002,1,GET /search?q=summer skirt,GET /products?id=61,/search,GET,q=summer skirt,,indecisive,tablet,21,False
1002,2,GET /products?id=61,GET /cart?product_id=61,/products,GET,id=61,,indecisive,tablet,21,False
1002,3,GET /cart?product_id=61,END,/cart,GET,product_id=61,,indecisive,tablet,21,True
1003,1,GET /products,GET /products?id=47,/products,GET,,,indecisive,mobile,1,False
1003,2,GET /products?id=47,GET /products?id=55,/products,GET,id=47,,indecisive,mobile,1,False
1003,3,GET /products?id=55,GET /products?id=15,/products,GET,id=55,,indecisive,mobile,1,False
1003,4,GET /products?id=15,GET /cart?product_id=15,/products,GET,id=15,,indecisive,mobile,1,False
1003,5,GET /cart?product_id=15,END,/cart,GET,product_id=15,,indecisive,mobile,1,True
1004,1,GET /products/filter,"POST /products/filter  body={""gender"":""female"",""category"":""sneakers""}",/products/filter,GET,,,returner,mobile,22,False
1004,2,"POST /products/filter  body={""gender"":""female"",""category"":""sneakers""}",GET /products?id=11,/products/filter,POST,,"{""gender"":""female"",""category"":""sneakers""}",returner,mobile,22,False
1004,3,GET /products?id=11,GET /reviews?product_id=11,/products,GET,id=11,,returner,mobile,22,False
1004,4,GET /reviews?product_id=11,END,/reviews,GET,product_id=11,,returner,mobile,22,True
1005,1,GET /products,GET /products?id=101,/products,GET,,,new_visitor,mobile,4,False
1005,2,GET /products?id=101,GET /reviews?product_id=101,/products,GET,id=101,,new_visitor,mobile,4,False
1005,3,GET /reviews?product_id=101,END,/reviews,GET,product_id=101,,new_visitor,mobile,4,True
1006,1,GET /products,GET /products?id=73,/products,GET,,,browser,desktop,2,False
1006,2,GET /products?id=73,GET /reviews?product_id=73,/products,GET,id=73,,browser,desktop,2,False
1006,3,GET /reviews?product_id=73,END,/reviews,GET,product_id=73,,browser,desktop,2,True
1007,1,GET /products,GET /products?id=120,/products,GET,,,new_visitor,desktop,13,False
1007,2,GET /products?id=120,"POST /wishlist?product_id=120  body={""product_id"": 120}",/products,GET,id=120,,new_visitor,desktop,13,False
1007,3,"POST /wishlist?product_id=120  body={""product_id"": 120}",GET /cart?product_id=120,/wishlist,POST,product_id=120,"{""product_id"": 120}",new_visitor,desktop,13,False
1007,4,GET /cart?product_id=120,END,/cart,GET,product_id=120,,new_visitor,desktop,13,True
1008,1,GET /products,GET /products?id=110,/products,GET,,,buyer,mobile,4,False
1008,2,GET /products?id=110,GET /products?id=105,/products,GET,id=110,,buyer,mobile,4,False
1008,3,GET /products?id=105,GET /products?id=11,/products,GET,id=105,,buyer,mobile,4,False
1008,4,GET /products?id=11,GET /products?id=73,/products,GET,id=11,,buyer,mobile,4,False
1008,5,GET /products?id=73,GET /cart?product_id=73,/products,GET,id=73,,buyer,mobile,4,False
1008,6,GET /cart?product_id=73,END,/cart,GET,product_id=73,,buyer,mobile,4,True
1009,1,GET /products,GET /products?id=47,/products,GET,,,browser,tablet,5,False
1009,2,GET /products?id=47,"POST /wishlist?product_id=47  body={""product_id"": 47}",/products,GET,id=47,,browser,tablet,5,False
1009,3,"POST /wishlist?product_id=47  body={""product_id"": 47}",GET /cart?product_id=47,/wishlist,POST,product_id=47,"{""product_id"": 47}",browser,tablet,5,False
1009,4,GET /cart?product_id=47,END,/cart,GET,product_id=47,,browser,tablet,5,True
1010,1,GET /products,GET /products?id=11,/products,GET,,,indecisive,desktop,13,False
1010,2,GET /products?id=11,GET /cart?product_id=11,/products,GET,id=11,,indecisive,desktop,13,False
1010,3,GET /cart?product_id=11,END,/cart,GET,product_id=11,,indecisive,desktop,13,True
1011,1,GET /products/filter,"POST /products/filter  body={""gender"":""female"",""category"":""sneakers""}",/products/filter,GET,,,new_visitor,mobile,19,False
1011,2,"POST /products/filter  body={""gender"":""female"",""category"":""sneakers""}",GET /products?id=88,/products/filter,POST,,"{""gender"":""female"",""category"":""sneakers""}",new_visitor,mobile,19,False
1011,3,GET /products?id=88,GET /reviews?product_id=88,/products,GET,id=88,,new_visitor,mobile,19,False
1011,4,GET /reviews?product_id=88,END,/reviews,GET,product_id=88,,new_visitor,mobile,19,True
1012,1,GET /products,GET /products?id=61,/products,GET,,,indecisive,mobile,6,False
1012,2,GET /products?id=61,GET /cart?product_id=61,/products,GET,id=61,,indecisive,mobile,6,False
1012,3,GET /cart?product_id=61,END,/cart,GET,product_id=61,,indecisive,mobile,6,True
1013,1,GET /products,GET /products?id=44,/products,GET,,,returner,desktop,5,False
1013,2,GET /products?id=44,GET /cart?product_id=44,/products,GET,id=44,,returner,desktop,5,False
1013,3,GET /cart?product_id=44,END,/cart,GET,product_id=44,,returner,desktop,5,True
1014,1,GET /search?q=office shirt,GET /products?id=110,/search,GET,q=office shirt,,indecisive,desktop,6,False
1014,2,GET /products?id=110,GET /cart?product_id=110,/products,GET,id=110,,indecisive,desktop,6,False
1014,3,GET /cart?product_id=110,END,/cart,GET,product_id=110,,indecisive,desktop,6,True
1015,1,GET /products,GET /products?id=73,/products,GET,,,browser,mobile,23,False
1015,2,GET /products?id=73,GET /cart?product_id=73,/products,GET,id=73,,browser,mobile,23,False
1015,3,GET /cart?product_id=73,END,/cart,GET,product_id=73,,browser,mobile,23,True
1016,1,GET /products,GET /products?id=11,/products,GET,,,browser,desktop,16,False
1016,2,GET /products?id=11,GET /reviews?product_id=11,/products,GET,id=11,,browser,desktop,16,False
1016,3,GET /reviews?product_id=11,END,/reviews,GET,product_id=11,,browser,desktop,16,True
1017,1,GET /search?q=office shirt,GET /products?id=11,/search,GET,q=office shirt,,new_visitor,tablet,10,False
1017,2,GET /products?id=11,GET /cart?product_id=11,/products,GET,id=11,,new_visitor,tablet,10,False
1017,3,GET /cart?product_id=11,END,/cart,GET,product_id=11,,new_visitor,tablet,10,True
1018,1,GET /products,GET /products?id=105,/products,GET,,,browser,desktop,7,False
1018,2,GET /products?id=105,GET /reviews?product_id=105,/products,GET,id=105,,browser,desktop,7,False
1018,3,GET /reviews?product_id=105,END,/reviews,GET,product_id=105,,browser,desktop,7,True
1019,1,GET /search?q=wallet,GET /products?id=44,/search,GET,q=wallet,,returner,mobile,2,False
1019,2,GET /products?id=44,GET /reviews?product_id=44,/products,GET,id=44,,returner,mobile,2,False
1019,3,GET /reviews?product_id=44,END,/reviews,GET,product_id=44,,returner,mobile,2,True
1020,1,GET /products?id=110,GET /cart?product_id=110,/products,GET,id=110,,returner,mobile,6,False
1020,2,GET /cart?product_id=110,END,/cart,GET,product_id=110,,returner,mobile,6,True
1021,1,GET /products,GET /products?id=39,/products,GET,,,indecisive,mobile,14,False
1021,2,GET /products?id=39,"POST /wishlist?product_id=39  body={""product_id"": 39}",/products,GET,id=39,,indecisive,mobile,14,False
1021,3,"POST /wishlist?product_id=39  body={""product_id"": 39}",GET /cart?product_id=39,/wishlist,POST,product_id=39,"{""product_id"": 39}",indecisive,mobile,14,False
1021,4,GET /cart?product_id=39,END,/cart,GET,product_id=39,,indecisive,mobile,14,True
1022,1,GET /products,GET /products?id=44,/products,GET,,,indecisive,mobile,10,False
1022,2,GET /products?id=44,GET /cart?product_id=44,/products,GET,id=44,,indecisive,mobile,10,False
1022,3,GET /cart?product_id=44,END,/cart,GET,product_id=44,,indecisive,mobile,10,True
1023,1,GET /search?q=office shirt,GET /products?id=11,/search,GET,q=office shirt,,browser,desktop,14,False
1023,2,GET /products?id=11,GET /cart?product_id=11,/products,GET,id=11,,browser,desktop,14,False
1023,3,GET /cart?product_id=11,END,/cart,GET,product_id=11,,browser,desktop,14,True
1024,1,GET /products,GET /products?id=73,/products,GET,,,indecisive,tablet,5,False
1024,2,GET /products?id=73,GET /cart?product_id=73,/products,GET,id=73,,indecisive,tablet,5,False
1024,3,GET /cart?product_id=73,GET /home,/cart,GET,product_id=73,,indecisive,tablet,5,False
1024,4,GET /home,END,/home,GET,,,indecisive,tablet,5,True
1025,1,GET /products,GET /products?id=120,/products,GET,,,new_visitor,tablet,7,False
1025,2,GET /products?id=120,GET /reviews?product_id=120,/products,GET,id=120,,new_visitor,tablet,7,False
1025,3,GET /reviews?product_id=120,END,/reviews,GET,product_id=120,,new_visitor,tablet,7,True
1026,1,GET /products/filter,"POST /products/filter  body={""gender"":""male"",""category"":""skirt"",""price"":""high""}",/products/filter,GET,,,buyer,tablet,15,False
1026,2,"POST /products/filter  body={""gender"":""male"",""category"":""skirt"",""price"":""high""}",GET /products,/products/filter,POST,,"{""gender"":""male"",""category"":""skirt"",""price"":""high""}",buyer,tablet,15,False
1026,3,GET /products,"POST /products/filter  body={""gender"":""male"",""category"":""skirt""}",/products,GET,,,buyer,tablet,15,False
1026,4,"POST /products/filter  body={""gender"":""male"",""category"":""skirt""}",GET /products?id=105,/products/filter,POST,,"{""gender"":""male"",""category"":""skirt""}",buyer,tablet,15,False
1026,5,GET /products?id=105,GET /cart?product_id=105,/products,GET,id=105,,buyer,tablet,15,False
1026,6,GET /cart?product_id=105,END,/cart,GET,product_id=105,,buyer,tablet,15,True
1027,1,GET /search?q=leather bag,GET /products?id=61,/search,GET,q=leather bag,,buyer,mobile,10,False
1027,2,GET /products?id=61,GET /cart?product_id=61,/products,GET,id=61,,buyer,mobile,10,False
1027,3,GET /cart?product_id=61,END,/cart,GET,product_id=61,,buyer,mobile,10,True
1028,1,GET /products?id=44,GET /reviews?product_id=44,/products,GET,id=44,,new_visitor,mobile,13,False
1028,2,GET /reviews?product_id=44,END,/reviews,GET,product_id=44,,new_visitor,mobile,13,True
1029,1,GET /home,GET /category?type=men,/home,GET,,,new_visitor,mobile,13,False
1029,2,GET /category?type=men,GET /products?id=11,/category,GET,type=men,,new_visitor,mobile,13,False
1029,3,GET /products?id=11,GET /cart?product_id=11,/products,GET,id=11,,new_visitor,mobile,13,False
1029,4,GET /cart?product_id=11,END,/cart,GET,product_id=11,,new_visitor,mobile,13,True
1030,1,GET /products,GET /products?id=42,/products,GET,,,returner,desktop,7,False
1030,2,GET /products?id=42,GET /cart?product_id=42,/products,GET,id=42,,returner,desktop,7,False
1030,3,GET /cart?product_id=42,END,/cart,GET,product_id=42,,returner,desktop,7,True
1031,1,GET /products/filter,"POST /products/filter  body={""gender"":""female"",""category"":""skirt""}",/products/filter,GET,,,returner,mobile,4,False
1031,2,"POST /products/filter  body={""gender"":""female"",""category"":""skirt""}",GET /products?id=42,/products/filter,POST,,"{""gender"":""female"",""category"":""skirt""}",returner,mobile,4,False
1031,3,GET /products?id=42,GET /reviews?product_id=42,/products,GET,id=42,,returner,mobile,4,False
1031,4,GET /reviews?product_id=42,END,/reviews,GET,product_id=42,,returner,mobile,4,True
1032,1,GET /products,GET /products?id=110,/products,GET,,,returner,tablet,9,False
1032,2,GET /products?id=110,GET /reviews?product_id=110,/products,GET,id=110,,returner,tablet,9,False
1032,3,GET /reviews?product_id=110,END,/reviews,GET,product_id=110,,returner,tablet,9,True
1033,1,GET /search?q=running shoes,GET /products?id=101,/search,GET,q=running shoes,,new_visitor,mobile,14,False
1033,2,GET /products?id=101,GET /reviews?product_id=101,/products,GET,id=101,,new_visitor,mobile,14,False
1033,3,GET /reviews?product_id=101,END,/reviews,GET,product_id=101,,new_visitor,mobile,14,True
1034,1,GET /search?q=red dress,GET /products?id=47,/search,GET,q=red dress,,buyer,desktop,20,False
1034,2,GET /products?id=47,GET /reviews?product_id=47,/products,GET,id=47,,buyer,desktop,20,False
1034,3,GET /reviews?product_id=47,END,/reviews,GET,product_id=47,,buyer,desktop,20,True
1035,1,GET /home,GET /category?type=men,/home,GET,,,returner,tablet,10,False
1035,2,GET /category?type=men,GET /products?id=33,/category,GET,type=men,,returner,tablet,10,False
1035,3,GET /products?id=33,GET /cart?product_id=33,/products,GET,id=33,,returner,tablet,10,False
1035,4,GET /cart?product_id=33,END,/cart,GET,product_id=33,,returner,tablet,10,True
1036,1,GET /home,GET /category?type=women,/home,GET,,,indecisive,tablet,19,False
1036,2,GET /category?type=women,GET /products?id=88,/category,GET,type=women,,indecisive,tablet,19,False
1036,3,GET /products?id=88,GET /cart?product_id=88,/products,GET,id=88,,indecisive,tablet,19,False
1036,4,GET /cart?product_id=88,END,/cart,GET,product_id=88,,indecisive,tablet,19,True
1037,1,GET /products,GET /products?id=44,/products,GET,,,browser,tablet,10,False
1037,2,GET /products?id=44,GET /cart?product_id=44,/products,GET,id=44,,browser,tablet,10,False
1037,3,GET /cart?product_id=44,GET /checkout,/cart,GET,product_id=44,,browser,tablet,10,False
1037,4,GET /checkout,"POST /payment  body={""amount"": 49.99, ""method"": ""card""}",/checkout,GET,,,browser,tablet,10,False
1037,5,"POST /payment  body={""amount"": 49.99, ""method"": ""card""}",END,/payment,POST,,"{""amount"": 49.99, ""method"": ""card""}",browser,tablet,10,True
1038,1,GET /products,GET /products?id=101,/products,GET,,,new_visitor,tablet,11,False
1038,2,GET /products?id=101,GET /products?id=39,/products,GET,id=101,,new_visitor,tablet,11,False
1038,3,GET /products?id=39,GET /products?id=110,/products,GET,id=39,,new_visitor,tablet,11,False
1038,4,GET /products?id=110,GET /reviews?product_id=110,/products,GET,id=110,,new_visitor,tablet,11,False
1038,5,GET /reviews?product_id=110,GET /cart?product_id=110,/reviews,GET,product_id=110,,new_visitor,tablet,11,False
1038,6,GET /cart?product_id=110,END,/cart,GET,product_id=110,,new_visitor,tablet,11,True
1039,1,GET /home,GET /category?type=women,/home,GET,,,new_visitor,tablet,2,False
1039,2,GET /category?type=women,GET /products?id=44,/category,GET,type=women,,new_visitor,tablet,2,False
1039,3,GET /products?id=44,GET /cart?product_id=44,/products,GET,id=44,,new_visitor,tablet,2,False
1039,4,GET /cart?product_id=44,END,/cart,GET,product_id=44,,new_visitor,tablet,2,True
1040,1,GET /products,GET /products?id=120,/products,GET,,,indecisive,mobile,17,False
1040,2,GET /products?id=120,GET /reviews?product_id=120,/products,GET,id=120,,indecisive,mobile,17,False
1040,3,GET /reviews?product_id=120,END,/reviews,GET,product_id=120,,indecisive,mobile,17,True
1041,1,GET /products,GET /products?id=11,/products,GET,,,new_visitor,tablet,6,False
1041,2,GET /products?id=11,GET /cart?product_id=11,/products,GET,id=11,,new_visitor,tablet,6,False
1041,3,GET /cart?product_id=11,GET /checkout,/cart,GET,product_id=11,,new_visitor,tablet,6,False
1041,4,GET /checkout,"POST /payment  body={""amount"": 49.99, ""method"": ""card""}",/checkout,GET,,,new_visitor,tablet,6,False
1041,5,"POST /payment  body={""amount"": 49.99, ""method"": ""card""}",END,/payment,POST,,"{""amount"": 49.99, ""method"": ""card""}",new_visitor,tablet,6,True
1042,1,GET /home,GET /category?type=men,/home,GET,,,indecisive,desktop,8,False
1042,2,GET /category?type=men,GET /products?id=22,/category,GET,type=men,,indecisive,desktop,8,False
1042,3,GET /products?id=22,GET /cart?product_id=22,/products,GET,id=22,,indecisive,desktop,8,False
1042,4,GET /cart?product_id=22,END,/cart,GET,product_id=22,,indecisive,desktop,8,True
1043,1,GET /products/filter,"POST /products/filter  body={""gender"":""male"",""category"":""skirt""}",/products/filter,GET,,,browser,mobile,11,False
1043,2,"POST /products/filter  body={""gender"":""male"",""category"":""skirt""}",GET /products?id=120,/products/filter,POST,,"{""gender"":""male"",""category"":""skirt""}",browser,mobile,11,False
1043,3,GET /products?id=120,GET /reviews?product_id=120,/products,GET,id=120,,browser,mobile,11,False
1043,4,GET /reviews?product_id=120,END,/reviews,GET,product_id=120,,browser,mobile,11,True
1044,1,GET /products,GET /products?id=110,/products,GET,,,new_visitor,tablet,17,False
1044,2,GET /products?id=110,GET /reviews?product_id=110,/products,GET,id=110,,new_visitor,tablet,17,False
1044,3,GET /reviews?product_id=110,GET /products?id=39,/reviews,GET,product_id=110,,new_visitor,tablet,17,False
1044,4,GET /products?id=39,GET /cart?product_id=39,/products,GET,id=39,,new_visitor,tablet,17,False
1044,5,GET /cart?product_id=39,END,/cart,GET,product_id=39,,new_visitor,tablet,17,True
1045,1,GET /products,GET /products?id=101,/products,GET,,,browser,mobile,14,False
1045,2,GET /products?id=101,GET /reviews?product_id=101,/products,GET,id=101,,browser,mobile,14,False
1045,3,GET /reviews?product_id=101,END,/reviews,GET,product_id=101,,browser,mobile,14,True
1046,1,GET /products,GET /products?id=55,/products,GET,,,indecisive,mobile,3,False
1046,2,GET /products?id=55,GET /cart?product_id=55,/products,GET,id=55,,indecisive,mobile,3,False
1046,3,GET /cart?product_id=55,END,/cart,GET,product_id=55,,indecisive,mobile,3,True
1047,1,GET /home,GET /category?type=accessories,/home,GET,,,returner,mobile,6,False
1047,2,GET /category?type=accessories,GET /products?id=101,/category,GET,type=accessories,,returner,mobile,6,False
1047,3,GET /products?id=101,GET /cart?product_id=101,/products,GET,id=101,,returner,mobile,6,False
1047,4,GET /cart?product_id=101,END,/cart,GET,product_id=101,,returner,mobile,6,True
1048,1,GET /home,GET /category?type=women,/home,GET,,,indecisive,desktop,21,False
1048,2,GET /category?type=women,GET /products?id=55,/category,GET,type=women,,indecisive,desktop,21,False
1048,3,GET /products?id=55,GET /cart?product_id=55,/products,GET,id=55,,indecisive,desktop,21,False
1048,4,GET /cart?product_id=55,END,/cart,GET,product_id=55,,indecisive,desktop,21,True
1049,1,GET /products,GET /products?id=42,/products,GET,,,indecisive,desktop,14,False
1049,2,GET /products?id=42,GET /cart?product_id=42,/products,GET,id=42,,indecisive,desktop,14,False
1049,3,GET /cart?product_id=42,GET /checkout,/cart,GET,product_id=42,,indecisive,desktop,14,False
1049,4,GET /checkout,"POST /payment  body={""amount"": 49.99, ""method"": ""card""}",/checkout,GET,,,indecisive,desktop,14,False
1049,5,"POST /payment  body={""amount"": 49.99, ""method"": ""card""}",END,/payment,POST,,"{""amount"": 49.99, ""method"": ""card""}",indecisive,desktop,14,True
1050,1,GET /products,GET /products?id=11,/products,GET,,,indecisive,mobile,2,False
1050,2,GET /products?id=11,GET /reviews?product_id=11,/products,GET,id=11,,indecisive,mobile,2,False
1050,3,GET /reviews?product_id=11,END,/reviews,GET,product_id=11,,indecisive,mobile,2,True
1051,1,GET /search?q=office shirt,GET /products?id=33,/search,GET,q=office shirt,,new_visitor,tablet,10,False
1051,2,GET /products?id=33,GET /cart?product_id=33,/products,GET,id=33,,new_visitor,tablet,10,False
1051,3,GET /cart?product_id=33,END,/cart,GET,product_id=33,,new_visitor,tablet,10,True
1052,1,GET /products,GET /products?id=110,/products,GET,,,returner,tablet,21,False
1052,2,GET /products?id=110,"POST /wishlist?product_id=110  body={""product_id"": 110}",/products,GET,id=110,,returner,tablet,21,False
1052,3,"POST /wishlist?product_id=110  body={""product_id"": 110}",GET /cart?product_id=110,/wishlist,POST,product_id=110,"{""product_id"": 110}",returner,tablet,21,False
1052,4,GET /cart?product_id=110,END,/cart,GET,product_id=110,,returner,tablet,21,True
1053,1,GET /products,GET /products?id=22,/products,GET,,,returner,desktop,18,False
1053,2,GET /products?id=22,GET /cart?product_id=22,/products,GET,id=22,,returner,desktop,18,False
1053,3,GET /cart?product_id=22,END,/cart,GET,product_id=22,,returner,desktop,18,True
1054,1,GET /products/filter,"POST /products/filter  body={""gender"":""male"",""category"":""skirt""}",/products/filter,GET,,,indecisive,mobile,15,False
1054,2,"POST /products/filter  body={""gender"":""male"",""category"":""skirt""}",GET /products?id=61,/products/filter,POST,,"{""gender"":""male"",""category"":""skirt""}",indecisive,mobile,15,False
1054,3,GET /products?id=61,GET /reviews?product_id=61,/products,GET,id=61,,indecisive,mobile,15,False
1054,4,GET /reviews?product_id=61,END,/reviews,GET,product_id=61,,indecisive,mobile,15,True
1055,1,GET /products?id=73,GET /reviews?product_id=73,/products,GET,id=73,,indecisive,desktop,14,False
1055,2,GET /reviews?product_id=73,END,/reviews,GET,product_id=73,,indecisive,desktop,14,True
1056,1,GET /products/filter,"POST /products/filter  body={""gender"":""female"",""category"":""skirt"",""price"":""high""}",/products/filter,GET,,,indecisive,mobile,5,False
1056,2,"POST /products/filter  body={""gender"":""female"",""category"":""skirt"",""price"":""high""}",GET /products,/products/filter,POST,,"{""gender"":""female"",""category"":""skirt"",""price"":""high""}",indecisive,mobile,5,False
1056,3,GET /products,"POST /products/filter  body={""gender"":""female"",""category"":""skirt""}",/products,GET,,,indecisive,mobile,5,False
1056,4,"POST /products/filter  body={""gender"":""female"",""category"":""skirt""}",GET /products?id=11,/products/filter,POST,,"{""gender"":""female"",""category"":""skirt""}",indecisive,mobile,5,False
1056,5,GET /products?id=11,GET /cart?product_id=11,/products,GET,id=11,,indecisive,mobile,5,False
1056,6,GET /cart?product_id=11,END,/cart,GET,product_id=11,,indecisive,mobile,5,True
1057,1,GET /products,GET /products?id=15,/products,GET,,,browser,mobile,10,False
1057,2,GET /products?id=15,GET /products?id=39,/products,GET,id=15,,browser,mobile,10,False
1057,3,GET /products?id=39,GET /products?id=73,/products,GET,id=39,,browser,mobile,10,False
1057,4,GET /products?id=73,GET /cart?product_id=73,/products,GET,id=73,,browser,mobile,10,False
1057,5,GET /cart?product_id=73,END,/cart,GET,product_id=73,,browser,mobile,10,True
1058,1,GET /products?id=61,GET /cart?product_id=61,/products,GET,id=61,,browser,tablet,10,False
1058,2,GET /cart?product_id=61,END,/cart,GET,product_id=61,,browser,tablet,10,True
1059,1,GET /products/filter,"POST /products/filter  body={""gender"":""female"",""category"":""sneakers""}",/products/filter,GET,,,new_visitor,mobile,17,False
1059,2,"POST /products/filter  body={""gender"":""female"",""category"":""sneakers""}",GET /products?id=61,/products/filter,POST,,"{""gender"":""female"",""category"":""sneakers""}",new_visitor,mobile,17,False
1059,3,GET /products?id=61,GET /cart?product_id=61,/products,GET,id=61,,new_visitor,mobile,17,False
1059,4,GET /cart?product_id=61,END,/cart,GET,product_id=61,,new_visitor,mobile,17,True
1060,1,GET /products,GET /products?id=33,/products,GET,,,returner,desktop,4,False
1060,2,GET /products?id=33,GET /cart?product_id=33,/products,GET,id=33,,returner,desktop,4,False
1060,3,GET /cart?product_id=33,END,/cart,GET,product_id=33,,returner,desktop,4,True
1061,1,GET /products?id=61,GET /reviews?product_id=61,/products,GET,id=61,,indecisive,desktop,9,False
1061,2,GET /reviews?product_id=61,END,/reviews,GET,product_id=61,,indecisive,desktop,9,True
1062,1,GET /products,GET /products?id=120,/products,GET,,,returner,desktop,22,False
1062,2,GET /products?id=120,GET /reviews?product_id=120,/products,GET,id=120,,returner,desktop,22,False
1062,3,GET /reviews?product_id=120,END,/reviews,GET,product_id=120,,returner,desktop,22,True
1063,1,GET /products,GET /products?id=42,/products,GET,,,buyer,tablet,17,False
1063,2,GET /products?id=42,GET /cart?product_id=42,/products,GET,id=42,,buyer,tablet,17,False
1063,3,GET /cart?product_id=42,END,/cart,GET,product_id=42,,buyer,tablet,17,True
1064,1,GET /products,GET /products?id=44,/products,GET,,,buyer,desktop,11,False
1064,2,GET /products?id=44,GET /cart?product_id=44,/products,GET,id=44,,buyer,desktop,11,False
1064,3,GET /cart?product_id=44,END,/cart,GET,product_id=44,,buyer,desktop,11,True
1065,1,GET /products/filter,"POST /products/filter  body={""gender"":""male"",""category"":""dress"",""price"":""low""}",/products/filter,GET,,,buyer,tablet,16,False
1065,2,"POST /products/filter  body={""gender"":""male"",""category"":""dress"",""price"":""low""}",GET /products?id=47,/products/filter,POST,,"{""gender"":""male"",""category"":""dress"",""price"":""low""}",buyer,tablet,16,False
1065,3,GET /products?id=47,GET /cart?product_id=47,/products,GET,id=47,,buyer,tablet,16,False
1065,4,GET /cart?product_id=47,END,/cart,GET,product_id=47,,buyer,tablet,16,True
1066,1,GET /products,GET /products?id=47,/products,GET,,,new_visitor,desktop,21,False
1066,2,GET /products?id=47,GET /reviews?product_id=47,/products,GET,id=47,,new_visitor,desktop,21,False
1066,3,GET /reviews?product_id=47,GET /products?id=47,/reviews,GET,product_id=47,,new_visitor,desktop,21,False
1066,4,GET /products?id=47,GET /cart?product_id=47,/products,GET,id=47,,new_visitor,desktop,21,False
1066,5,GET /cart?product_id=47,END,/cart,GET,product_id=47,,new_visitor,desktop,21,True
1067,1,GET /search?q=sunglasses,GET /products?id=44,/search,GET,q=sunglasses,,new_visitor,desktop,6,False
1067,2,GET /products?id=44,GET /reviews?product_id=44,/products,GET,id=44,,new_visitor,desktop,6,False
1067,3,GET /reviews?product_id=44,END,/reviews,GET,product_id=44,,new_visitor,desktop,6,True
1068,1,GET /products,GET /products?id=105,/products,GET,,,indecisive,desktop,4,False
1068,2,GET /products?id=105,"POST /wishlist?product_id=105  body={""product_id"": 105}",/products,GET,id=105,,indecisive,desktop,4,False
1068,3,"POST /wishlist?product_id=105  body={""product_id"": 105}",GET /cart?product_id=105,/wishlist,POST,product_id=105,"{""product_id"": 105}",indecisive,desktop,4,False
1068,4,GET /cart?product_id=105,END,/cart,GET,product_id=105,,indecisive,desktop,4,True
1069,1,GET /products,GET /products?id=39,/products,GET,,,indecisive,desktop,11,False
1069,2,GET /products?id=39,GET /cart?product_id=39,/products,GET,id=39,,indecisive,desktop,11,False
1069,3,GET /cart?product_id=39,END,/cart,GET,product_id=39,,indecisive,desktop,11,True
1070,1,GET /products/filter,"POST /products/filter  body={""gender"":""male"",""category"":""sneakers""}",/products/filter,GET,,,returner,tablet,2,False
1070,2,"POST /products/filter  body={""gender"":""male"",""category"":""sneakers""}",GET /products?id=22,/products/filter,POST,,"{""gender"":""male"",""category"":""sneakers""}",returner,tablet,2,False
1070,3,GET /products?id=22,GET /cart?product_id=22,/products,GET,id=22,,returner,tablet,2,False
1070,4,GET /cart?product_id=22,END,/cart,GET,product_id=22,,returner,tablet,2,True
1071,1,GET /products,GET /products?id=105,/products,GET,,,buyer,tablet,13,False
1071,2,GET /products?id=105,GET /cart?product_id=105,/products,GET,id=105,,buyer,tablet,13,False
1071,3,GET /cart?product_id=105,GET /checkout,/cart,GET,product_id=105,,buyer,tablet,13,False
1071,4,GET /checkout,"POST /payment  body={""amount"": 49.99, ""method"": ""card""}",/checkout,GET,,,buyer,tablet,13,False
1071,5,"POST /payment  body={""amount"": 49.99, ""method"": ""card""}",END,/payment,POST,,"{""amount"": 49.99, ""method"": ""card""}",buyer,tablet,13,True
1072,1,GET /products,GET /products?id=88,/products,GET,,,buyer,tablet,19,False
1072,2,GET /products?id=88,GET /cart?product_id=88,/products,GET,id=88,,buyer,tablet,19,False
1072,3,GET /cart?product_id=88,END,/cart,GET,product_id=88,,buyer,tablet,19,True
1073,1,GET /products?id=101,GET /cart?product_id=101,/products,GET,id=101,,new_visitor,desktop,2,False
1073,2,GET /cart?product_id=101,END,/cart,GET,product_id=101,,new_visitor,desktop,2,True
1074,1,GET /search?q=jacket,GET /products?id=110,/search,GET,q=jacket,,returner,tablet,8,False
1074,2,GET /products?id=110,GET /cart?product_id=110,/products,GET,id=110,,returner,tablet,8,False
1074,3,GET /cart?product_id=110,END,/cart,GET,product_id=110,,returner,tablet,8,True
1075,1,GET /products,GET /products?id=101,/products,GET,,,new_visitor,mobile,6,False
1075,2,GET /products?id=101,GET /cart?product_id=101,/products,GET,id=101,,new_visitor,mobile,6,False
1075,3,GET /cart?product_id=101,END,/cart,GET,product_id=101,,new_visitor,mobile,6,True
1076,1,GET /products/filter,"POST /products/filter  body={""gender"":""male"",""category"":""sneakers"",""price"":""high""}",/products/filter,GET,,,returner,mobile,9,False
1076,2,"POST /products/filter  body={""gender"":""male"",""category"":""sneakers"",""price"":""high""}",GET /products,/products/filter,POST,,"{""gender"":""male"",""category"":""sneakers"",""price"":""high""}",returner,mobile,9,False
1076,3,GET /products,"POST /products/filter  body={""gender"":""male"",""category"":""sneakers""}",/products,GET,,,returner,mobile,9,False
1076,4,"POST /products/filter  body={""gender"":""male"",""category"":""sneakers""}",GET /products?id=110,/products/filter,POST,,"{""gender"":""male"",""category"":""sneakers""}",returner,mobile,9,False
1076,5,GET /products?id=110,GET /cart?product_id=110,/products,GET,id=110,,returner,mobile,9,False
1076,6,GET /cart?product_id=110,END,/cart,GET,product_id=110,,returner,mobile,9,True
1077,1,GET /products,GET /products?id=22,/products,GET,,,buyer,mobile,0,False
1077,2,GET /products?id=22,GET /reviews?product_id=22,/products,GET,id=22,,buyer,mobile,0,False
1077,3,GET /reviews?product_id=22,END,/reviews,GET,product_id=22,,buyer,mobile,0,True
1078,1,GET /products,GET /products?id=22,/products,GET,,,returner,mobile,20,False
1078,2,GET /products?id=22,GET /reviews?product_id=22,/products,GET,id=22,,returner,mobile,20,False
1078,3,GET /reviews?product_id=22,GET /products?id=22,/reviews,GET,product_id=22,,returner,mobile,20,False
1078,4,GET /products?id=22,GET /cart?product_id=22,/products,GET,id=22,,returner,mobile,20,False
1078,5,GET /cart?product_id=22,END,/cart,GET,product_id=22,,returner,mobile,20,True
1079,1,GET /products,GET /products?id=11,/products,GET,,,returner,mobile,15,False
1079,2,GET /products?id=11,GET /reviews?product_id=11,/products,GET,id=11,,returner,mobile,15,False
1079,3,GET /reviews?product_id=11,GET /products?id=42,/reviews,GET,product_id=11,,returner,mobile,15,False
1079,4,GET /products?id=42,GET /cart?product_id=42,/products,GET,id=42,,returner,mobile,15,False
1079,5,GET /cart?product_id=42,END,/cart,GET,product_id=42,,returner,mobile,15,True
1080,1,GET /products?id=47,GET /cart?product_id=47,/products,GET,id=47,,browser,desktop,15,False
1080,2,GET /cart?product_id=47,END,/cart,GET,product_id=47,,browser,desktop,15,True
1081,1,GET /home,GET /category?type=men,/home,GET,,,indecisive,tablet,15,False
1081,2,GET /category?type=men,GET /products?id=33,/category,GET,type=men,,indecisive,tablet,15,False
1081,3,GET /products?id=33,GET /cart?product_id=33,/products,GET,id=33,,indecisive,tablet,15,False
1081,4,GET /cart?product_id=33,END,/cart,GET,product_id=33,,indecisive,tablet,15,True
1082,1,GET /products,GET /products?id=42,/products,GET,,,browser,desktop,16,False
1082,2,GET /products?id=42,GET /cart?product_id=42,/products,GET,id=42,,browser,desktop,16,False
1082,3,GET /cart?product_id=42,GET /checkout,/cart,GET,product_id=42,,browser,desktop,16,False
1082,4,GET /checkout,"POST /payment  body={""amount"": 49.99, ""method"": ""card""}",/checkout,GET,,,browser,desktop,16,False
1082,5,"POST /payment  body={""amount"": 49.99, ""method"": ""card""}",END,/payment,POST,,"{""amount"": 49.99, ""method"": ""card""}",browser,desktop,16,True
1083,1,GET /products,GET /products?id=33,/products,GET,,,indecisive,mobile,18,False
1083,2,GET /products?id=33,GET /cart?product_id=33,/products,GET,id=33,,indecisive,mobile,18,False
1083,3,GET /cart?product_id=33,END,/cart,GET,product_id=33,,indecisive,mobile,18,True
1084,1,GET /products,GET /products?id=39,/products,GET,,,buyer,desktop,5,False
1084,2,GET /products?id=39,GET /cart?product_id=39,/products,GET,id=39,,buyer,desktop,5,False
1084,3,GET /cart?product_id=39,END,/cart,GET,product_id=39,,buyer,desktop,5,True
1085,1,GET /products/filter,"POST /products/filter  body={""gender"":""unisex"",""category"":""skirt""}",/products/filter,GET,,,indecisive,mobile,9,False
1085,2,"POST /products/filter  body={""gender"":""unisex"",""category"":""skirt""}",GET /products?id=88,/products/filter,POST,,"{""gender"":""unisex"",""category"":""skirt""}",indecisive,mobile,9,False
1085,3,GET /products?id=88,GET /cart?product_id=88,/products,GET,id=88,,indecisive,mobile,9,False
1085,4,GET /cart?product_id=88,END,/cart,GET,product_id=88,,indecisive,mobile,9,True
1086,1,GET /products,GET /products?id=33,/products,GET,,,buyer,mobile,19,False
1086,2,GET /products?id=33,GET /cart?product_id=33,/products,GET,id=33,,buyer,mobile,19,False
1086,3,GET /cart?product_id=33,GET /checkout,/cart,GET,product_id=33,,buyer,mobile,19,False
1086,4,GET /checkout,"POST /payment  body={""amount"": 49.99, ""method"": ""card""}",/checkout,GET,,,buyer,mobile,19,False
1086,5,"POST /payment  body={""amount"": 49.99, ""method"": ""card""}",END,/payment,POST,,"{""amount"": 49.99, ""method"": ""card""}",buyer,mobile,19,True
1087,1,GET /products/filter,"POST /products/filter  body={""gender"":""unisex"",""category"":""shirt"",""price"":""low""}",/products/filter,GET,,,indecisive,tablet,9,False
1087,2,"POST /products/filter  body={""gender"":""unisex"",""category"":""shirt"",""price"":""low""}",GET /products?id=39,/products/filter,POST,,"{""gender"":""unisex"",""category"":""shirt"",""price"":""low""}",indecisive,tablet,9,False
1087,3,GET /products?id=39,GET /cart?product_id=39,/products,GET,id=39,,indecisive,tablet,9,False
1087,4,GET /cart?product_id=39,END,/cart,GET,product_id=39,,indecisive,tablet,9,True
1088,1,GET /home,GET /category?type=men,/home,GET,,,buyer,mobile,4,False
1088,2,GET /category?type=men,GET /products?id=33,/category,GET,type=men,,buyer,mobile,4,False
1088,3,GET /products?id=33,GET /cart?product_id=33,/products,GET,id=33,,buyer,mobile,4,False
1088,4,GET /cart?product_id=33,END,/cart,GET,product_id=33,,buyer,mobile,4,True
1089,1,GET /products,GET /products?id=61,/products,GET,,,returner,desktop,5,False
1089,2,GET /products?id=61,GET /cart?product_id=61,/products,GET,id=61,,returner,desktop,5,False
1089,3,GET /cart?product_id=61,END,/cart,GET,product_id=61,,returner,desktop,5,True
1090,1,GET /products,GET /products?id=55,/products,GET,,,buyer,tablet,19,False
1090,2,GET /products?id=55,GET /reviews?product_id=55,/products,GET,id=55,,buyer,tablet,19,False
1090,3,GET /reviews?product_id=55,GET /products?id=55,/reviews,GET,product_id=55,,buyer,tablet,19,False
1090,4,GET /products?id=55,GET /cart?product_id=55,/products,GET,id=55,,buyer,tablet,19,False
1090,5,GET /cart?product_id=55,END,/cart,GET,product_id=55,,buyer,tablet,19,True
1091,1,GET /products,GET /products?id=61,/products,GET,,,returner,desktop,2,False
1091,2,GET /products?id=61,GET /reviews?product_id=61,/products,GET,id=61,,returner,desktop,2,False
1091,3,GET /reviews?product_id=61,END,/reviews,GET,product_id=61,,returner,desktop,2,True
1092,1,GET /products,GET /products?id=61,/products,GET,,,returner,desktop,9,False
1092,2,GET /products?id=61,"POST /wishlist?product_id=61  body={""product_id"": 61}",/products,GET,id=61,,returner,desktop,9,False
1092,3,"POST /wishlist?product_id=61  body={""product_id"": 61}",GET /cart?product_id=61,/wishlist,POST,product_id=61,"{""product_id"": 61}",returner,desktop,9,False
1092,4,GET /cart?product_id=61,END,/cart,GET,product_id=61,,returner,desktop,9,True
1093,1,GET /products,GET /products?id=33,/products,GET,,,returner,tablet,16,False
1093,2,GET /products?id=33,GET /cart?product_id=33,/products,GET,id=33,,returner,tablet,16,False
1093,3,GET /cart?product_id=33,GET /checkout,/cart,GET,product_id=33,,returner,tablet,16,False
1093,4,GET /checkout,"POST /payment  body={""amount"": 49.99, ""method"": ""card""}",/checkout,GET,,,returner,tablet,16,False
1093,5,"POST /payment  body={""amount"": 49.99, ""method"": ""card""}",END,/payment,POST,,"{""amount"": 49.99, ""method"": ""card""}",returner,tablet,16,True
1094,1,GET /products,GET /products?id=55,/products,GET,,,buyer,tablet,9,False
1094,2,GET /products?id=55,GET /cart?product_id=55,/products,GET,id=55,,buyer,tablet,9,False
1094,3,GET /cart?product_id=55,END,/cart,GET,product_id=55,,buyer,tablet,9,True
1095,1,GET /products/filter,"POST /products/filter  body={""gender"":""female"",""category"":""dress"",""price"":""low""}",/products/filter,GET,,,buyer,tablet,7,False
1095,2,"POST /products/filter  body={""gender"":""female"",""category"":""dress"",""price"":""low""}",GET /products?id=105,/products/filter,POST,,"{""gender"":""female"",""category"":""dress"",""price"":""low""}",buyer,tablet,7,False
1095,3,GET /products?id=105,GET /cart?product_id=105,/products,GET,id=105,,buyer,tablet,7,False
1095,4,GET /cart?product_id=105,END,/cart,GET,product_id=105,,buyer,tablet,7,True
1096,1,GET /products,GET /products?id=105,/products,GET,,,browser,mobile,0,False
1096,2,GET /products?id=105,GET /cart?product_id=105,/products,GET,id=105,,browser,mobile,0,False
1096,3,GET /cart?product_id=105,GET /checkout,/cart,GET,product_id=105,,browser,mobile,0,False
1096,4,GET /checkout,"POST /payment  body={""amount"": 49.99, ""method"": ""card""}",/checkout,GET,,,browser,mobile,0,False
1096,5,"POST /payment  body={""amount"": 49.99, ""method"": ""card""}",END,/payment,POST,,"{""amount"": 49.99, ""method"": ""card""}",browser,mobile,0,True
1097,1,GET /products,GET /products?id=44,/products,GET,,,browser,mobile,3,False
1097,2,GET /products?id=44,GET /cart?product_id=44,/products,GET,id=44,,browser,mobile,3,False
1097,3,GET /cart?product_id=44,END,/cart,GET,product_id=44,,browser,mobile,3,True
1098,1,GET /products/filter,"POST /products/filter  body={""gender"":""female"",""category"":""skirt"",""price"":""low""}",/products/filter,GET,,,indecisive,mobile,2,False
1098,2,"POST /products/filter  body={""gender"":""female"",""category"":""skirt"",""price"":""low""}",GET /products?id=88,/products/filter,POST,,"{""gender"":""female"",""category"":""skirt"",""price"":""low""}",indecisive,mobile,2,False
1098,3,GET /products?id=88,GET /cart?product_id=88,/products,GET,id=88,,indecisive,mobile,2,False
1098,4,GET /cart?product_id=88,END,/cart,GET,product_id=88,,indecisive,mobile,2,True
1099,1,GET /products,GET /products?id=42,/products,GET,,,new_visitor,mobile,5,False
1099,2,GET /products?id=42,GET /reviews?product_id=42,/products,GET,id=42,,new_visitor,mobile,5,False
1099,3,GET /reviews?product_id=42,GET /products?id=42,/reviews,GET,product_id=42,,new_visitor,mobile,5,False
1099,4,GET /products?id=42,GET /cart?product_id=42,/products,GET,id=42,,new_visitor,mobile,5,False
1099,5,GET /cart?product_id=42,END,/cart,GET,product_id=42,,new_visitor,mobile,5,True
1100,1,GET /products?id=39,GET /cart?product_id=39,/products,GET,id=39,,browser,mobile,23,False
1100,2,GET /cart?product_id=39,END,/cart,GET,product_id=39,,browser,mobile,23,True
1101,1,GET /products/filter,"POST /products/filter  body={""gender"":""unisex"",""category"":""skirt"",""price"":""low""}",/products/filter,GET,,,new_visitor,tablet,19,False
1101,2,"POST /products/filter  body={""gender"":""unisex"",""category"":""skirt"",""price"":""low""}",GET /products?id=42,/products/filter,POST,,"{""gender"":""unisex"",""category"":""skirt"",""price"":""low""}",new_visitor,tablet,19,False
1101,3,GET /products?id=42,GET /cart?product_id=42,/products,GET,id=42,,new_visitor,tablet,19,False
1101,4,GET /cart?product_id=42,END,/cart,GET,product_id=42,,new_visitor,tablet,19,True
1102,1,GET /products,GET /products?id=22,/products,GET,,,new_visitor,mobile,22,False
1102,2,GET /products?id=22,GET /cart?product_id=22,/products,GET,id=22,,new_visitor,mobile,22,False
1102,3,GET /cart?product_id=22,END,/cart,GET,product_id=22,,new_visitor,mobile,22,True
1103,1,GET /products,GET /products?id=88,/products,GET,,,new_visitor,mobile,23,False
1103,2,GET /products?id=88,GET /reviews?product_id=88,/products,GET,id=88,,new_visitor,mobile,23,False
1103,3,GET /reviews?product_id=88,END,/reviews,GET,product_id=88,,new_visitor,mobile,23,True
1104,1,GET /products,GET /products?id=55,/products,GET,,,returner,desktop,22,False
1104,2,GET /products?id=55,GET /products?id=73,/products,GET,id=55,,returner,desktop,22,False
1104,3,GET /products?id=73,GET /products?id=39,/products,GET,id=73,,returner,desktop,22,False
1104,4,GET /products?id=39,GET /reviews?product_id=39,/products,GET,id=39,,returner,desktop,22,False
1104,5,GET /reviews?product_id=39,END,/reviews,GET,product_id=39,,returner,desktop,22,True
1105,1,GET /products/filter,"POST /products/filter  body={""gender"":""female"",""category"":""shirt"",""price"":""low""}",/products/filter,GET,,,returner,mobile,16,False
1105,2,"POST /products/filter  body={""gender"":""female"",""category"":""shirt"",""price"":""low""}",GET /products?id=110,/products/filter,POST,,"{""gender"":""female"",""category"":""shirt"",""price"":""low""}",returner,mobile,16,False
1105,3,GET /products?id=110,GET /cart?product_id=110,/products,GET,id=110,,returner,mobile,16,False
1105,4,GET /cart?product_id=110,END,/cart,GET,product_id=110,,returner,mobile,16,True
1106,1,GET /search?q=office shirt,GET /products?id=22,/search,GET,q=office shirt,,browser,tablet,4,False
1106,2,GET /products?id=22,GET /reviews?product_id=22,/products,GET,id=22,,browser,tablet,4,False
1106,3,GET /reviews?product_id=22,END,/reviews,GET,product_id=22,,browser,tablet,4,True
1107,1,GET /products,GET /products?id=120,/products,GET,,,new_visitor,tablet,1,False
1107,2,GET /products?id=120,GET /cart?product_id=120,/products,GET,id=120,,new_visitor,tablet,1,False
1107,3,GET /cart?product_id=120,END,/cart,GET,product_id=120,,new_visitor,tablet,1,True
1108,1,GET /products,GET /products?id=110,/products,GET,,,indecisive,desktop,19,False
1108,2,GET /products?id=110,GET /cart?product_id=110,/products,GET,id=110,,indecisive,desktop,19,False
1108,3,GET /cart?product_id=110,GET /checkout,/cart,GET,product_id=110,,indecisive,desktop,19,False
1108,4,GET /checkout,"POST /payment  body={""amount"": 49.99, ""method"": ""card""}",/checkout,GET,,,indecisive,desktop,19,False
1108,5,"POST /payment  body={""amount"": 49.99, ""method"": ""card""}",END,/payment,POST,,"{""amount"": 49.99, ""method"": ""card""}",indecisive,desktop,19,True
1109,1,GET /products/filter,"POST /products/filter  body={""gender"":""male"",""category"":""dress"",""price"":""low""}",/products/filter,GET,,,buyer,tablet,13,False
1109,2,"POST /products/filter  body={""gender"":""male"",""category"":""dress"",""price"":""low""}",GET /products?id=120,/products/filter,POST,,"{""gender"":""male"",""category"":""dress"",""price"":""low""}",buyer,tablet,13,False
1109,3,GET /products?id=120,GET /cart?product_id=120,/products,GET,id=120,,buyer,tablet,13,False
1109,4,GET /cart?product_id=120,END,/cart,GET,product_id=120,,buyer,tablet,13,True
1110,1,GET /products?id=120,GET /cart?product_id=120,/products,GET,id=120,,indecisive,mobile,0,False
1110,2,GET /cart?product_id=120,END,/cart,GET,product_id=120,,indecisive,mobile,0,True
1111,1,GET /products,GET /products?id=47,/products,GET,,,returner,desktop,16,False
1111,2,GET /products?id=47,GET /reviews?product_id=47,/products,GET,id=47,,returner,desktop,16,False
1111,3,GET /reviews?product_id=47,GET /products?id=47,/reviews,GET,product_id=47,,returner,desktop,16,False
1111,4,GET /products?id=47,GET /cart?product_id=47,/products,GET,id=47,,returner,desktop,16,False
1111,5,GET /cart?product_id=47,END,/cart,GET,product_id=47,,returner,desktop,16,True
1112,1,GET /search?q=sunglasses,GET /products?id=55,/search,GET,q=sunglasses,,browser,mobile,12,False
1112,2,GET /products?id=55,GET /cart?product_id=55,/products,GET,id=55,,browser,mobile,12,False
1112,3,GET /cart?product_id=55,END,/cart,GET,product_id=55,,browser,mobile,12,True
1113,1,GET /products?id=33,GET /cart?product_id=33,/products,GET,id=33,,buyer,mobile,11,False
1113,2,GET /cart?product_id=33,END,/cart,GET,product_id=33,,buyer,mobile,11,True
1114,1,GET /products/filter,"POST /products/filter  body={""gender"":""male"",""category"":""sneakers"",""price"":""high""}",/products/filter,GET,,,returner,mobile,7,False
1114,2,"POST /products/filter  body={""gender"":""male"",""category"":""sneakers"",""price"":""high""}",GET /products,/products/filter,POST,,"{""gender"":""male"",""category"":""sneakers"",""price"":""high""}",returner,mobile,7,False
1114,3,GET /products,"POST /products/filter  body={""gender"":""male"",""category"":""sneakers""}",/products,GET,,,returner,mobile,7,False
1114,4,"POST /products/filter  body={""gender"":""male"",""category"":""sneakers""}",GET /products?id=15,/products/filter,POST,,"{""gender"":""male"",""category"":""sneakers""}",returner,mobile,7,False
1114,5,GET /products?id=15,GET /cart?product_id=15,/products,GET,id=15,,returner,mobile,7,False
1114,6,GET /cart?product_id=15,END,/cart,GET,product_id=15,,returner,mobile,7,True
1115,1,GET /products,GET /products?id=101,/products,GET,,,returner,desktop,15,False
1115,2,GET /products?id=101,GET /reviews?product_id=101,/products,GET,id=101,,returner,desktop,15,False
1115,3,GET /reviews?product_id=101,GET /products?id=101,/reviews,GET,product_id=101,,returner,desktop,15,False
1115,4,GET /products?id=101,GET /cart?product_id=101,/products,GET,id=101,,returner,desktop,15,False
1115,5,GET /cart?product_id=101,END,/cart,GET,product_id=101,,returner,desktop,15,True
1116,1,GET /products,GET /products?id=110,/products,GET,,,returner,tablet,8,False
1116,2,GET /products?id=110,GET /cart?product_id=110,/products,GET,id=110,,returner,tablet,8,False
1116,3,GET /cart?product_id=110,END,/cart,GET,product_id=110,,returner,tablet,8,True
1117,1,GET /products/filter,"POST /products/filter  body={""gender"":""female"",""category"":""skirt"",""price"":""low""}",/products/filter,GET,,,indecisive,desktop,15,False
1117,2,"POST /products/filter  body={""gender"":""female"",""category"":""skirt"",""price"":""low""}",GET /products?id=44,/products/filter,POST,,"{""gender"":""female"",""category"":""skirt"",""price"":""low""}",indecisive,desktop,15,False
1117,3,GET /products?id=44,GET /cart?product_id=44,/products,GET,id=44,,indecisive,desktop,15,False
1117,4,GET /cart?product_id=44,END,/cart,GET,product_id=44,,indecisive,desktop,15,True
1118,1,GET /products,GET /products?id=73,/products,GET,,,browser,desktop,21,False
1118,2,GET /products?id=73,GET /cart?product_id=73,/products,GET,id=73,,browser,desktop,21,False
1118,3,GET /cart?product_id=73,END,/cart,GET,product_id=73,,browser,desktop,21,True
1119,1,GET /products,GET /products?id=47,/products,GET,,,indecisive,mobile,9,False
1119,2,GET /products?id=47,GET /products?id=120,/products,GET,id=47,,indecisive,mobile,9,False
1119,3,GET /products?id=120,GET /reviews?product_id=120,/products,GET,id=120,,indecisive,mobile,9,False
1119,4,GET /reviews?product_id=120,END,/reviews,GET,product_id=120,,indecisive,mobile,9,True
1120,1,GET /search?q=jacket,GET /products?id=15,/search,GET,q=jacket,,buyer,desktop,21,False
1120,2,GET /products?id=15,GET /reviews?product_id=15,/products,GET,id=15,,buyer,desktop,21,False
1120,3,GET /reviews?product_id=15,END,/reviews,GET,product_id=15,,buyer,desktop,21,True
1121,1,GET /home,GET /category?type=women,/home,GET,,,new_visitor,desktop,17,False
1121,2,GET /category?type=women,GET /products?id=55,/category,GET,type=women,,new_visitor,desktop,17,False
1121,3,GET /products?id=55,GET /cart?product_id=55,/products,GET,id=55,,new_visitor,desktop,17,False
1121,4,GET /cart?product_id=55,END,/cart,GET,product_id=55,,new_visitor,desktop,17,True
1122,1,GET /products/filter,"POST /products/filter  body={""gender"":""male"",""category"":""sneakers""}",/products/filter,GET,,,browser,desktop,14,False
1122,2,"POST /products/filter  body={""gender"":""male"",""category"":""sneakers""}",GET /products?id=44,/products/filter,POST,,"{""gender"":""male"",""category"":""sneakers""}",browser,desktop,14,False
1122,3,GET /products?id=44,GET /cart?product_id=44,/products,GET,id=44,,browser,desktop,14,False
1122,4,GET /cart?product_id=44,END,/cart,GET,product_id=44,,browser,desktop,14,True
1123,1,GET /products,GET /products?id=22,/products,GET,,,browser,mobile,17,False
1123,2,GET /products?id=22,GET /reviews?product_id=22,/products,GET,id=22,,browser,mobile,17,False
1123,3,GET /reviews?product_id=22,GET /products?id=22,/reviews,GET,product_id=22,,browser,mobile,17,False
1123,4,GET /products?id=22,GET /cart?product_id=22,/products,GET,id=22,,browser,mobile,17,False
1123,5,GET /cart?product_id=22,END,/cart,GET,product_id=22,,browser,mobile,17,True
1124,1,GET /products,GET /products?id=101,/products,GET,,,buyer,desktop,13,False
1124,2,GET /products?id=101,GET /cart?product_id=101,/products,GET,id=101,,buyer,desktop,13,False
1124,3,GET /cart?product_id=101,END,/cart,GET,product_id=101,,buyer,desktop,13,True
1125,1,GET /search?q=jacket,GET /products?id=120,/search,GET,q=jacket,,browser,tablet,21,False
1125,2,GET /products?id=120,GET /reviews?product_id=120,/products,GET,id=120,,browser,tablet,21,False
1125,3,GET /reviews?product_id=120,END,/reviews,GET,product_id=120,,browser,tablet,21,True
1126,1,GET /home,GET /category?type=men,/home,GET,,,returner,tablet,5,False
1126,2,GET /category?type=men,GET /products?id=22,/category,GET,type=men,,returner,tablet,5,False
1126,3,GET /products?id=22,GET /cart?product_id=22,/products,GET,id=22,,returner,tablet,5,False
1126,4,GET /cart?product_id=22,END,/cart,GET,product_id=22,,returner,tablet,5,True
1127,1,GET /products,GET /products?id=22,/products,GET,,,returner,tablet,12,False
1127,2,GET /products?id=22,GET /products?id=33,/products,GET,id=22,,returner,tablet,12,False
1127,3,GET /products?id=33,GET /products?id=44,/products,GET,id=33,,returner,tablet,12,False
1127,4,GET /products?id=44,GET /cart?product_id=44,/products,GET,id=44,,returner,tablet,12,False
1127,5,GET /cart?product_id=44,END,/cart,GET,product_id=44,,returner,tablet,12,True
1128,1,GET /products/filter,"POST /products/filter  body={""gender"":""female"",""category"":""shirt""}",/products/filter,GET,,,browser,mobile,11,False
1128,2,"POST /products/filter  body={""gender"":""female"",""category"":""shirt""}",GET /products?id=101,/products/filter,POST,,"{""gender"":""female"",""category"":""shirt""}",browser,mobile,11,False
1128,3,GET /products?id=101,GET /reviews?product_id=101,/products,GET,id=101,,browser,mobile,11,False
1128,4,GET /reviews?product_id=101,END,/reviews,GET,product_id=101,,browser,mobile,11,True
1129,1,GET /products?id=105,GET /cart?product_id=105,/products,GET,id=105,,browser,desktop,11,False
1129,2,GET /cart?product_id=105,END,/cart,GET,product_id=105,,browser,desktop,11,True
1130,1,GET /products,GET /products?id=47,/products,GET,,,buyer,mobile,7,False
1130,2,GET /products?id=47,GET /reviews?product_id=47,/products,GET,id=47,,buyer,mobile,7,False
1130,3,GET /reviews?product_id=47,GET /products?id=47,/reviews,GET,product_id=47,,buyer,mobile,7,False
1130,4,GET /products?id=47,GET /cart?product_id=47,/products,GET,id=47,,buyer,mobile,7,False
1130,5,GET /cart?product_id=47,END,/cart,GET,product_id=47,,buyer,mobile,7,True
1131,1,GET /products/filter,"POST /products/filter  body={""gender"":""female"",""category"":""shirt""}",/products/filter,GET,,,browser,desktop,3,False
1131,2,"POST /products/filter  body={""gender"":""female"",""category"":""shirt""}",GET /products?id=44,/products/filter,POST,,"{""gender"":""female"",""category"":""shirt""}",browser,desktop,3,False
1131,3,GET /products?id=44,GET /reviews?product_id=44,/products,GET,id=44,,browser,desktop,3,False
1131,4,GET /reviews?product_id=44,END,/reviews,GET,product_id=44,,browser,desktop,3,True
1132,1,GET /home,GET /category?type=men,/home,GET,,,returner,tablet,13,False
1132,2,GET /category?type=men,GET /products?id=22,/category,GET,type=men,,returner,tablet,13,False
1132,3,GET /products?id=22,GET /cart?product_id=22,/products,GET,id=22,,returner,tablet,13,False
1132,4,GET /cart?product_id=22,END,/cart,GET,product_id=22,,returner,tablet,13,True
1133,1,GET /products,GET /products?id=101,/products,GET,,,browser,tablet,15,False
1133,2,GET /products?id=101,GET /products?id=101,/products,GET,id=101,,browser,tablet,15,False
1133,3,GET /products?id=101,GET /products?id=33,/products,GET,id=101,,browser,tablet,15,False
1133,4,GET /products?id=33,GET /cart?product_id=33,/products,GET,id=33,,browser,tablet,15,False
1133,5,GET /cart?product_id=33,END,/cart,GET,product_id=33,,browser,tablet,15,True
1134,1,GET /products,GET /products?id=33,/products,GET,,,returner,mobile,22,False
1134,2,GET /products?id=33,GET /reviews?product_id=33,/products,GET,id=33,,returner,mobile,22,False
1134,3,GET /reviews?product_id=33,GET /products?id=33,/reviews,GET,product_id=33,,returner,mobile,22,False
1134,4,GET /products?id=33,GET /cart?product_id=33,/products,GET,id=33,,returner,mobile,22,False
1134,5,GET /cart?product_id=33,END,/cart,GET,product_id=33,,returner,mobile,22,True
1135,1,GET /products/filter,"POST /products/filter  body={""gender"":""male"",""category"":""shirt""}",/products/filter,GET,,,returner,tablet,21,False
1135,2,"POST /products/filter  body={""gender"":""male"",""category"":""shirt""}",GET /products?id=105,/products/filter,POST,,"{""gender"":""male"",""category"":""shirt""}",returner,tablet,21,False
1135,3,GET /products?id=105,GET /reviews?product_id=105,/products,GET,id=105,,returner,tablet,21,False
1135,4,GET /reviews?product_id=105,END,/reviews,GET,product_id=105,,returner,tablet,21,True
1136,1,GET /products/filter,"POST /products/filter  body={""gender"":""female"",""category"":""watch"",""price"":""high""}",/products/filter,GET,,,buyer,desktop,20,False
1136,2,"POST /products/filter  body={""gender"":""female"",""category"":""watch"",""price"":""high""}",GET /products,/products/filter,POST,,"{""gender"":""female"",""category"":""watch"",""price"":""high""}",buyer,desktop,20,False
1136,3,GET /products,"POST /products/filter  body={""gender"":""female"",""category"":""watch""}",/products,GET,,,buyer,desktop,20,False
1136,4,"POST /products/filter  body={""gender"":""female"",""category"":""watch""}",GET /products?id=88,/products/filter,POST,,"{""gender"":""female"",""category"":""watch""}",buyer,desktop,20,False
1136,5,GET /products?id=88,GET /cart?product_id=88,/products,GET,id=88,,buyer,desktop,20,False
1136,6,GET /cart?product_id=88,END,/cart,GET,product_id=88,,buyer,desktop,20,True
1137,1,GET /products/filter,"POST /products/filter  body={""gender"":""unisex"",""category"":""sneakers"",""price"":""mid""}",/products/filter,GET,,,indecisive,desktop,1,False
1137,2,"POST /products/filter  body={""gender"":""unisex"",""category"":""sneakers"",""price"":""mid""}",GET /products?id=47,/products/filter,POST,,"{""gender"":""unisex"",""category"":""sneakers"",""price"":""mid""}",indecisive,desktop,1,False
1137,3,GET /products?id=47,GET /cart?product_id=47,/products,GET,id=47,,indecisive,desktop,1,False
1137,4,GET /cart?product_id=47,END,/cart,GET,product_id=47,,indecisive,desktop,1,True
1138,1,GET /products/filter,"POST /products/filter  body={""gender"":""female"",""category"":""sneakers""}",/products/filter,GET,,,new_visitor,mobile,18,False
1138,2,"POST /products/filter  body={""gender"":""female"",""category"":""sneakers""}",GET /products?id=105,/products/filter,POST,,"{""gender"":""female"",""category"":""sneakers""}",new_visitor,mobile,18,False
1138,3,GET /products?id=105,GET /reviews?product_id=105,/products,GET,id=105,,new_visitor,mobile,18,False
1138,4,GET /reviews?product_id=105,END,/reviews,GET,product_id=105,,new_visitor,mobile,18,True
1139,1,GET /products,GET /products?id=22,/products,GET,,,buyer,desktop,2,False
1139,2,GET /products?id=22,GET /reviews?product_id=22,/products,GET,id=22,,buyer,desktop,2,False
1139,3,GET /reviews?product_id=22,GET /products?id=22,/reviews,GET,product_id=22,,buyer,desktop,2,False
1139,4,GET /products?id=22,GET /cart?product_id=22,/products,GET,id=22,,buyer,desktop,2,False
1139,5,GET /cart?product_id=22,END,/cart,GET,product_id=22,,buyer,desktop,2,True
1140,1,GET /products,GET /products?id=33,/products,GET,,,new_visitor,desktop,13,False
1140,2,GET /products?id=33,GET /reviews?product_id=33,/products,GET,id=33,,new_visitor,desktop,13,False
1140,3,GET /reviews?product_id=33,GET /products?id=33,/reviews,GET,product_id=33,,new_visitor,desktop,13,False
1140,4,GET /products?id=33,GET /cart?product_id=33,/products,GET,id=33,,new_visitor,desktop,13,False
1140,5,GET /cart?product_id=33,END,/cart,GET,product_id=33,,new_visitor,desktop,13,True
1141,1,GET /products/filter,"POST /products/filter  body={""gender"":""unisex"",""category"":""sneakers""}",/products/filter,GET,,,buyer,desktop,12,False
1141,2,"POST /products/filter  body={""gender"":""unisex"",""category"":""sneakers""}",GET /products?id=73,/products/filter,POST,,"{""gender"":""unisex"",""category"":""sneakers""}",buyer,desktop,12,False
1141,3,GET /products?id=73,GET /cart?product_id=73,/products,GET,id=73,,buyer,desktop,12,False
1141,4,GET /cart?product_id=73,END,/cart,GET,product_id=73,,buyer,desktop,12,True
1142,1,GET /home,GET /category?type=women,/home,GET,,,browser,tablet,22,False
1142,2,GET /category?type=women,GET /products?id=61,/category,GET,type=women,,browser,tablet,22,False
1142,3,GET /products?id=61,GET /cart?product_id=61,/products,GET,id=61,,browser,tablet,22,False
1142,4,GET /cart?product_id=61,END,/cart,GET,product_id=61,,browser,tablet,22,True
1143,1,GET /products?id=110,GET /cart?product_id=110,/products,GET,id=110,,returner,mobile,21,False
1143,2,GET /cart?product_id=110,END,/cart,GET,product_id=110,,returner,mobile,21,True
1144,1,GET /products?id=44,GET /cart?product_id=44,/products,GET,id=44,,new_visitor,tablet,13,False
1144,2,GET /cart?product_id=44,END,/cart,GET,product_id=44,,new_visitor,tablet,13,True
1145,1,GET /products/filter,"POST /products/filter  body={""gender"":""unisex"",""category"":""shirt""}",/products/filter,GET,,,indecisive,desktop,4,False
1145,2,"POST /products/filter  body={""gender"":""unisex"",""category"":""shirt""}",GET /products?id=105,/products/filter,POST,,"{""gender"":""unisex"",""category"":""shirt""}",indecisive,desktop,4,False
1145,3,GET /products?id=105,GET /cart?product_id=105,/products,GET,id=105,,indecisive,desktop,4,False
1145,4,GET /cart?product_id=105,END,/cart,GET,product_id=105,,indecisive,desktop,4,True
1146,1,GET /products/filter,"POST /products/filter  body={""gender"":""male"",""category"":""shirt"",""price"":""high""}",/products/filter,GET,,,indecisive,mobile,20,False
1146,2,"POST /products/filter  body={""gender"":""male"",""category"":""shirt"",""price"":""high""}",GET /products?id=73,/products/filter,POST,,"{""gender"":""male"",""category"":""shirt"",""price"":""high""}",indecisive,mobile,20,False
1146,3,GET /products?id=73,GET /cart?product_id=73,/products,GET,id=73,,indecisive,mobile,20,False
1146,4,GET /cart?product_id=73,END,/cart,GET,product_id=73,,indecisive,mobile,20,True
1147,1,GET /products/filter,"POST /products/filter  body={""gender"":""female"",""category"":""skirt"",""price"":""mid""}",/products/filter,GET,,,indecisive,tablet,19,False
1147,2,"POST /products/filter  body={""gender"":""female"",""category"":""skirt"",""price"":""mid""}",GET /products?id=88,/products/filter,POST,,"{""gender"":""female"",""category"":""skirt"",""price"":""mid""}",indecisive,tablet,19,False
1147,3,GET /products?id=88,GET /cart?product_id=88,/products,GET,id=88,,indecisive,tablet,19,False
1147,4,GET /cart?product_id=88,END,/cart,GET,product_id=88,,indecisive,tablet,19,True
1148,1,GET /search?q=jacket,GET /products?id=105,/search,GET,q=jacket,,browser,mobile,9,False
1148,2,GET /products?id=105,GET /reviews?product_id=105,/products,GET,id=105,,browser,mobile,9,False
1148,3,GET /reviews?product_id=105,END,/reviews,GET,product_id=105,,browser,mobile,9,True
1149,1,GET /products/filter,"POST /products/filter  body={""gender"":""male"",""category"":""dress"",""price"":""low""}",/products/filter,GET,,,returner,tablet,1,False
1149,2,"POST /products/filter  body={""gender"":""male"",""category"":""dress"",""price"":""low""}",GET /products?id=15,/products/filter,POST,,"{""gender"":""male"",""category"":""dress"",""price"":""low""}",returner,tablet,1,False
1149,3,GET /products?id=15,GET /cart?product_id=15,/products,GET,id=15,,returner,tablet,1,False
1149,4,GET /cart?product_id=15,END,/cart,GET,product_id=15,,returner,tablet,1,True
1150,1,GET /products,GET /products?id=44,/products,GET,,,indecisive,tablet,17,False
1150,2,GET /products?id=44,GET /reviews?product_id=44,/products,GET,id=44,,indecisive,tablet,17,False
1150,3,GET /reviews?product_id=44,END,/reviews,GET,product_id=44,,indecisive,tablet,17,True
1151,1,GET /products,GET /products?id=33,/products,GET,,,returner,mobile,1,False
1151,2,GET /products?id=33,GET /products?id=22,/products,GET,id=33,,returner,mobile,1,False
1151,3,GET /products?id=22,GET /products?id=47,/products,GET,id=22,,returner,mobile,1,False
1151,4,GET /products?id=47,GET /cart?product_id=47,/products,GET,id=47,,returner,mobile,1,False
1151,5,GET /cart?product_id=47,END,/cart,GET,product_id=47,,returner,mobile,1,True
1152,1,GET /products/filter,"POST /products/filter  body={""gender"":""female"",""category"":""skirt"",""price"":""high""}",/products/filter,GET,,,browser,desktop,23,False
1152,2,"POST /products/filter  body={""gender"":""female"",""category"":""skirt"",""price"":""high""}",GET /products,/products/filter,POST,,"{""gender"":""female"",""category"":""skirt"",""price"":""high""}",browser,desktop,23,False
1152,3,GET /products,"POST /products/filter  body={""gender"":""female"",""category"":""skirt""}",/products,GET,,,browser,desktop,23,False
1152,4,"POST /products/filter  body={""gender"":""female"",""category"":""skirt""}",GET /products?id=55,/products/filter,POST,,"{""gender"":""female"",""category"":""skirt""}",browser,desktop,23,False
1152,5,GET /products?id=55,GET /cart?product_id=55,/products,GET,id=55,,browser,desktop,23,False
1152,6,GET /cart?product_id=55,END,/cart,GET,product_id=55,,browser,desktop,23,True
1153,1,GET /products?id=15,GET /cart?product_id=15,/products,GET,id=15,,new_visitor,tablet,18,False
1153,2,GET /cart?product_id=15,END,/cart,GET,product_id=15,,new_visitor,tablet,18,True
1154,1,GET /products,GET /products?id=33,/products,GET,,,browser,mobile,19,False
1154,2,GET /products?id=33,GET /cart?product_id=33,/products,GET,id=33,,browser,mobile,19,False
1154,3,GET /cart?product_id=33,END,/cart,GET,product_id=33,,browser,mobile,19,True
1155,1,GET /products,GET /products?id=11,/products,GET,,,new_visitor,tablet,12,False
1155,2,GET /products?id=11,GET /cart?product_id=11,/products,GET,id=11,,new_visitor,tablet,12,False
1155,3,GET /cart?product_id=11,GET /home,/cart,GET,product_id=11,,new_visitor,tablet,12,False
1155,4,GET /home,END,/home,GET,,,new_visitor,tablet,12,True
1156,1,GET /products,GET /products?id=88,/products,GET,,,returner,mobile,4,False
1156,2,GET /products?id=88,GET /reviews?product_id=88,/products,GET,id=88,,returner,mobile,4,False
1156,3,GET /reviews?product_id=88,END,/reviews,GET,product_id=88,,returner,mobile,4,True
1157,1,GET /products,GET /products?id=120,/products,GET,,,returner,desktop,8,False
1157,2,GET /products?id=120,GET /products?id=39,/products,GET,id=120,,returner,desktop,8,False
1157,3,GET /products?id=39,GET /products?id=55,/products,GET,id=39,,returner,desktop,8,False
1157,4,GET /products?id=55,GET /cart?product_id=55,/products,GET,id=55,,returner,desktop,8,False
1157,5,GET /cart?product_id=55,END,/cart,GET,product_id=55,,returner,desktop,8,True
1158,1,GET /search?q=office shirt,GET /products?id=22,/search,GET,q=office shirt,,indecisive,mobile,11,False
1158,2,GET /products?id=22,GET /reviews?product_id=22,/products,GET,id=22,,indecisive,mobile,11,False
1158,3,GET /reviews?product_id=22,END,/reviews,GET,product_id=22,,indecisive,mobile,11,True
1159,1,GET /products,GET /products?id=44,/products,GET,,,browser,tablet,19,False
1159,2,GET /products?id=44,GET /cart?product_id=44,/products,GET,id=44,,browser,tablet,19,False
1159,3,GET /cart?product_id=44,END,/cart,GET,product_id=44,,browser,tablet,19,True
1160,1,GET /search?q=office shirt,GET /products?id=55,/search,GET,q=office shirt,,buyer,desktop,17,False
1160,2,GET /products?id=55,GET /cart?product_id=55,/products,GET,id=55,,buyer,desktop,17,False
1160,3,GET /cart?product_id=55,END,/cart,GET,product_id=55,,buyer,desktop,17,True
1161,1,GET /search?q=heels,GET /products?id=15,/search,GET,q=heels,,new_visitor,mobile,14,False
1161,2,GET /products?id=15,GET /cart?product_id=15,/products,GET,id=15,,new_visitor,mobile,14,False
1161,3,GET /cart?product_id=15,END,/cart,GET,product_id=15,,new_visitor,mobile,14,True
1162,1,GET /products/filter,"POST /products/filter  body={""gender"":""female"",""category"":""sneakers"",""price"":""high""}",/products/filter,GET,,,indecisive,mobile,7,False
1162,2,"POST /products/filter  body={""gender"":""female"",""category"":""sneakers"",""price"":""high""}",GET /products?id=105,/products/filter,POST,,"{""gender"":""female"",""category"":""sneakers"",""price"":""high""}",indecisive,mobile,7,False
1162,3,GET /products?id=105,GET /cart?product_id=105,/products,GET,id=105,,indecisive,mobile,7,False
1162,4,GET /cart?product_id=105,END,/cart,GET,product_id=105,,indecisive,mobile,7,True
1163,1,GET /products,GET /products?id=120,/products,GET,,,browser,desktop,2,False
1163,2,GET /products?id=120,GET /cart?product_id=120,/products,GET,id=120,,browser,desktop,2,False
1163,3,GET /cart?product_id=120,GET /home,/cart,GET,product_id=120,,browser,desktop,2,False
1163,4,GET /home,END,/home,GET,,,browser,desktop,2,True
1164,1,GET /products,GET /products?id=33,/products,GET,,,returner,tablet,13,False
1164,2,GET /products?id=33,GET /reviews?product_id=33,/products,GET,id=33,,returner,tablet,13,False
1164,3,GET /reviews?product_id=33,GET /products?id=105,/reviews,GET,product_id=33,,returner,tablet,13,False
1164,4,GET /products?id=105,GET /cart?product_id=105,/products,GET,id=105,,returner,tablet,13,False
1164,5,GET /cart?product_id=105,END,/cart,GET,product_id=105,,returner,tablet,13,True
1165,1,GET /products/filter,"POST /products/filter  body={""gender"":""female"",""category"":""shirt""}",/products/filter,GET,,,browser,mobile,22,False
1165,2,"POST /products/filter  body={""gender"":""female"",""category"":""shirt""}",GET /products?id=33,/products/filter,POST,,"{""gender"":""female"",""category"":""shirt""}",browser,mobile,22,False
1165,3,GET /products?id=33,GET /cart?product_id=33,/products,GET,id=33,,browser,mobile,22,False
1165,4,GET /cart?product_id=33,END,/cart,GET,product_id=33,,browser,mobile,22,True
1166,1,GET /products,GET /products?id=73,/products,GET,,,returner,tablet,0,False
1166,2,GET /products?id=73,GET /cart?product_id=73,/products,GET,id=73,,returner,tablet,0,False
1166,3,GET /cart?product_id=73,GET /checkout,/cart,GET,product_id=73,,returner,tablet,0,False
1166,4,GET /checkout,"POST /payment  body={""amount"": 49.99, ""method"": ""card""}",/checkout,GET,,,returner,tablet,0,False
1166,5,"POST /payment  body={""amount"": 49.99, ""method"": ""card""}",END,/payment,POST,,"{""amount"": 49.99, ""method"": ""card""}",returner,tablet,0,True
1167,1,GET /products,GET /products?id=88,/products,GET,,,returner,tablet,4,False
1167,2,GET /products?id=88,GET /cart?product_id=88,/products,GET,id=88,,returner,tablet,4,False
1167,3,GET /cart?product_id=88,END,/cart,GET,product_id=88,,returner,tablet,4,True
1168,1,GET /products,GET /products?id=11,/products,GET,,,indecisive,tablet,2,False
1168,2,GET /products?id=11,GET /cart?product_id=11,/products,GET,id=11,,indecisive,tablet,2,False
1168,3,GET /cart?product_id=11,END,/cart,GET,product_id=11,,indecisive,tablet,2,True
1169,1,GET /search?q=office shirt,GET /products?id=110,/search,GET,q=office shirt,,buyer,tablet,21,False
1169,2,GET /products?id=110,GET /cart?product_id=110,/products,GET,id=110,,buyer,tablet,21,False
1169,3,GET /cart?product_id=110,END,/cart,GET,product_id=110,,buyer,tablet,21,True
1170,1,GET /products/filter,"POST /products/filter  body={""gender"":""unisex"",""category"":""watch"",""price"":""high""}",/products/filter,GET,,,returner,tablet,4,False
1170,2,"POST /products/filter  body={""gender"":""unisex"",""category"":""watch"",""price"":""high""}",GET /products?id=22,/products/filter,POST,,"{""gender"":""unisex"",""category"":""watch"",""price"":""high""}",returner,tablet,4,False
1170,3,GET /products?id=22,GET /cart?product_id=22,/products,GET,id=22,,returner,tablet,4,False
1170,4,GET /cart?product_id=22,END,/cart,GET,product_id=22,,returner,tablet,4,True
1171,1,GET /products/filter,"POST /products/filter  body={""gender"":""male"",""category"":""sneakers""}",/products/filter,GET,,,buyer,mobile,13,False
1171,2,"POST /products/filter  body={""gender"":""male"",""category"":""sneakers""}",GET /products?id=11,/products/filter,POST,,"{""gender"":""male"",""category"":""sneakers""}",buyer,mobile,13,False
1171,3,GET /products?id=11,GET /reviews?product_id=11,/products,GET,id=11,,buyer,mobile,13,False
1171,4,GET /reviews?product_id=11,END,/reviews,GET,product_id=11,,buyer,mobile,13,True
1172,1,GET /products,GET /products?id=11,/products,GET,,,browser,mobile,17,False
1172,2,GET /products?id=11,GET /reviews?product_id=11,/products,GET,id=11,,browser,mobile,17,False
1172,3,GET /reviews?product_id=11,GET /products?id=11,/reviews,GET,product_id=11,,browser,mobile,17,False
1172,4,GET /products?id=11,GET /cart?product_id=11,/products,GET,id=11,,browser,mobile,17,False
1172,5,GET /cart?product_id=11,END,/cart,GET,product_id=11,,browser,mobile,17,True
1173,1,GET /products/filter,"POST /products/filter  body={""gender"":""female"",""category"":""skirt""}",/products/filter,GET,,,browser,desktop,6,False
1173,2,"POST /products/filter  body={""gender"":""female"",""category"":""skirt""}",GET /products?id=105,/products/filter,POST,,"{""gender"":""female"",""category"":""skirt""}",browser,desktop,6,False
1173,3,GET /products?id=105,GET /cart?product_id=105,/products,GET,id=105,,browser,desktop,6,False
1173,4,GET /cart?product_id=105,END,/cart,GET,product_id=105,,browser,desktop,6,True
1174,1,GET /products,GET /products?id=39,/products,GET,,,new_visitor,desktop,4,False
1174,2,GET /products?id=39,GET /cart?product_id=39,/products,GET,id=39,,new_visitor,desktop,4,False
1174,3,GET /cart?product_id=39,END,/cart,GET,product_id=39,,new_visitor,desktop,4,True
1175,1,GET /products,GET /products?id=105,/products,GET,,,new_visitor,mobile,0,False
1175,2,GET /products?id=105,"POST /wishlist?product_id=105  body={""product_id"": 105}",/products,GET,id=105,,new_visitor,mobile,0,False
1175,3,"POST /wishlist?product_id=105  body={""product_id"": 105}",GET /cart?product_id=105,/wishlist,POST,product_id=105,"{""product_id"": 105}",new_visitor,mobile,0,False
1175,4,GET /cart?product_id=105,END,/cart,GET,product_id=105,,new_visitor,mobile,0,True
1176,1,GET /products,GET /products?id=88,/products,GET,,,returner,tablet,15,False
1176,2,GET /products?id=88,GET /cart?product_id=88,/products,GET,id=88,,returner,tablet,15,False
1176,3,GET /cart?product_id=88,END,/cart,GET,product_id=88,,returner,tablet,15,True
1177,1,GET /search?q=running shoes,GET /products?id=105,/search,GET,q=running shoes,,indecisive,desktop,23,False
1177,2,GET /products?id=105,GET /reviews?product_id=105,/products,GET,id=105,,indecisive,desktop,23,False
1177,3,GET /reviews?product_id=105,END,/reviews,GET,product_id=105,,indecisive,desktop,23,True
1178,1,GET /products?id=22,GET /reviews?product_id=22,/products,GET,id=22,,buyer,tablet,6,False
1178,2,GET /reviews?product_id=22,END,/reviews,GET,product_id=22,,buyer,tablet,6,True
1179,1,GET /search?q=running shoes,GET /products?id=42,/search,GET,q=running shoes,,buyer,desktop,5,False
1179,2,GET /products?id=42,GET /cart?product_id=42,/products,GET,id=42,,buyer,desktop,5,False
1179,3,GET /cart?product_id=42,END,/cart,GET,product_id=42,,buyer,desktop,5,True
1180,1,GET /products,GET /products?id=39,/products,GET,,,indecisive,desktop,7,False
1180,2,GET /products?id=39,GET /products?id=110,/products,GET,id=39,,indecisive,desktop,7,False
1180,3,GET /products?id=110,GET /cart?product_id=110,/products,GET,id=110,,indecisive,desktop,7,False
1180,4,GET /cart?product_id=110,END,/cart,GET,product_id=110,,indecisive,desktop,7,True
1181,1,GET /products?id=101,GET /cart?product_id=101,/products,GET,id=101,,returner,mobile,10,False
1181,2,GET /cart?product_id=101,END,/cart,GET,product_id=101,,returner,mobile,10,True
1182,1,GET /products,GET /products?id=15,/products,GET,,,returner,tablet,13,False
1182,2,GET /products?id=15,GET /cart?product_id=15,/products,GET,id=15,,returner,tablet,13,False
1182,3,GET /cart?product_id=15,GET /checkout,/cart,GET,product_id=15,,returner,tablet,13,False
1182,4,GET /checkout,"POST /payment  body={""amount"": 49.99, ""method"": ""card""}",/checkout,GET,,,returner,tablet,13,False
1182,5,"POST /payment  body={""amount"": 49.99, ""method"": ""card""}",END,/payment,POST,,"{""amount"": 49.99, ""method"": ""card""}",returner,tablet,13,True
1183,1,GET /products,GET /products?id=33,/products,GET,,,browser,mobile,17,False
1183,2,GET /products?id=33,GET /reviews?product_id=33,/products,GET,id=33,,browser,mobile,17,False
1183,3,GET /reviews?product_id=33,END,/reviews,GET,product_id=33,,browser,mobile,17,True
1184,1,GET /products?id=44,GET /cart?product_id=44,/products,GET,id=44,,returner,desktop,19,False
1184,2,GET /cart?product_id=44,END,/cart,GET,product_id=44,,returner,desktop,19,True
1185,1,GET /products/filter,"POST /products/filter  body={""gender"":""male"",""category"":""shirt"",""price"":""mid""}",/products/filter,GET,,,new_visitor,tablet,12,False
1185,2,"POST /products/filter  body={""gender"":""male"",""category"":""shirt"",""price"":""mid""}",GET /products?id=44,/products/filter,POST,,"{""gender"":""male"",""category"":""shirt"",""price"":""mid""}",new_visitor,tablet,12,False
1185,3,GET /products?id=44,GET /cart?product_id=44,/products,GET,id=44,,new_visitor,tablet,12,False
1185,4,GET /cart?product_id=44,END,/cart,GET,product_id=44,,new_visitor,tablet,12,True
1186,1,GET /products,GET /products?id=120,/products,GET,,,new_visitor,mobile,8,False
1186,2,GET /products?id=120,GET /reviews?product_id=120,/products,GET,id=120,,new_visitor,mobile,8,False
1186,3,GET /reviews?product_id=120,END,/reviews,GET,product_id=120,,new_visitor,mobile,8,True
1187,1,GET /products/filter,"POST /products/filter  body={""gender"":""unisex"",""category"":""sneakers"",""price"":""mid""}",/products/filter,GET,,,returner,mobile,2,False
1187,2,"POST /products/filter  body={""gender"":""unisex"",""category"":""sneakers"",""price"":""mid""}",GET /products?id=15,/products/filter,POST,,"{""gender"":""unisex"",""category"":""sneakers"",""price"":""mid""}",returner,mobile,2,False
1187,3,GET /products?id=15,GET /cart?product_id=15,/products,GET,id=15,,returner,mobile,2,False
1187,4,GET /cart?product_id=15,END,/cart,GET,product_id=15,,returner,mobile,2,True
1188,1,GET /products?id=120,GET /reviews?product_id=120,/products,GET,id=120,,browser,desktop,1,False
1188,2,GET /reviews?product_id=120,END,/reviews,GET,product_id=120,,browser,desktop,1,True
1189,1,GET /products,GET /products?id=22,/products,GET,,,indecisive,tablet,11,False
1189,2,GET /products?id=22,GET /reviews?product_id=22,/products,GET,id=22,,indecisive,tablet,11,False
1189,3,GET /reviews?product_id=22,GET /products?id=15,/reviews,GET,product_id=22,,indecisive,tablet,11,False
1189,4,GET /products?id=15,GET /cart?product_id=15,/products,GET,id=15,,indecisive,tablet,11,False
1189,5,GET /cart?product_id=15,END,/cart,GET,product_id=15,,indecisive,tablet,11,True
1190,1,GET /products/filter,"POST /products/filter  body={""gender"":""female"",""category"":""shirt""}",/products/filter,GET,,,new_visitor,desktop,16,False
1190,2,"POST /products/filter  body={""gender"":""female"",""category"":""shirt""}",GET /products?id=61,/products/filter,POST,,"{""gender"":""female"",""category"":""shirt""}",new_visitor,desktop,16,False
1190,3,GET /products?id=61,GET /cart?product_id=61,/products,GET,id=61,,new_visitor,desktop,16,False
1190,4,GET /cart?product_id=61,END,/cart,GET,product_id=61,,new_visitor,desktop,16,True
1191,1,GET /products,GET /products?id=44,/products,GET,,,new_visitor,tablet,20,False
1191,2,GET /products?id=44,GET /cart?product_id=44,/products,GET,id=44,,new_visitor,tablet,20,False
1191,3,GET /cart?product_id=44,GET /home,/cart,GET,product_id=44,,new_visitor,tablet,20,False
1191,4,GET /home,END,/home,GET,,,new_visitor,tablet,20,True
1192,1,GET /products/filter,"POST /products/filter  body={""gender"":""female"",""category"":""sneakers"",""price"":""high""}",/products/filter,GET,,,buyer,mobile,1,False
1192,2,"POST /products/filter  body={""gender"":""female"",""category"":""sneakers"",""price"":""high""}",GET /products?id=73,/products/filter,POST,,"{""gender"":""female"",""category"":""sneakers"",""price"":""high""}",buyer,mobile,1,False
1192,3,GET /products?id=73,GET /cart?product_id=73,/products,GET,id=73,,buyer,mobile,1,False
1192,4,GET /cart?product_id=73,END,/cart,GET,product_id=73,,buyer,mobile,1,True
1193,1,GET /products?id=120,GET /cart?product_id=120,/products,GET,id=120,,returner,desktop,3,False
1193,2,GET /cart?product_id=120,END,/cart,GET,product_id=120,,returner,desktop,3,True
1194,1,GET /search?q=wallet,GET /products?id=55,/search,GET,q=wallet,,indecisive,tablet,17,False
1194,2,GET /products?id=55,GET /reviews?product_id=55,/products,GET,id=55,,indecisive,tablet,17,False
1194,3,GET /reviews?product_id=55,END,/reviews,GET,product_id=55,,indecisive,tablet,17,True
1195,1,GET /products,GET /products?id=22,/products,GET,,,buyer,mobile,11,False
1195,2,GET /products?id=22,GET /cart?product_id=22,/products,GET,id=22,,buyer,mobile,11,False
1195,3,GET /cart?product_id=22,END,/cart,GET,product_id=22,,buyer,mobile,11,True
1196,1,GET /products,GET /products?id=88,/products,GET,,,buyer,tablet,16,False
1196,2,GET /products?id=88,GET /cart?product_id=88,/products,GET,id=88,,buyer,tablet,16,False
1196,3,GET /cart?product_id=88,GET /home,/cart,GET,product_id=88,,buyer,tablet,16,False
1196,4,GET /home,END,/home,GET,,,buyer,tablet,16,True
1197,1,GET /products,GET /products?id=73,/products,GET,,,new_visitor,mobile,16,False
1197,2,GET /products?id=73,GET /cart?product_id=73,/products,GET,id=73,,new_visitor,mobile,16,False
1197,3,GET /cart?product_id=73,GET /checkout,/cart,GET,product_id=73,,new_visitor,mobile,16,False
1197,4,GET /checkout,"POST /payment  body={""amount"": 49.99, ""method"": ""card""}",/checkout,GET,,,new_visitor,mobile,16,False
1197,5,"POST /payment  body={""amount"": 49.99, ""method"": ""card""}",END,/payment,POST,,"{""amount"": 49.99, ""method"": ""card""}",new_visitor,mobile,16,True
1198,1,GET /products,GET /products?id=55,/products,GET,,,returner,mobile,7,False
1198,2,GET /products?id=55,GET /cart?product_id=55,/products,GET,id=55,,returner,mobile,7,False
1198,3,GET /cart?product_id=55,GET /checkout,/cart,GET,product_id=55,,returner,mobile,7,False
1198,4,GET /checkout,"POST /payment  body={""amount"": 49.99, ""method"": ""card""}",/checkout,GET,,,returner,mobile,7,False
1198,5,"POST /payment  body={""amount"": 49.99, ""method"": ""card""}",END,/payment,POST,,"{""amount"": 49.99, ""method"": ""card""}",returner,mobile,7,True
1199,1,GET /products,GET /products?id=55,/products,GET,,,indecisive,mobile,9,False
1199,2,GET /products?id=55,GET /reviews?product_id=55,/products,GET,id=55,,indecisive,mobile,9,False
1199,3,GET /reviews?product_id=55,GET /products?id=55,/reviews,GET,product_id=55,,indecisive,mobile,9,False
1199,4,GET /products?id=55,GET /cart?product_id=55,/products,GET,id=55,,indecisive,mobile,9,False
1199,5,GET /cart?product_id=55,END,/cart,GET,product_id=55,,indecisive,mobile,9,True
1200,1,GET /products?id=55,GET /reviews?product_id=55,/products,GET,id=55,,returner,desktop,18,False
1200,2,GET /reviews?product_id=55,END,/reviews,GET,product_id=55,,returner,desktop,18,True
1201,1,GET /search?q=wallet,GET /products?id=110,/search,GET,q=wallet,,buyer,mobile,2,False
1201,2,GET /products?id=110,GET /cart?product_id=110,/products,GET,id=110,,buyer,mobile,2,False
1201,3,GET /cart?product_id=110,END,/cart,GET,product_id=110,,buyer,mobile,2,True
1202,1,GET /products,GET /products?id=44,/products,GET,,,indecisive,tablet,21,False
1202,2,GET /products?id=44,GET /cart?product_id=44,/products,GET,id=44,,indecisive,tablet,21,False
1202,3,GET /cart?product_id=44,END,/cart,GET,product_id=44,,indecisive,tablet,21,True
1203,1,GET /products?id=61,GET /cart?product_id=61,/products,GET,id=61,,returner,desktop,23,False
1203,2,GET /cart?product_id=61,END,/cart,GET,product_id=61,,returner,desktop,23,True
1204,1,GET /products/filter,"POST /products/filter  body={""gender"":""female"",""category"":""skirt""}",/products/filter,GET,,,browser,tablet,9,False
1204,2,"POST /products/filter  body={""gender"":""female"",""category"":""skirt""}",GET /products?id=101,/products/filter,POST,,"{""gender"":""female"",""category"":""skirt""}",browser,tablet,9,False
1204,3,GET /products?id=101,GET /cart?product_id=101,/products,GET,id=101,,browser,tablet,9,False
1204,4,GET /cart?product_id=101,END,/cart,GET,product_id=101,,browser,tablet,9,True
1205,1,GET /products,GET /products?id=101,/products,GET,,,browser,desktop,8,False
1205,2,GET /products?id=101,GET /cart?product_id=101,/products,GET,id=101,,browser,desktop,8,False
1205,3,GET /cart?product_id=101,END,/cart,GET,product_id=101,,browser,desktop,8,True
1206,1,GET /products,GET /products?id=22,/products,GET,,,buyer,mobile,12,False
1206,2,GET /products?id=22,GET /cart?product_id=22,/products,GET,id=22,,buyer,mobile,12,False
1206,3,GET /cart?product_id=22,GET /checkout,/cart,GET,product_id=22,,buyer,mobile,12,False
1206,4,GET /checkout,"POST /payment  body={""amount"": 49.99, ""method"": ""card""}",/checkout,GET,,,buyer,mobile,12,False
1206,5,"POST /payment  body={""amount"": 49.99, ""method"": ""card""}",END,/payment,POST,,"{""amount"": 49.99, ""method"": ""card""}",buyer,mobile,12,True
1207,1,GET /search?q=heels,GET /products?id=22,/search,GET,q=heels,,buyer,mobile,9,False
1207,2,GET /products?id=22,GET /reviews?product_id=22,/products,GET,id=22,,buyer,mobile,9,False
1207,3,GET /reviews?product_id=22,END,/reviews,GET,product_id=22,,buyer,mobile,9,True
1208,1,GET /products,GET /products?id=39,/products,GET,,,new_visitor,mobile,11,False
1208,2,GET /products?id=39,GET /reviews?product_id=39,/products,GET,id=39,,new_visitor,mobile,11,False
1208,3,GET /reviews?product_id=39,GET /products?id=39,/reviews,GET,product_id=39,,new_visitor,mobile,11,False
1208,4,GET /products?id=39,GET /cart?product_id=39,/products,GET,id=39,,new_visitor,mobile,11,False
1208,5,GET /cart?product_id=39,END,/cart,GET,product_id=39,,new_visitor,mobile,11,True
1209,1,GET /search?q=heels,GET /products?id=120,/search,GET,q=heels,,new_visitor,mobile,15,False
1209,2,GET /products?id=120,GET /cart?product_id=120,/products,GET,id=120,,new_visitor,mobile,15,False
1209,3,GET /cart?product_id=120,END,/cart,GET,product_id=120,,new_visitor,mobile,15,True
1210,1,GET /search?q=heels,GET /products?id=39,/search,GET,q=heels,,indecisive,tablet,19,False
1210,2,GET /products?id=39,GET /cart?product_id=39,/products,GET,id=39,,indecisive,tablet,19,False
1210,3,GET /cart?product_id=39,END,/cart,GET,product_id=39,,indecisive,tablet,19,True
1211,1,GET /products,GET /products?id=44,/products,GET,,,new_visitor,mobile,13,False
1211,2,GET /products?id=44,GET /products?id=33,/products,GET,id=44,,new_visitor,mobile,13,False
1211,3,GET /products?id=33,GET /reviews?product_id=33,/products,GET,id=33,,new_visitor,mobile,13,False
1211,4,GET /reviews?product_id=33,END,/reviews,GET,product_id=33,,new_visitor,mobile,13,True
1212,1,GET /products,GET /products?id=120,/products,GET,,,buyer,tablet,21,False
1212,2,GET /products?id=120,"POST /wishlist?product_id=120  body={""product_id"": 120}",/products,GET,id=120,,buyer,tablet,21,False
1212,3,"POST /wishlist?product_id=120  body={""product_id"": 120}",GET /cart?product_id=120,/wishlist,POST,product_id=120,"{""product_id"": 120}",buyer,tablet,21,False
1212,4,GET /cart?product_id=120,END,/cart,GET,product_id=120,,buyer,tablet,21,True
1213,1,GET /home,GET /category?type=men,/home,GET,,,new_visitor,tablet,20,False
1213,2,GET /category?type=men,GET /products?id=33,/category,GET,type=men,,new_visitor,tablet,20,False
1213,3,GET /products?id=33,GET /cart?product_id=33,/products,GET,id=33,,new_visitor,tablet,20,False
1213,4,GET /cart?product_id=33,END,/cart,GET,product_id=33,,new_visitor,tablet,20,True
1214,1,GET /products/filter,"POST /products/filter  body={""gender"":""female"",""category"":""shirt"",""price"":""mid""}",/products/filter,GET,,,returner,mobile,15,False
1214,2,"POST /products/filter  body={""gender"":""female"",""category"":""shirt"",""price"":""mid""}",GET /products?id=105,/products/filter,POST,,"{""gender"":""female"",""category"":""shirt"",""price"":""mid""}",returner,mobile,15,False
1214,3,GET /products?id=105,GET /cart?product_id=105,/products,GET,id=105,,returner,mobile,15,False
1214,4,GET /cart?product_id=105,END,/cart,GET,product_id=105,,returner,mobile,15,True
1215,1,GET /home,GET /category?type=women,/home,GET,,,indecisive,tablet,1,False
1215,2,GET /category?type=women,GET /products?id=61,/category,GET,type=women,,indecisive,tablet,1,False
1215,3,GET /products?id=61,GET /cart?product_id=61,/products,GET,id=61,,indecisive,tablet,1,False
1215,4,GET /cart?product_id=61,END,/cart,GET,product_id=61,,indecisive,tablet,1,True
1216,1,GET /search?q=wallet,GET /products?id=15,/search,GET,q=wallet,,browser,tablet,13,False
1216,2,GET /products?id=15,GET /cart?product_id=15,/products,GET,id=15,,browser,tablet,13,False
1216,3,GET /cart?product_id=15,END,/cart,GET,product_id=15,,browser,tablet,13,True
1217,1,GET /products,GET /products?id=42,/products,GET,,,indecisive,desktop,18,False
1217,2,GET /products?id=42,GET /cart?product_id=42,/products,GET,id=42,,indecisive,desktop,18,False
1217,3,GET /cart?product_id=42,END,/cart,GET,product_id=42,,indecisive,desktop,18,True
1218,1,GET /products/filter,"POST /products/filter  body={""gender"":""female"",""category"":""skirt"",""price"":""high""}",/products/filter,GET,,,returner,mobile,5,False
1218,2,"POST /products/filter  body={""gender"":""female"",""category"":""skirt"",""price"":""high""}",GET /products,/products/filter,POST,,"{""gender"":""female"",""category"":""skirt"",""price"":""high""}",returner,mobile,5,False
1218,3,GET /products,"POST /products/filter  body={""gender"":""female"",""category"":""skirt""}",/products,GET,,,returner,mobile,5,False
1218,4,"POST /products/filter  body={""gender"":""female"",""category"":""skirt""}",GET /products?id=105,/products/filter,POST,,"{""gender"":""female"",""category"":""skirt""}",returner,mobile,5,False
1218,5,GET /products?id=105,GET /cart?product_id=105,/products,GET,id=105,,returner,mobile,5,False
1218,6,GET /cart?product_id=105,END,/cart,GET,product_id=105,,returner,mobile,5,True
1219,1,GET /products,GET /products?id=110,/products,GET,,,indecisive,desktop,18,False
1219,2,GET /products?id=110,"POST /wishlist?product_id=110  body={""product_id"": 110}",/products,GET,id=110,,indecisive,desktop,18,False
1219,3,"POST /wishlist?product_id=110  body={""product_id"": 110}",GET /cart?product_id=110,/wishlist,POST,product_id=110,"{""product_id"": 110}",indecisive,desktop,18,False
1219,4,GET /cart?product_id=110,END,/cart,GET,product_id=110,,indecisive,desktop,18,True
1220,1,GET /products?id=73,GET /cart?product_id=73,/products,GET,id=73,,new_visitor,desktop,10,False
1220,2,GET /cart?product_id=73,END,/cart,GET,product_id=73,,new_visitor,desktop,10,True
1221,1,GET /products/filter,"POST /products/filter  body={""gender"":""unisex"",""category"":""skirt""}",/products/filter,GET,,,browser,tablet,19,False
1221,2,"POST /products/filter  body={""gender"":""unisex"",""category"":""skirt""}",GET /products?id=42,/products/filter,POST,,"{""gender"":""unisex"",""category"":""skirt""}",browser,tablet,19,False
1221,3,GET /products?id=42,GET /cart?product_id=42,/products,GET,id=42,,browser,tablet,19,False
1221,4,GET /cart?product_id=42,END,/cart,GET,product_id=42,,browser,tablet,19,True
1222,1,GET /products,GET /products?id=120,/products,GET,,,browser,desktop,3,False
1222,2,GET /products?id=120,GET /cart?product_id=120,/products,GET,id=120,,browser,desktop,3,False
1222,3,GET /cart?product_id=120,END,/cart,GET,product_id=120,,browser,desktop,3,True
1223,1,GET /products,GET /products?id=22,/products,GET,,,returner,tablet,23,False
1223,2,GET /products?id=22,GET /products?id=39,/products,GET,id=22,,returner,tablet,23,False
1223,3,GET /products?id=39,GET /products?id=101,/products,GET,id=39,,returner,tablet,23,False
1223,4,GET /products?id=101,GET /reviews?product_id=101,/products,GET,id=101,,returner,tablet,23,False
1223,5,GET /reviews?product_id=101,END,/reviews,GET,product_id=101,,returner,tablet,23,True
1224,1,GET /products,GET /products?id=55,/products,GET,,,browser,mobile,4,False
1224,2,GET /products?id=55,GET /reviews?product_id=55,/products,GET,id=55,,browser,mobile,4,False
1224,3,GET /reviews?product_id=55,END,/reviews,GET,product_id=55,,browser,mobile,4,True
1225,1,GET /search?q=running shoes,GET /products?id=11,/search,GET,q=running shoes,,buyer,mobile,6,False
1225,2,GET /products?id=11,GET /reviews?product_id=11,/products,GET,id=11,,buyer,mobile,6,False
1225,3,GET /reviews?product_id=11,END,/reviews,GET,product_id=11,,buyer,mobile,6,True
1226,1,GET /products,GET /products?id=22,/products,GET,,,returner,tablet,17,False
1226,2,GET /products?id=22,GET /reviews?product_id=22,/products,GET,id=22,,returner,tablet,17,False
1226,3,GET /reviews?product_id=22,END,/reviews,GET,product_id=22,,returner,tablet,17,True
1227,1,GET /products,GET /products?id=73,/products,GET,,,buyer,desktop,13,False
1227,2,GET /products?id=73,GET /reviews?product_id=73,/products,GET,id=73,,buyer,desktop,13,False
1227,3,GET /reviews?product_id=73,END,/reviews,GET,product_id=73,,buyer,desktop,13,True
1228,1,GET /products,GET /products?id=110,/products,GET,,,returner,desktop,15,False
1228,2,GET /products?id=110,GET /cart?product_id=110,/products,GET,id=110,,returner,desktop,15,False
1228,3,GET /cart?product_id=110,END,/cart,GET,product_id=110,,returner,desktop,15,True
1229,1,GET /products/filter,"POST /products/filter  body={""gender"":""male"",""category"":""skirt"",""price"":""high""}",/products/filter,GET,,,buyer,desktop,18,False
1229,2,"POST /products/filter  body={""gender"":""male"",""category"":""skirt"",""price"":""high""}",GET /products,/products/filter,POST,,"{""gender"":""male"",""category"":""skirt"",""price"":""high""}",buyer,desktop,18,False
1229,3,GET /products,"POST /products/filter  body={""gender"":""male"",""category"":""skirt""}",/products,GET,,,buyer,desktop,18,False
1229,4,"POST /products/filter  body={""gender"":""male"",""category"":""skirt""}",GET /products?id=33,/products/filter,POST,,"{""gender"":""male"",""category"":""skirt""}",buyer,desktop,18,False
1229,5,GET /products?id=33,GET /cart?product_id=33,/products,GET,id=33,,buyer,desktop,18,False
1229,6,GET /cart?product_id=33,END,/cart,GET,product_id=33,,buyer,desktop,18,True
1230,1,GET /products/filter,"POST /products/filter  body={""gender"":""male"",""category"":""sneakers"",""price"":""high""}",/products/filter,GET,,,browser,mobile,20,False
1230,2,"POST /products/filter  body={""gender"":""male"",""category"":""sneakers"",""price"":""high""}",GET /products,/products/filter,POST,,"{""gender"":""male"",""category"":""sneakers"",""price"":""high""}",browser,mobile,20,False
1230,3,GET /products,"POST /products/filter  body={""gender"":""male"",""category"":""sneakers""}",/products,GET,,,browser,mobile,20,False
1230,4,"POST /products/filter  body={""gender"":""male"",""category"":""sneakers""}",GET /products?id=120,/products/filter,POST,,"{""gender"":""male"",""category"":""sneakers""}",browser,mobile,20,False
1230,5,GET /products?id=120,GET /cart?product_id=120,/products,GET,id=120,,browser,mobile,20,False
1230,6,GET /cart?product_id=120,END,/cart,GET,product_id=120,,browser,mobile,20,True
1231,1,GET /home,GET /category?type=men,/home,GET,,,new_visitor,tablet,23,False
1231,2,GET /category?type=men,GET /products?id=11,/category,GET,type=men,,new_visitor,tablet,23,False
1231,3,GET /products?id=11,GET /cart?product_id=11,/products,GET,id=11,,new_visitor,tablet,23,False
1231,4,GET /cart?product_id=11,END,/cart,GET,product_id=11,,new_visitor,tablet,23,True
1232,1,GET /home,GET /category?type=accessories,/home,GET,,,returner,desktop,15,False
1232,2,GET /category?type=accessories,GET /products?id=120,/category,GET,type=accessories,,returner,desktop,15,False
1232,3,GET /products?id=120,GET /cart?product_id=120,/products,GET,id=120,,returner,desktop,15,False
1232,4,GET /cart?product_id=120,END,/cart,GET,product_id=120,,returner,desktop,15,True
1233,1,GET /home,GET /category?type=men,/home,GET,,,buyer,tablet,1,False
1233,2,GET /category?type=men,GET /products?id=39,/category,GET,type=men,,buyer,tablet,1,False
1233,3,GET /products?id=39,GET /cart?product_id=39,/products,GET,id=39,,buyer,tablet,1,False
1233,4,GET /cart?product_id=39,END,/cart,GET,product_id=39,,buyer,tablet,1,True
1234,1,GET /products/filter,"POST /products/filter  body={""gender"":""unisex"",""category"":""sneakers""}",/products/filter,GET,,,indecisive,tablet,2,False
1234,2,"POST /products/filter  body={""gender"":""unisex"",""category"":""sneakers""}",GET /products?id=55,/products/filter,POST,,"{""gender"":""unisex"",""category"":""sneakers""}",indecisive,tablet,2,False
1234,3,GET /products?id=55,GET /cart?product_id=55,/products,GET,id=55,,indecisive,tablet,2,False
1234,4,GET /cart?product_id=55,END,/cart,GET,product_id=55,,indecisive,tablet,2,True
1235,1,GET /products/filter,"POST /products/filter  body={""gender"":""male"",""category"":""skirt""}",/products/filter,GET,,,returner,tablet,20,False
1235,2,"POST /products/filter  body={""gender"":""male"",""category"":""skirt""}",GET /products?id=73,/products/filter,POST,,"{""gender"":""male"",""category"":""skirt""}",returner,tablet,20,False
1235,3,GET /products?id=73,GET /reviews?product_id=73,/products,GET,id=73,,returner,tablet,20,False
1235,4,GET /reviews?product_id=73,END,/reviews,GET,product_id=73,,returner,tablet,20,True
1236,1,GET /search?q=wallet,GET /products?id=11,/search,GET,q=wallet,,indecisive,tablet,6,False
1236,2,GET /products?id=11,GET /reviews?product_id=11,/products,GET,id=11,,indecisive,tablet,6,False
1236,3,GET /reviews?product_id=11,END,/reviews,GET,product_id=11,,indecisive,tablet,6,True
1237,1,GET /products,GET /products?id=33,/products,GET,,,new_visitor,mobile,18,False
1237,2,GET /products?id=33,GET /reviews?product_id=33,/products,GET,id=33,,new_visitor,mobile,18,False
1237,3,GET /reviews?product_id=33,GET /products?id=110,/reviews,GET,product_id=33,,new_visitor,mobile,18,False
1237,4,GET /products?id=110,GET /cart?product_id=110,/products,GET,id=110,,new_visitor,mobile,18,False
1237,5,GET /cart?product_id=110,END,/cart,GET,product_id=110,,new_visitor,mobile,18,True
1238,1,GET /products,GET /products?id=105,/products,GET,,,buyer,desktop,23,False
1238,2,GET /products?id=105,"POST /wishlist?product_id=105  body={""product_id"": 105}",/products,GET,id=105,,buyer,desktop,23,False
1238,3,"POST /wishlist?product_id=105  body={""product_id"": 105}",GET /cart?product_id=105,/wishlist,POST,product_id=105,"{""product_id"": 105}",buyer,desktop,23,False
1238,4,GET /cart?product_id=105,END,/cart,GET,product_id=105,,buyer,desktop,23,True
1239,1,GET /products,GET /products?id=47,/products,GET,,,indecisive,desktop,5,False
1239,2,GET /products?id=47,GET /products?id=120,/products,GET,id=47,,indecisive,desktop,5,False
1239,3,GET /products?id=120,GET /products?id=61,/products,GET,id=120,,indecisive,desktop,5,False
1239,4,GET /products?id=61,GET /cart?product_id=61,/products,GET,id=61,,indecisive,desktop,5,False
1239,5,GET /cart?product_id=61,END,/cart,GET,product_id=61,,indecisive,desktop,5,True
1240,1,GET /products,GET /products?id=105,/products,GET,,,buyer,tablet,15,False
1240,2,GET /products?id=105,GET /reviews?product_id=105,/products,GET,id=105,,buyer,tablet,15,False
1240,3,GET /reviews?product_id=105,END,/reviews,GET,product_id=105,,buyer,tablet,15,True
1241,1,GET /products/filter,"POST /products/filter  body={""gender"":""female"",""category"":""skirt"",""price"":""high""}",/products/filter,GET,,,returner,desktop,7,False
1241,2,"POST /products/filter  body={""gender"":""female"",""category"":""skirt"",""price"":""high""}",GET /products?id=15,/products/filter,POST,,"{""gender"":""female"",""category"":""skirt"",""price"":""high""}",returner,desktop,7,False
1241,3,GET /products?id=15,GET /cart?product_id=15,/products,GET,id=15,,returner,desktop,7,False
1241,4,GET /cart?product_id=15,END,/cart,GET,product_id=15,,returner,desktop,7,True
1242,1,GET /products,GET /products?id=44,/products,GET,,,indecisive,tablet,5,False
1242,2,GET /products?id=44,GET /reviews?product_id=44,/products,GET,id=44,,indecisive,tablet,5,False
1242,3,GET /reviews?product_id=44,END,/reviews,GET,product_id=44,,indecisive,tablet,5,True
1243,1,GET /products,GET /products?id=11,/products,GET,,,indecisive,desktop,3,False
1243,2,GET /products?id=11,GET /products?id=120,/products,GET,id=11,,indecisive,desktop,3,False
1243,3,GET /products?id=120,GET /cart?product_id=120,/products,GET,id=120,,indecisive,desktop,3,False
1243,4,GET /cart?product_id=120,END,/cart,GET,product_id=120,,indecisive,desktop,3,True
1244,1,GET /products,GET /products?id=15,/products,GET,,,indecisive,desktop,1,False
1244,2,GET /products?id=15,GET /cart?product_id=15,/products,GET,id=15,,indecisive,desktop,1,False
1244,3,GET /cart?product_id=15,GET /checkout,/cart,GET,product_id=15,,indecisive,desktop,1,False
1244,4,GET /checkout,"POST /payment  body={""amount"": 49.99, ""method"": ""card""}",/checkout,GET,,,indecisive,desktop,1,False
1244,5,"POST /payment  body={""amount"": 49.99, ""method"": ""card""}",END,/payment,POST,,"{""amount"": 49.99, ""method"": ""card""}",indecisive,desktop,1,True
1245,1,GET /products,GET /products?id=44,/products,GET,,,buyer,tablet,16,False
1245,2,GET /products?id=44,GET /products?id=110,/products,GET,id=44,,buyer,tablet,16,False
1245,3,GET /products?id=110,GET /reviews?product_id=110,/products,GET,id=110,,buyer,tablet,16,False
1245,4,GET /reviews?product_id=110,END,/reviews,GET,product_id=110,,buyer,tablet,16,True
1246,1,GET /products,GET /products?id=44,/products,GET,,,browser,mobile,19,False
1246,2,GET /products?id=44,GET /products?id=55,/products,GET,id=44,,browser,mobile,19,False
1246,3,GET /products?id=55,GET /cart?product_id=55,/products,GET,id=55,,browser,mobile,19,False
1246,4,GET /cart?product_id=55,END,/cart,GET,product_id=55,,browser,mobile,19,True
1247,1,GET /products,GET /products?id=22,/products,GET,,,browser,mobile,11,False
1247,2,GET /products?id=22,GET /reviews?product_id=22,/products,GET,id=22,,browser,mobile,11,False
1247,3,GET /reviews?product_id=22,END,/reviews,GET,product_id=22,,browser,mobile,11,True
1248,1,GET /products,GET /products?id=39,/products,GET,,,new_visitor,desktop,23,False
1248,2,GET /products?id=39,GET /products?id=33,/products,GET,id=39,,new_visitor,desktop,23,False
1248,3,GET /products?id=33,GET /products?id=61,/products,GET,id=33,,new_visitor,desktop,23,False
1248,4,GET /products?id=61,GET /products?id=55,/products,GET,id=61,,new_visitor,desktop,23,False
1248,5,GET /products?id=55,GET /cart?product_id=55,/products,GET,id=55,,new_visitor,desktop,23,False
1248,6,GET /cart?product_id=55,END,/cart,GET,product_id=55,,new_visitor,desktop,23,True
1249,1,GET /products/filter,"POST /products/filter  body={""gender"":""female"",""category"":""skirt"",""price"":""high""}",/products/filter,GET,,,buyer,desktop,10,False
1249,2,"POST /products/filter  body={""gender"":""female"",""category"":""skirt"",""price"":""high""}",GET /products?id=39,/products/filter,POST,,"{""gender"":""female"",""category"":""skirt"",""price"":""high""}",buyer,desktop,10,False
1249,3,GET /products?id=39,GET /cart?product_id=39,/products,GET,id=39,,buyer,desktop,10,False
1249,4,GET /cart?product_id=39,END,/cart,GET,product_id=39,,buyer,desktop,10,True
1250,1,GET /products,GET /products?id=61,/products,GET,,,returner,desktop,20,False
1250,2,GET /products?id=61,GET /reviews?product_id=61,/products,GET,id=61,,returner,desktop,20,False
1250,3,GET /reviews?product_id=61,GET /products?id=61,/reviews,GET,product_id=61,,returner,desktop,20,False
1250,4,GET /products?id=61,GET /cart?product_id=61,/products,GET,id=61,,returner,desktop,20,False
1250,5,GET /cart?product_id=61,END,/cart,GET,product_id=61,,returner,desktop,20,True
1251,1,GET /products,GET /products?id=105,/products,GET,,,new_visitor,desktop,7,False
1251,2,GET /products?id=105,GET /cart?product_id=105,/products,GET,id=105,,new_visitor,desktop,7,False
1251,3,GET /cart?product_id=105,END,/cart,GET,product_id=105,,new_visitor,desktop,7,True
1252,1,GET /products,GET /products?id=39,/products,GET,,,returner,desktop,16,False
1252,2,GET /products?id=39,GET /cart?product_id=39,/products,GET,id=39,,returner,desktop,16,False
1252,3,GET /cart?product_id=39,GET /home,/cart,GET,product_id=39,,returner,desktop,16,False
1252,4,GET /home,END,/home,GET,,,returner,desktop,16,True
1253,1,GET /products,GET /products?id=47,/products,GET,,,browser,desktop,4,False
1253,2,GET /products?id=47,GET /cart?product_id=47,/products,GET,id=47,,browser,desktop,4,False
1253,3,GET /cart?product_id=47,GET /checkout,/cart,GET,product_id=47,,browser,desktop,4,False
1253,4,GET /checkout,"POST /payment  body={""amount"": 49.99, ""method"": ""card""}",/checkout,GET,,,browser,desktop,4,False
1253,5,"POST /payment  body={""amount"": 49.99, ""method"": ""card""}",END,/payment,POST,,"{""amount"": 49.99, ""method"": ""card""}",browser,desktop,4,True
1254,1,GET /search?q=running shoes,GET /products?id=105,/search,GET,q=running shoes,,browser,desktop,10,False
1254,2,GET /products?id=105,GET /cart?product_id=105,/products,GET,id=105,,browser,desktop,10,False
1254,3,GET /cart?product_id=105,END,/cart,GET,product_id=105,,browser,desktop,10,True
1255,1,GET /products,GET /products?id=61,/products,GET,,,browser,desktop,1,False
1255,2,GET /products?id=61,GET /reviews?product_id=61,/products,GET,id=61,,browser,desktop,1,False
1255,3,GET /reviews?product_id=61,GET /products?id=61,/reviews,GET,product_id=61,,browser,desktop,1,False
1255,4,GET /products?id=61,GET /cart?product_id=61,/products,GET,id=61,,browser,desktop,1,False
1255,5,GET /cart?product_id=61,END,/cart,GET,product_id=61,,browser,desktop,1,True
1256,1,GET /products?id=22,GET /cart?product_id=22,/products,GET,id=22,,new_visitor,mobile,20,False
1256,2,GET /cart?product_id=22,END,/cart,GET,product_id=22,,new_visitor,mobile,20,True
1257,1,GET /products,GET /products?id=39,/products,GET,,,new_visitor,desktop,23,False
1257,2,GET /products?id=39,GET /cart?product_id=39,/products,GET,id=39,,new_visitor,desktop,23,False
1257,3,GET /cart?product_id=39,GET /checkout,/cart,GET,product_id=39,,new_visitor,desktop,23,False
1257,4,GET /checkout,"POST /payment  body={""amount"": 49.99, ""method"": ""card""}",/checkout,GET,,,new_visitor,desktop,23,False
1257,5,"POST /payment  body={""amount"": 49.99, ""method"": ""card""}",END,/payment,POST,,"{""amount"": 49.99, ""method"": ""card""}",new_visitor,desktop,23,True
1258,1,GET /products,GET /products?id=101,/products,GET,,,browser,desktop,16,False
1258,2,GET /products?id=101,GET /products?id=110,/products,GET,id=101,,browser,desktop,16,False
1258,3,GET /products?id=110,GET /cart?product_id=110,/products,GET,id=110,,browser,desktop,16,False
1258,4,GET /cart?product_id=110,END,/cart,GET,product_id=110,,browser,desktop,16,True
1259,1,GET /products,GET /products?id=39,/products,GET,,,new_visitor,tablet,19,False
1259,2,GET /products?id=39,GET /reviews?product_id=39,/products,GET,id=39,,new_visitor,tablet,19,False
1259,3,GET /reviews?product_id=39,GET /products?id=39,/reviews,GET,product_id=39,,new_visitor,tablet,19,False
1259,4,GET /products?id=39,GET /cart?product_id=39,/products,GET,id=39,,new_visitor,tablet,19,False
1259,5,GET /cart?product_id=39,END,/cart,GET,product_id=39,,new_visitor,tablet,19,True
1260,1,GET /products,GET /products?id=33,/products,GET,,,returner,mobile,9,False
1260,2,GET /products?id=33,GET /cart?product_id=33,/products,GET,id=33,,returner,mobile,9,False
1260,3,GET /cart?product_id=33,END,/cart,GET,product_id=33,,returner,mobile,9,True
1261,1,GET /products/filter,"POST /products/filter  body={""gender"":""female"",""category"":""watch""}",/products/filter,GET,,,buyer,tablet,17,False
1261,2,"POST /products/filter  body={""gender"":""female"",""category"":""watch""}",GET /products?id=22,/products/filter,POST,,"{""gender"":""female"",""category"":""watch""}",buyer,tablet,17,False
1261,3,GET /products?id=22,GET /cart?product_id=22,/products,GET,id=22,,buyer,tablet,17,False
1261,4,GET /cart?product_id=22,END,/cart,GET,product_id=22,,buyer,tablet,17,True
1262,1,GET /products,GET /products?id=42,/products,GET,,,new_visitor,desktop,20,False
1262,2,GET /products?id=42,GET /reviews?product_id=42,/products,GET,id=42,,new_visitor,desktop,20,False
1262,3,GET /reviews?product_id=42,END,/reviews,GET,product_id=42,,new_visitor,desktop,20,True
1263,1,GET /products/filter,"POST /products/filter  body={""gender"":""male"",""category"":""sneakers""}",/products/filter,GET,,,new_visitor,tablet,8,False
1263,2,"POST /products/filter  body={""gender"":""male"",""category"":""sneakers""}",GET /products?id=55,/products/filter,POST,,"{""gender"":""male"",""category"":""sneakers""}",new_visitor,tablet,8,False
1263,3,GET /products?id=55,GET /cart?product_id=55,/products,GET,id=55,,new_visitor,tablet,8,False
1263,4,GET /cart?product_id=55,END,/cart,GET,product_id=55,,new_visitor,tablet,8,True
1264,1,GET /products,GET /products?id=55,/products,GET,,,browser,desktop,8,False
1264,2,GET /products?id=55,GET /products?id=44,/products,GET,id=55,,browser,desktop,8,False
1264,3,GET /products?id=44,GET /products?id=55,/products,GET,id=44,,browser,desktop,8,False
1264,4,GET /products?id=55,GET /cart?product_id=55,/products,GET,id=55,,browser,desktop,8,False
1264,5,GET /cart?product_id=55,END,/cart,GET,product_id=55,,browser,desktop,8,True
1265,1,GET /search?q=leather bag,GET /products?id=11,/search,GET,q=leather bag,,new_visitor,tablet,0,False
1265,2,GET /products?id=11,GET /cart?product_id=11,/products,GET,id=11,,new_visitor,tablet,0,False
1265,3,GET /cart?product_id=11,END,/cart,GET,product_id=11,,new_visitor,tablet,0,True
1266,1,GET /products,GET /products?id=61,/products,GET,,,indecisive,desktop,9,False
1266,2,GET /products?id=61,GET /reviews?product_id=61,/products,GET,id=61,,indecisive,desktop,9,False
1266,3,GET /reviews?product_id=61,GET /products?id=61,/reviews,GET,product_id=61,,indecisive,desktop,9,False
1266,4,GET /products?id=61,GET /cart?product_id=61,/products,GET,id=61,,indecisive,desktop,9,False
1266,5,GET /cart?product_id=61,END,/cart,GET,product_id=61,,indecisive,desktop,9,True
1267,1,GET /products/filter,"POST /products/filter  body={""gender"":""male"",""category"":""watch""}",/products/filter,GET,,,returner,tablet,23,False
1267,2,"POST /products/filter  body={""gender"":""male"",""category"":""watch""}",GET /products?id=88,/products/filter,POST,,"{""gender"":""male"",""category"":""watch""}",returner,tablet,23,False
1267,3,GET /products?id=88,GET /cart?product_id=88,/products,GET,id=88,,returner,tablet,23,False
1267,4,GET /cart?product_id=88,END,/cart,GET,product_id=88,,returner,tablet,23,True
1268,1,GET /products,GET /products?id=105,/products,GET,,,indecisive,desktop,3,False
1268,2,GET /products?id=105,GET /reviews?product_id=105,/products,GET,id=105,,indecisive,desktop,3,False
1268,3,GET /reviews?product_id=105,END,/reviews,GET,product_id=105,,indecisive,desktop,3,True
1269,1,GET /search?q=running shoes,GET /products?id=120,/search,GET,q=running shoes,,browser,mobile,1,False
1269,2,GET /products?id=120,GET /cart?product_id=120,/products,GET,id=120,,browser,mobile,1,False
1269,3,GET /cart?product_id=120,END,/cart,GET,product_id=120,,browser,mobile,1,True
1270,1,GET /products/filter,"POST /products/filter  body={""gender"":""male"",""category"":""sneakers""}",/products/filter,GET,,,buyer,desktop,2,False
1270,2,"POST /products/filter  body={""gender"":""male"",""category"":""sneakers""}",GET /products?id=15,/products/filter,POST,,"{""gender"":""male"",""category"":""sneakers""}",buyer,desktop,2,False
1270,3,GET /products?id=15,GET /reviews?product_id=15,/products,GET,id=15,,buyer,desktop,2,False
1270,4,GET /reviews?product_id=15,END,/reviews,GET,product_id=15,,buyer,desktop,2,True
1271,1,GET /search?q=wallet,GET /products?id=120,/search,GET,q=wallet,,new_visitor,desktop,20,False
1271,2,GET /products?id=120,GET /cart?product_id=120,/products,GET,id=120,,new_visitor,desktop,20,False
1271,3,GET /cart?product_id=120,END,/cart,GET,product_id=120,,new_visitor,desktop,20,True
1272,1,GET /home,GET /category?type=men,/home,GET,,,returner,mobile,4,False
1272,2,GET /category?type=men,GET /products?id=33,/category,GET,type=men,,returner,mobile,4,False
1272,3,GET /products?id=33,GET /cart?product_id=33,/products,GET,id=33,,returner,mobile,4,False
1272,4,GET /cart?product_id=33,END,/cart,GET,product_id=33,,returner,mobile,4,True
1273,1,GET /products,GET /products?id=88,/products,GET,,,buyer,tablet,16,False
1273,2,GET /products?id=88,GET /reviews?product_id=88,/products,GET,id=88,,buyer,tablet,16,False
1273,3,GET /reviews?product_id=88,GET /products?id=110,/reviews,GET,product_id=88,,buyer,tablet,16,False
1273,4,GET /products?id=110,GET /reviews?product_id=110,/products,GET,id=110,,buyer,tablet,16,False
1273,5,GET /reviews?product_id=110,GET /products?id=120,/reviews,GET,product_id=110,,buyer,tablet,16,False
1273,6,GET /products?id=120,GET /cart?product_id=120,/products,GET,id=120,,buyer,tablet,16,False
1273,7,GET /cart?product_id=120,END,/cart,GET,product_id=120,,buyer,tablet,16,True
1274,1,GET /products,GET /products?id=39,/products,GET,,,browser,tablet,13,False
1274,2,GET /products?id=39,GET /cart?product_id=39,/products,GET,id=39,,browser,tablet,13,False
1274,3,GET /cart?product_id=39,END,/cart,GET,product_id=39,,browser,tablet,13,True
1275,1,GET /products,GET /products?id=22,/products,GET,,,browser,tablet,4,False
1275,2,GET /products?id=22,GET /reviews?product_id=22,/products,GET,id=22,,browser,tablet,4,False
1275,3,GET /reviews?product_id=22,END,/reviews,GET,product_id=22,,browser,tablet,4,True
1276,1,GET /products,GET /products?id=61,/products,GET,,,indecisive,desktop,15,False
1276,2,GET /products?id=61,GET /cart?product_id=61,/products,GET,id=61,,indecisive,desktop,15,False
1276,3,GET /cart?product_id=61,END,/cart,GET,product_id=61,,indecisive,desktop,15,True
1277,1,GET /products?id=22,GET /reviews?product_id=22,/products,GET,id=22,,new_visitor,desktop,1,False
1277,2,GET /reviews?product_id=22,END,/reviews,GET,product_id=22,,new_visitor,desktop,1,True
1278,1,GET /search?q=summer skirt,GET /products?id=39,/search,GET,q=summer skirt,,buyer,mobile,23,False
1278,2,GET /products?id=39,GET /reviews?product_id=39,/products,GET,id=39,,buyer,mobile,23,False
1278,3,GET /reviews?product_id=39,END,/reviews,GET,product_id=39,,buyer,mobile,23,True
1279,1,GET /search?q=men watch,GET /products?id=110,/search,GET,q=men watch,,browser,mobile,13,False
1279,2,GET /products?id=110,GET /reviews?product_id=110,/products,GET,id=110,,browser,mobile,13,False
1279,3,GET /reviews?product_id=110,END,/reviews,GET,product_id=110,,browser,mobile,13,True
1280,1,GET /products/filter,"POST /products/filter  body={""gender"":""female"",""category"":""skirt"",""price"":""high""}",/products/filter,GET,,,indecisive,desktop,15,False
1280,2,"POST /products/filter  body={""gender"":""female"",""category"":""skirt"",""price"":""high""}",GET /products,/products/filter,POST,,"{""gender"":""female"",""category"":""skirt"",""price"":""high""}",indecisive,desktop,15,False
1280,3,GET /products,"POST /products/filter  body={""gender"":""female"",""category"":""skirt""}",/products,GET,,,indecisive,desktop,15,False
1280,4,"POST /products/filter  body={""gender"":""female"",""category"":""skirt""}",GET /products?id=110,/products/filter,POST,,"{""gender"":""female"",""category"":""skirt""}",indecisive,desktop,15,False
1280,5,GET /products?id=110,GET /cart?product_id=110,/products,GET,id=110,,indecisive,desktop,15,False
1280,6,GET /cart?product_id=110,END,/cart,GET,product_id=110,,indecisive,desktop,15,True
1281,1,GET /products,GET /products?id=33,/products,GET,,,returner,tablet,14,False
1281,2,GET /products?id=33,GET /cart?product_id=33,/products,GET,id=33,,returner,tablet,14,False
1281,3,GET /cart?product_id=33,END,/cart,GET,product_id=33,,returner,tablet,14,True
1282,1,GET /search?q=leather bag,GET /products?id=101,/search,GET,q=leather bag,,new_visitor,tablet,19,False
1282,2,GET /products?id=101,GET /cart?product_id=101,/products,GET,id=101,,new_visitor,tablet,19,False
1282,3,GET /cart?product_id=101,END,/cart,GET,product_id=101,,new_visitor,tablet,19,True
1283,1,GET /products?id=110,GET /reviews?product_id=110,/products,GET,id=110,,indecisive,tablet,1,False
1283,2,GET /reviews?product_id=110,END,/reviews,GET,product_id=110,,indecisive,tablet,1,True
1284,1,GET /products,GET /products?id=22,/products,GET,,,browser,mobile,22,False
1284,2,GET /products?id=22,GET /cart?product_id=22,/products,GET,id=22,,browser,mobile,22,False
1284,3,GET /cart?product_id=22,END,/cart,GET,product_id=22,,browser,mobile,22,True
1285,1,GET /products,GET /products?id=44,/products,GET,,,browser,tablet,17,False
1285,2,GET /products?id=44,GET /reviews?product_id=44,/products,GET,id=44,,browser,tablet,17,False
1285,3,GET /reviews?product_id=44,END,/reviews,GET,product_id=44,,browser,tablet,17,True
1286,1,GET /home,GET /category?type=women,/home,GET,,,new_visitor,mobile,15,False
1286,2,GET /category?type=women,GET /products?id=42,/category,GET,type=women,,new_visitor,mobile,15,False
1286,3,GET /products?id=42,GET /cart?product_id=42,/products,GET,id=42,,new_visitor,mobile,15,False
1286,4,GET /cart?product_id=42,END,/cart,GET,product_id=42,,new_visitor,mobile,15,True
1287,1,GET /products/filter,"POST /products/filter  body={""gender"":""female"",""category"":""dress""}",/products/filter,GET,,,new_visitor,mobile,0,False
1287,2,"POST /products/filter  body={""gender"":""female"",""category"":""dress""}",GET /products?id=110,/products/filter,POST,,"{""gender"":""female"",""category"":""dress""}",new_visitor,mobile,0,False
1287,3,GET /products?id=110,GET /cart?product_id=110,/products,GET,id=110,,new_visitor,mobile,0,False
1287,4,GET /cart?product_id=110,END,/cart,GET,product_id=110,,new_visitor,mobile,0,True
1288,1,GET /products/filter,"POST /products/filter  body={""gender"":""unisex"",""category"":""skirt""}",/products/filter,GET,,,browser,tablet,19,False
1288,2,"POST /products/filter  body={""gender"":""unisex"",""category"":""skirt""}",GET /products?id=42,/products/filter,POST,,"{""gender"":""unisex"",""category"":""skirt""}",browser,tablet,19,False
1288,3,GET /products?id=42,GET /cart?product_id=42,/products,GET,id=42,,browser,tablet,19,False
1288,4,GET /cart?product_id=42,END,/cart,GET,product_id=42,,browser,tablet,19,True
1289,1,GET /search?q=jacket,GET /products?id=33,/search,GET,q=jacket,,indecisive,desktop,5,False
1289,2,GET /products?id=33,GET /cart?product_id=33,/products,GET,id=33,,indecisive,desktop,5,False
1289,3,GET /cart?product_id=33,END,/cart,GET,product_id=33,,indecisive,desktop,5,True
1290,1,GET /products,GET /products?id=55,/products,GET,,,returner,desktop,2,False
1290,2,GET /products?id=55,GET /cart?product_id=55,/products,GET,id=55,,returner,desktop,2,False
1290,3,GET /cart?product_id=55,END,/cart,GET,product_id=55,,returner,desktop,2,True
1291,1,GET /products/filter,"POST /products/filter  body={""gender"":""female"",""category"":""dress"",""price"":""high""}",/products/filter,GET,,,indecisive,mobile,5,False
1291,2,"POST /products/filter  body={""gender"":""female"",""category"":""dress"",""price"":""high""}",GET /products?id=105,/products/filter,POST,,"{""gender"":""female"",""category"":""dress"",""price"":""high""}",indecisive,mobile,5,False
1291,3,GET /products?id=105,GET /cart?product_id=105,/products,GET,id=105,,indecisive,mobile,5,False
1291,4,GET /cart?product_id=105,END,/cart,GET,product_id=105,,indecisive,mobile,5,True
1292,1,GET /products?id=73,GET /cart?product_id=73,/products,GET,id=73,,buyer,mobile,19,False
1292,2,GET /cart?product_id=73,END,/cart,GET,product_id=73,,buyer,mobile,19,True
1293,1,GET /products,GET /products?id=61,/products,GET,,,browser,desktop,12,False
1293,2,GET /products?id=61,GET /cart?product_id=61,/products,GET,id=61,,browser,desktop,12,False
1293,3,GET /cart?product_id=61,END,/cart,GET,product_id=61,,browser,desktop,12,True
1294,1,GET /products?id=55,GET /cart?product_id=55,/products,GET,id=55,,indecisive,desktop,12,False
1294,2,GET /cart?product_id=55,END,/cart,GET,product_id=55,,indecisive,desktop,12,True
1295,1,GET /products/filter,"POST /products/filter  body={""gender"":""unisex"",""category"":""watch""}",/products/filter,GET,,,buyer,tablet,18,False
1295,2,"POST /products/filter  body={""gender"":""unisex"",""category"":""watch""}",GET /products?id=55,/products/filter,POST,,"{""gender"":""unisex"",""category"":""watch""}",buyer,tablet,18,False
1295,3,GET /products?id=55,GET /cart?product_id=55,/products,GET,id=55,,buyer,tablet,18,False
1295,4,GET /cart?product_id=55,END,/cart,GET,product_id=55,,buyer,tablet,18,True
1296,1,GET /search?q=heels,GET /products?id=47,/search,GET,q=heels,,indecisive,mobile,10,False
1296,2,GET /products?id=47,GET /reviews?product_id=47,/products,GET,id=47,,indecisive,mobile,10,False
1296,3,GET /reviews?product_id=47,END,/reviews,GET,product_id=47,,indecisive,mobile,10,True
1297,1,GET /products,GET /products?id=15,/products,GET,,,returner,mobile,13,False
1297,2,GET /products?id=15,GET /products?id=55,/products,GET,id=15,,returner,mobile,13,False
1297,3,GET /products?id=55,GET /cart?product_id=55,/products,GET,id=55,,returner,mobile,13,False
1297,4,GET /cart?product_id=55,END,/cart,GET,product_id=55,,returner,mobile,13,True
1298,1,GET /products/filter,"POST /products/filter  body={""gender"":""male"",""category"":""sneakers"",""price"":""low""}",/products/filter,GET,,,new_visitor,tablet,4,False
1298,2,"POST /products/filter  body={""gender"":""male"",""category"":""sneakers"",""price"":""low""}",GET /products?id=88,/products/filter,POST,,"{""gender"":""male"",""category"":""sneakers"",""price"":""low""}",new_visitor,tablet,4,False
1298,3,GET /products?id=88,GET /cart?product_id=88,/products,GET,id=88,,new_visitor,tablet,4,False
1298,4,GET /cart?product_id=88,END,/cart,GET,product_id=88,,new_visitor,tablet,4,True
1299,1,GET /products?id=11,GET /cart?product_id=11,/products,GET,id=11,,buyer,desktop,17,False
1299,2,GET /cart?product_id=11,END,/cart,GET,product_id=11,,buyer,desktop,17,True
1300,1,GET /products,GET /products?id=110,/products,GET,,,returner,tablet,14,False
1300,2,GET /products?id=110,GET /reviews?product_id=110,/products,GET,id=110,,returner,tablet,14,False
1300,3,GET /reviews?product_id=110,END,/reviews,GET,product_id=110,,returner,tablet,14,True
1301,1,GET /products?id=42,GET /cart?product_id=42,/products,GET,id=42,,new_visitor,desktop,20,False
1301,2,GET /cart?product_id=42,END,/cart,GET,product_id=42,,new_visitor,desktop,20,True
1302,1,GET /products/filter,"POST /products/filter  body={""gender"":""unisex"",""category"":""sneakers"",""price"":""high""}",/products/filter,GET,,,returner,desktop,19,False
1302,2,"POST /products/filter  body={""gender"":""unisex"",""category"":""sneakers"",""price"":""high""}",GET /products?id=88,/products/filter,POST,,"{""gender"":""unisex"",""category"":""sneakers"",""price"":""high""}",returner,desktop,19,False
1302,3,GET /products?id=88,GET /cart?product_id=88,/products,GET,id=88,,returner,desktop,19,False
1302,4,GET /cart?product_id=88,END,/cart,GET,product_id=88,,returner,desktop,19,True
1303,1,GET /products,GET /products?id=47,/products,GET,,,new_visitor,tablet,9,False
1303,2,GET /products?id=47,GET /cart?product_id=47,/products,GET,id=47,,new_visitor,tablet,9,False
1303,3,GET /cart?product_id=47,END,/cart,GET,product_id=47,,new_visitor,tablet,9,True
1304,1,GET /products/filter,"POST /products/filter  body={""gender"":""male"",""category"":""sneakers"",""price"":""high""}",/products/filter,GET,,,returner,tablet,3,False
1304,2,"POST /products/filter  body={""gender"":""male"",""category"":""sneakers"",""price"":""high""}",GET /products,/products/filter,POST,,"{""gender"":""male"",""category"":""sneakers"",""price"":""high""}",returner,tablet,3,False
1304,3,GET /products,"POST /products/filter  body={""gender"":""male"",""category"":""sneakers""}",/products,GET,,,returner,tablet,3,False
1304,4,"POST /products/filter  body={""gender"":""male"",""category"":""sneakers""}",GET /products?id=88,/products/filter,POST,,"{""gender"":""male"",""category"":""sneakers""}",returner,tablet,3,False
1304,5,GET /products?id=88,GET /cart?product_id=88,/products,GET,id=88,,returner,tablet,3,False
1304,6,GET /cart?product_id=88,END,/cart,GET,product_id=88,,returner,tablet,3,True
1305,1,GET /products,GET /products?id=15,/products,GET,,,new_visitor,tablet,10,False
1305,2,GET /products?id=15,GET /products?id=110,/products,GET,id=15,,new_visitor,tablet,10,False
1305,3,GET /products?id=110,GET /products?id=15,/products,GET,id=110,,new_visitor,tablet,10,False
1305,4,GET /products?id=15,GET /products?id=11,/products,GET,id=15,,new_visitor,tablet,10,False
1305,5,GET /products?id=11,GET /reviews?product_id=11,/products,GET,id=11,,new_visitor,tablet,10,False
1305,6,GET /reviews?product_id=11,GET /products?id=33,/reviews,GET,product_id=11,,new_visitor,tablet,10,False
1305,7,GET /products?id=33,GET /cart?product_id=33,/products,GET,id=33,,new_visitor,tablet,10,False
1305,8,GET /cart?product_id=33,END,/cart,GET,product_id=33,,new_visitor,tablet,10,True
1306,1,GET /products,GET /products?id=42,/products,GET,,,browser,tablet,15,False
1306,2,GET /products?id=42,GET /cart?product_id=42,/products,GET,id=42,,browser,tablet,15,False
1306,3,GET /cart?product_id=42,END,/cart,GET,product_id=42,,browser,tablet,15,True
1307,1,GET /products,GET /products?id=101,/products,GET,,,returner,tablet,22,False
1307,2,GET /products?id=101,"POST /wishlist?product_id=101  body={""product_id"": 101}",/products,GET,id=101,,returner,tablet,22,False
1307,3,"POST /wishlist?product_id=101  body={""product_id"": 101}",GET /cart?product_id=101,/wishlist,POST,product_id=101,"{""product_id"": 101}",returner,tablet,22,False
1307,4,GET /cart?product_id=101,END,/cart,GET,product_id=101,,returner,tablet,22,True
1308,1,GET /products,GET /products?id=42,/products,GET,,,new_visitor,mobile,20,False
1308,2,GET /products?id=42,GET /reviews?product_id=42,/products,GET,id=42,,new_visitor,mobile,20,False
1308,3,GET /reviews?product_id=42,GET /products?id=42,/reviews,GET,product_id=42,,new_visitor,mobile,20,False
1308,4,GET /products?id=42,GET /cart?product_id=42,/products,GET,id=42,,new_visitor,mobile,20,False
1308,5,GET /cart?product_id=42,END,/cart,GET,product_id=42,,new_visitor,mobile,20,True
1309,1,GET /products/filter,"POST /products/filter  body={""gender"":""male"",""category"":""shirt""}",/products/filter,GET,,,returner,tablet,3,False
1309,2,"POST /products/filter  body={""gender"":""male"",""category"":""shirt""}",GET /products?id=101,/products/filter,POST,,"{""gender"":""male"",""category"":""shirt""}",returner,tablet,3,False
1309,3,GET /products?id=101,GET /reviews?product_id=101,/products,GET,id=101,,returner,tablet,3,False
1309,4,GET /reviews?product_id=101,END,/reviews,GET,product_id=101,,returner,tablet,3,True
1310,1,GET /products,GET /products?id=39,/products,GET,,,buyer,tablet,0,False
1310,2,GET /products?id=39,GET /reviews?product_id=39,/products,GET,id=39,,buyer,tablet,0,False
1310,3,GET /reviews?product_id=39,END,/reviews,GET,product_id=39,,buyer,tablet,0,True
1311,1,GET /products,GET /products?id=15,/products,GET,,,returner,mobile,7,False
1311,2,GET /products?id=15,GET /cart?product_id=15,/products,GET,id=15,,returner,mobile,7,False
1311,3,GET /cart?product_id=15,GET /checkout,/cart,GET,product_id=15,,returner,mobile,7,False
1311,4,GET /checkout,"POST /payment  body={""amount"": 49.99, ""method"": ""card""}",/checkout,GET,,,returner,mobile,7,False
1311,5,"POST /payment  body={""amount"": 49.99, ""method"": ""card""}",END,/payment,POST,,"{""amount"": 49.99, ""method"": ""card""}",returner,mobile,7,True
1312,1,GET /products,GET /products?id=22,/products,GET,,,indecisive,mobile,2,False
1312,2,GET /products?id=22,GET /cart?product_id=22,/products,GET,id=22,,indecisive,mobile,2,False
1312,3,GET /cart?product_id=22,GET /home,/cart,GET,product_id=22,,indecisive,mobile,2,False
1312,4,GET /home,END,/home,GET,,,indecisive,mobile,2,True
1313,1,GET /products?id=44,GET /cart?product_id=44,/products,GET,id=44,,buyer,mobile,15,False
1313,2,GET /cart?product_id=44,END,/cart,GET,product_id=44,,buyer,mobile,15,True
1314,1,GET /products,GET /products?id=101,/products,GET,,,new_visitor,mobile,0,False
1314,2,GET /products?id=101,GET /cart?product_id=101,/products,GET,id=101,,new_visitor,mobile,0,False
1314,3,GET /cart?product_id=101,END,/cart,GET,product_id=101,,new_visitor,mobile,0,True
1315,1,GET /search?q=jacket,GET /products?id=88,/search,GET,q=jacket,,indecisive,tablet,16,False
1315,2,GET /products?id=88,GET /reviews?product_id=88,/products,GET,id=88,,indecisive,tablet,16,False
1315,3,GET /reviews?product_id=88,END,/reviews,GET,product_id=88,,indecisive,tablet,16,True
1316,1,GET /products,GET /products?id=47,/products,GET,,,new_visitor,tablet,21,False
1316,2,GET /products?id=47,GET /products?id=61,/products,GET,id=47,,new_visitor,tablet,21,False
1316,3,GET /products?id=61,GET /reviews?product_id=61,/products,GET,id=61,,new_visitor,tablet,21,False
1316,4,GET /reviews?product_id=61,END,/reviews,GET,product_id=61,,new_visitor,tablet,21,True
1317,1,GET /products,GET /products?id=88,/products,GET,,,buyer,desktop,18,False
1317,2,GET /products?id=88,GET /products?id=42,/products,GET,id=88,,buyer,desktop,18,False
1317,3,GET /products?id=42,GET /products?id=15,/products,GET,id=42,,buyer,desktop,18,False
1317,4,GET /products?id=15,GET /products?id=110,/products,GET,id=15,,buyer,desktop,18,False
1317,5,GET /products?id=110,GET /reviews?product_id=110,/products,GET,id=110,,buyer,desktop,18,False
1317,6,GET /reviews?product_id=110,GET /products?id=42,/reviews,GET,product_id=110,,buyer,desktop,18,False
1317,7,GET /products?id=42,GET /cart?product_id=42,/products,GET,id=42,,buyer,desktop,18,False
1317,8,GET /cart?product_id=42,END,/cart,GET,product_id=42,,buyer,desktop,18,True
1318,1,GET /products,GET /products?id=110,/products,GET,,,returner,desktop,8,False
1318,2,GET /products?id=110,GET /cart?product_id=110,/products,GET,id=110,,returner,desktop,8,False
1318,3,GET /cart?product_id=110,END,/cart,GET,product_id=110,,returner,desktop,8,True
1319,1,GET /products/filter,"POST /products/filter  body={""gender"":""male"",""category"":""sneakers""}",/products/filter,GET,,,new_visitor,mobile,23,False
1319,2,"POST /products/filter  body={""gender"":""male"",""category"":""sneakers""}",GET /products?id=110,/products/filter,POST,,"{""gender"":""male"",""category"":""sneakers""}",new_visitor,mobile,23,False
1319,3,GET /products?id=110,GET /cart?product_id=110,/products,GET,id=110,,new_visitor,mobile,23,False
1319,4,GET /cart?product_id=110,END,/cart,GET,product_id=110,,new_visitor,mobile,23,True
1320,1,GET /products,GET /products?id=47,/products,GET,,,indecisive,mobile,12,False
1320,2,GET /products?id=47,GET /reviews?product_id=47,/products,GET,id=47,,indecisive,mobile,12,False
1320,3,GET /reviews?product_id=47,END,/reviews,GET,product_id=47,,indecisive,mobile,12,True
1321,1,GET /products?id=105,GET /reviews?product_id=105,/products,GET,id=105,,browser,tablet,7,False
1321,2,GET /reviews?product_id=105,END,/reviews,GET,product_id=105,,browser,tablet,7,True
1322,1,GET /products/filter,"POST /products/filter  body={""gender"":""female"",""category"":""skirt""}",/products/filter,GET,,,buyer,mobile,5,False
1322,2,"POST /products/filter  body={""gender"":""female"",""category"":""skirt""}",GET /products?id=42,/products/filter,POST,,"{""gender"":""female"",""category"":""skirt""}",buyer,mobile,5,False
1322,3,GET /products?id=42,GET /reviews?product_id=42,/products,GET,id=42,,buyer,mobile,5,False
1322,4,GET /reviews?product_id=42,END,/reviews,GET,product_id=42,,buyer,mobile,5,True
1323,1,GET /products,GET /products?id=33,/products,GET,,,returner,desktop,0,False
1323,2,GET /products?id=33,GET /products?id=15,/products,GET,id=33,,returner,desktop,0,False
1323,3,GET /products?id=15,GET /products?id=11,/products,GET,id=15,,returner,desktop,0,False
1323,4,GET /products?id=11,GET /products?id=55,/products,GET,id=11,,returner,desktop,0,False
1323,5,GET /products?id=55,GET /cart?product_id=55,/products,GET,id=55,,returner,desktop,0,False
1323,6,GET /cart?product_id=55,END,/cart,GET,product_id=55,,returner,desktop,0,True
1324,1,GET /home,GET /category?type=women,/home,GET,,,indecisive,mobile,10,False
1324,2,GET /category?type=women,GET /products?id=42,/category,GET,type=women,,indecisive,mobile,10,False
1324,3,GET /products?id=42,GET /cart?product_id=42,/products,GET,id=42,,indecisive,mobile,10,False
1324,4,GET /cart?product_id=42,END,/cart,GET,product_id=42,,indecisive,mobile,10,True
1325,1,GET /products,GET /products?id=110,/products,GET,,,new_visitor,tablet,14,False
1325,2,GET /products?id=110,GET /cart?product_id=110,/products,GET,id=110,,new_visitor,tablet,14,False
1325,3,GET /cart?product_id=110,GET /checkout,/cart,GET,product_id=110,,new_visitor,tablet,14,False
1325,4,GET /checkout,"POST /payment  body={""amount"": 49.99, ""method"": ""card""}",/checkout,GET,,,new_visitor,tablet,14,False
1325,5,"POST /payment  body={""amount"": 49.99, ""method"": ""card""}",END,/payment,POST,,"{""amount"": 49.99, ""method"": ""card""}",new_visitor,tablet,14,True
1326,1,GET /products?id=44,GET /cart?product_id=44,/products,GET,id=44,,new_visitor,mobile,2,False
1326,2,GET /cart?product_id=44,END,/cart,GET,product_id=44,,new_visitor,mobile,2,True
1327,1,GET /products,GET /products?id=110,/products,GET,,,browser,mobile,1,False
1327,2,GET /products?id=110,GET /reviews?product_id=110,/products,GET,id=110,,browser,mobile,1,False
1327,3,GET /reviews?product_id=110,GET /products?id=44,/reviews,GET,product_id=110,,browser,mobile,1,False
1327,4,GET /products?id=44,GET /cart?product_id=44,/products,GET,id=44,,browser,mobile,1,False
1327,5,GET /cart?product_id=44,END,/cart,GET,product_id=44,,browser,mobile,1,True
1328,1,GET /search?q=summer skirt,GET /products?id=44,/search,GET,q=summer skirt,,indecisive,tablet,20,False
1328,2,GET /products?id=44,GET /cart?product_id=44,/products,GET,id=44,,indecisive,tablet,20,False
1328,3,GET /cart?product_id=44,END,/cart,GET,product_id=44,,indecisive,tablet,20,True
1329,1,GET /products/filter,"POST /products/filter  body={""gender"":""male"",""category"":""skirt"",""price"":""high""}",/products/filter,GET,,,new_visitor,mobile,9,False
1329,2,"POST /products/filter  body={""gender"":""male"",""category"":""skirt"",""price"":""high""}",GET /products,/products/filter,POST,,"{""gender"":""male"",""category"":""skirt"",""price"":""high""}",new_visitor,mobile,9,False
1329,3,GET /products,"POST /products/filter  body={""gender"":""male"",""category"":""skirt""}",/products,GET,,,new_visitor,mobile,9,False
1329,4,"POST /products/filter  body={""gender"":""male"",""category"":""skirt""}",GET /products?id=105,/products/filter,POST,,"{""gender"":""male"",""category"":""skirt""}",new_visitor,mobile,9,False
1329,5,GET /products?id=105,GET /cart?product_id=105,/products,GET,id=105,,new_visitor,mobile,9,False
1329,6,GET /cart?product_id=105,END,/cart,GET,product_id=105,,new_visitor,mobile,9,True
1330,1,GET /products,GET /products?id=101,/products,GET,,,buyer,tablet,21,False
1330,2,GET /products?id=101,GET /products?id=110,/products,GET,id=101,,buyer,tablet,21,False
1330,3,GET /products?id=110,GET /products?id=105,/products,GET,id=110,,buyer,tablet,21,False
1330,4,GET /products?id=105,GET /reviews?product_id=105,/products,GET,id=105,,buyer,tablet,21,False
1330,5,GET /reviews?product_id=105,END,/reviews,GET,product_id=105,,buyer,tablet,21,True
1331,1,GET /products,GET /products?id=42,/products,GET,,,new_visitor,mobile,10,False
1331,2,GET /products?id=42,GET /reviews?product_id=42,/products,GET,id=42,,new_visitor,mobile,10,False
1331,3,GET /reviews?product_id=42,GET /products?id=42,/reviews,GET,product_id=42,,new_visitor,mobile,10,False
1331,4,GET /products?id=42,GET /cart?product_id=42,/products,GET,id=42,,new_visitor,mobile,10,False
1331,5,GET /cart?product_id=42,END,/cart,GET,product_id=42,,new_visitor,mobile,10,True
1332,1,GET /products,GET /products?id=55,/products,GET,,,returner,tablet,10,False
1332,2,GET /products?id=55,GET /products?id=42,/products,GET,id=55,,returner,tablet,10,False
1332,3,GET /products?id=42,GET /cart?product_id=42,/products,GET,id=42,,returner,tablet,10,False
1332,4,GET /cart?product_id=42,END,/cart,GET,product_id=42,,returner,tablet,10,True
1333,1,GET /products,GET /products?id=61,/products,GET,,,browser,tablet,6,False
1333,2,GET /products?id=61,GET /reviews?product_id=61,/products,GET,id=61,,browser,tablet,6,False
1333,3,GET /reviews?product_id=61,GET /products?id=15,/reviews,GET,product_id=61,,browser,tablet,6,False
1333,4,GET /products?id=15,GET /cart?product_id=15,/products,GET,id=15,,browser,tablet,6,False
1333,5,GET /cart?product_id=15,END,/cart,GET,product_id=15,,browser,tablet,6,True
1334,1,GET /products,GET /products?id=110,/products,GET,,,indecisive,desktop,15,False
1334,2,GET /products?id=110,"POST /wishlist?product_id=110  body={""product_id"": 110}",/products,GET,id=110,,indecisive,desktop,15,False
1334,3,"POST /wishlist?product_id=110  body={""product_id"": 110}",GET /cart?product_id=110,/wishlist,POST,product_id=110,"{""product_id"": 110}",indecisive,desktop,15,False
1334,4,GET /cart?product_id=110,END,/cart,GET,product_id=110,,indecisive,desktop,15,True
1335,1,GET /products,GET /products?id=44,/products,GET,,,buyer,mobile,4,False
1335,2,GET /products?id=44,GET /cart?product_id=44,/products,GET,id=44,,buyer,mobile,4,False
1335,3,GET /cart?product_id=44,GET /home,/cart,GET,product_id=44,,buyer,mobile,4,False
1335,4,GET /home,END,/home,GET,,,buyer,mobile,4,True
1336,1,GET /search?q=office shirt,GET /products?id=22,/search,GET,q=office shirt,,buyer,desktop,18,False
1336,2,GET /products?id=22,GET /cart?product_id=22,/products,GET,id=22,,buyer,desktop,18,False
1336,3,GET /cart?product_id=22,END,/cart,GET,product_id=22,,buyer,desktop,18,True
1337,1,GET /products,GET /products?id=22,/products,GET,,,new_visitor,tablet,4,False
1337,2,GET /products?id=22,GET /cart?product_id=22,/products,GET,id=22,,new_visitor,tablet,4,False
1337,3,GET /cart?product_id=22,END,/cart,GET,product_id=22,,new_visitor,tablet,4,True
1338,1,GET /home,GET /category?type=accessories,/home,GET,,,indecisive,desktop,0,False
1338,2,GET /category?type=accessories,GET /products?id=105,/category,GET,type=accessories,,indecisive,desktop,0,False
1338,3,GET /products?id=105,GET /cart?product_id=105,/products,GET,id=105,,indecisive,desktop,0,False
1338,4,GET /cart?product_id=105,END,/cart,GET,product_id=105,,indecisive,desktop,0,True
1339,1,GET /products,GET /products?id=44,/products,GET,,,browser,mobile,16,False
1339,2,GET /products?id=44,GET /cart?product_id=44,/products,GET,id=44,,browser,mobile,16,False
1339,3,GET /cart?product_id=44,GET /home,/cart,GET,product_id=44,,browser,mobile,16,False
1339,4,GET /home,END,/home,GET,,,browser,mobile,16,True
1340,1,GET /products?id=88,GET /reviews?product_id=88,/products,GET,id=88,,returner,desktop,6,False
1340,2,GET /reviews?product_id=88,END,/reviews,GET,product_id=88,,returner,desktop,6,True
1341,1,GET /search?q=wallet,GET /products?id=33,/search,GET,q=wallet,,indecisive,mobile,21,False
1341,2,GET /products?id=33,GET /reviews?product_id=33,/products,GET,id=33,,indecisive,mobile,21,False
1341,3,GET /reviews?product_id=33,END,/reviews,GET,product_id=33,,indecisive,mobile,21,True
1342,1,GET /products,GET /products?id=33,/products,GET,,,new_visitor,tablet,10,False
1342,2,GET /products?id=33,GET /products?id=73,/products,GET,id=33,,new_visitor,tablet,10,False
1342,3,GET /products?id=73,GET /products?id=55,/products,GET,id=73,,new_visitor,tablet,10,False
1342,4,GET /products?id=55,GET /cart?product_id=55,/products,GET,id=55,,new_visitor,tablet,10,False
1342,5,GET /cart?product_id=55,END,/cart,GET,product_id=55,,new_visitor,tablet,10,True
1343,1,GET /products,GET /products?id=11,/products,GET,,,browser,desktop,7,False
1343,2,GET /products?id=11,GET /reviews?product_id=11,/products,GET,id=11,,browser,desktop,7,False
1343,3,GET /reviews?product_id=11,GET /products?id=11,/reviews,GET,product_id=11,,browser,desktop,7,False
1343,4,GET /products?id=11,GET /cart?product_id=11,/products,GET,id=11,,browser,desktop,7,False
1343,5,GET /cart?product_id=11,END,/cart,GET,product_id=11,,browser,desktop,7,True
1344,1,GET /products/filter,"POST /products/filter  body={""gender"":""unisex"",""category"":""shirt""}",/products/filter,GET,,,returner,tablet,6,False
1344,2,"POST /products/filter  body={""gender"":""unisex"",""category"":""shirt""}",GET /products?id=88,/products/filter,POST,,"{""gender"":""unisex"",""category"":""shirt""}",returner,tablet,6,False
1344,3,GET /products?id=88,GET /cart?product_id=88,/products,GET,id=88,,returner,tablet,6,False
1344,4,GET /cart?product_id=88,END,/cart,GET,product_id=88,,returner,tablet,6,True
1345,1,GET /products/filter,"POST /products/filter  body={""gender"":""female"",""category"":""shirt""}",/products/filter,GET,,,returner,mobile,0,False
1345,2,"POST /products/filter  body={""gender"":""female"",""category"":""shirt""}",GET /products?id=42,/products/filter,POST,,"{""gender"":""female"",""category"":""shirt""}",returner,mobile,0,False
1345,3,GET /products?id=42,GET /reviews?product_id=42,/products,GET,id=42,,returner,mobile,0,False
1345,4,GET /reviews?product_id=42,END,/reviews,GET,product_id=42,,returner,mobile,0,True
1346,1,GET /products/filter,"POST /products/filter  body={""gender"":""female"",""category"":""watch"",""price"":""high""}",/products/filter,GET,,,new_visitor,mobile,4,False
1346,2,"POST /products/filter  body={""gender"":""female"",""category"":""watch"",""price"":""high""}",GET /products?id=44,/products/filter,POST,,"{""gender"":""female"",""category"":""watch"",""price"":""high""}",new_visitor,mobile,4,False
1346,3,GET /products?id=44,GET /cart?product_id=44,/products,GET,id=44,,new_visitor,mobile,4,False
1346,4,GET /cart?product_id=44,END,/cart,GET,product_id=44,,new_visitor,mobile,4,True
1347,1,GET /products/filter,"POST /products/filter  body={""gender"":""female"",""category"":""shirt"",""price"":""mid""}",/products/filter,GET,,,browser,mobile,6,False
1347,2,"POST /products/filter  body={""gender"":""female"",""category"":""shirt"",""price"":""mid""}",GET /products?id=33,/products/filter,POST,,"{""gender"":""female"",""category"":""shirt"",""price"":""mid""}",browser,mobile,6,False
1347,3,GET /products?id=33,GET /cart?product_id=33,/products,GET,id=33,,browser,mobile,6,False
1347,4,GET /cart?product_id=33,END,/cart,GET,product_id=33,,browser,mobile,6,True
1348,1,GET /products,GET /products?id=73,/products,GET,,,new_visitor,mobile,5,False
1348,2,GET /products?id=73,GET /reviews?product_id=73,/products,GET,id=73,,new_visitor,mobile,5,False
1348,3,GET /reviews?product_id=73,END,/reviews,GET,product_id=73,,new_visitor,mobile,5,True
1349,1,GET /products,GET /products?id=55,/products,GET,,,browser,mobile,21,False
1349,2,GET /products?id=55,GET /cart?product_id=55,/products,GET,id=55,,browser,mobile,21,False
1349,3,GET /cart?product_id=55,END,/cart,GET,product_id=55,,browser,mobile,21,True
1350,1,GET /products/filter,"POST /products/filter  body={""gender"":""male"",""category"":""dress""}",/products/filter,GET,,,buyer,desktop,14,False
1350,2,"POST /products/filter  body={""gender"":""male"",""category"":""dress""}",GET /products?id=105,/products/filter,POST,,"{""gender"":""male"",""category"":""dress""}",buyer,desktop,14,False
1350,3,GET /products?id=105,GET /cart?product_id=105,/products,GET,id=105,,buyer,desktop,14,False
1350,4,GET /cart?product_id=105,END,/cart,GET,product_id=105,,buyer,desktop,14,True
1351,1,GET /products,GET /products?id=88,/products,GET,,,browser,mobile,4,False
1351,2,GET /products?id=88,GET /products?id=88,/products,GET,id=88,,browser,mobile,4,False
1351,3,GET /products?id=88,GET /products?id=101,/products,GET,id=88,,browser,mobile,4,False
1351,4,GET /products?id=101,GET /products?id=39,/products,GET,id=101,,browser,mobile,4,False
1351,5,GET /products?id=39,GET /cart?product_id=39,/products,GET,id=39,,browser,mobile,4,False
1351,6,GET /cart?product_id=39,END,/cart,GET,product_id=39,,browser,mobile,4,True
1352,1,GET /products/filter,"POST /products/filter  body={""gender"":""male"",""category"":""skirt"",""price"":""high""}",/products/filter,GET,,,new_visitor,tablet,6,False
1352,2,"POST /products/filter  body={""gender"":""male"",""category"":""skirt"",""price"":""high""}",GET /products,/products/filter,POST,,"{""gender"":""male"",""category"":""skirt"",""price"":""high""}",new_visitor,tablet,6,False
1352,3,GET /products,"POST /products/filter  body={""gender"":""male"",""category"":""skirt""}",/products,GET,,,new_visitor,tablet,6,False
1352,4,"POST /products/filter  body={""gender"":""male"",""category"":""skirt""}",GET /products?id=33,/products/filter,POST,,"{""gender"":""male"",""category"":""skirt""}",new_visitor,tablet,6,False
1352,5,GET /products?id=33,GET /cart?product_id=33,/products,GET,id=33,,new_visitor,tablet,6,False
1352,6,GET /cart?product_id=33,END,/cart,GET,product_id=33,,new_visitor,tablet,6,True
1353,1,GET /products,GET /products?id=61,/products,GET,,,buyer,mobile,20,False
1353,2,GET /products?id=61,GET /cart?product_id=61,/products,GET,id=61,,buyer,mobile,20,False
1353,3,GET /cart?product_id=61,GET /home,/cart,GET,product_id=61,,buyer,mobile,20,False
1353,4,GET /home,END,/home,GET,,,buyer,mobile,20,True
1354,1,GET /products/filter,"POST /products/filter  body={""gender"":""female"",""category"":""sneakers""}",/products/filter,GET,,,new_visitor,tablet,15,False
1354,2,"POST /products/filter  body={""gender"":""female"",""category"":""sneakers""}",GET /products?id=47,/products/filter,POST,,"{""gender"":""female"",""category"":""sneakers""}",new_visitor,tablet,15,False
1354,3,GET /products?id=47,GET /cart?product_id=47,/products,GET,id=47,,new_visitor,tablet,15,False
1354,4,GET /cart?product_id=47,END,/cart,GET,product_id=47,,new_visitor,tablet,15,True
1355,1,GET /products,GET /products?id=39,/products,GET,,,buyer,tablet,12,False
1355,2,GET /products?id=39,GET /cart?product_id=39,/products,GET,id=39,,buyer,tablet,12,False
1355,3,GET /cart?product_id=39,GET /checkout,/cart,GET,product_id=39,,buyer,tablet,12,False
1355,4,GET /checkout,"POST /payment  body={""amount"": 49.99, ""method"": ""card""}",/checkout,GET,,,buyer,tablet,12,False
1355,5,"POST /payment  body={""amount"": 49.99, ""method"": ""card""}",END,/payment,POST,,"{""amount"": 49.99, ""method"": ""card""}",buyer,tablet,12,True
1356,1,GET /products,GET /products?id=39,/products,GET,,,returner,tablet,14,False
1356,2,GET /products?id=39,GET /cart?product_id=39,/products,GET,id=39,,returner,tablet,14,False
1356,3,GET /cart?product_id=39,END,/cart,GET,product_id=39,,returner,tablet,14,True
1357,1,GET /search?q=sunglasses,GET /products?id=101,/search,GET,q=sunglasses,,returner,tablet,15,False
1357,2,GET /products?id=101,GET /reviews?product_id=101,/products,GET,id=101,,returner,tablet,15,False
1357,3,GET /reviews?product_id=101,END,/reviews,GET,product_id=101,,returner,tablet,15,True
1358,1,GET /products/filter,"POST /products/filter  body={""gender"":""female"",""category"":""sneakers"",""price"":""mid""}",/products/filter,GET,,,new_visitor,tablet,1,False
1358,2,"POST /products/filter  body={""gender"":""female"",""category"":""sneakers"",""price"":""mid""}",GET /products?id=101,/products/filter,POST,,"{""gender"":""female"",""category"":""sneakers"",""price"":""mid""}",new_visitor,tablet,1,False
1358,3,GET /products?id=101,GET /cart?product_id=101,/products,GET,id=101,,new_visitor,tablet,1,False
1358,4,GET /cart?product_id=101,END,/cart,GET,product_id=101,,new_visitor,tablet,1,True
1359,1,GET /products,GET /products?id=39,/products,GET,,,buyer,desktop,13,False
1359,2,GET /products?id=39,GET /products?id=15,/products,GET,id=39,,buyer,desktop,13,False
1359,3,GET /products?id=15,GET /reviews?product_id=15,/products,GET,id=15,,buyer,desktop,13,False
1359,4,GET /reviews?product_id=15,GET /products?id=47,/reviews,GET,product_id=15,,buyer,desktop,13,False
1359,5,GET /products?id=47,GET /products?id=61,/products,GET,id=47,,buyer,desktop,13,False
1359,6,GET /products?id=61,GET /reviews?product_id=61,/products,GET,id=61,,buyer,desktop,13,False
1359,7,GET /reviews?product_id=61,GET /cart?product_id=61,/reviews,GET,product_id=61,,buyer,desktop,13,False
1359,8,GET /cart?product_id=61,END,/cart,GET,product_id=61,,buyer,desktop,13,True
1360,1,GET /products,GET /products?id=110,/products,GET,,,browser,desktop,16,False
1360,2,GET /products?id=110,GET /products?id=110,/products,GET,id=110,,browser,desktop,16,False
1360,3,GET /products?id=110,GET /products?id=105,/products,GET,id=110,,browser,desktop,16,False
1360,4,GET /products?id=105,GET /cart?product_id=105,/products,GET,id=105,,browser,desktop,16,False
1360,5,GET /cart?product_id=105,END,/cart,GET,product_id=105,,browser,desktop,16,True
1361,1,GET /search?q=running shoes,GET /products?id=110,/search,GET,q=running shoes,,returner,desktop,8,False
1361,2,GET /products?id=110,GET /cart?product_id=110,/products,GET,id=110,,returner,desktop,8,False
1361,3,GET /cart?product_id=110,END,/cart,GET,product_id=110,,returner,desktop,8,True
1362,1,GET /products,GET /products?id=47,/products,GET,,,buyer,desktop,20,False
1362,2,GET /products?id=47,GET /cart?product_id=47,/products,GET,id=47,,buyer,desktop,20,False
1362,3,GET /cart?product_id=47,END,/cart,GET,product_id=47,,buyer,desktop,20,True
1363,1,GET /products,GET /products?id=11,/products,GET,,,new_visitor,tablet,17,False
1363,2,GET /products?id=11,GET /products?id=55,/products,GET,id=11,,new_visitor,tablet,17,False
1363,3,GET /products?id=55,GET /products?id=55,/products,GET,id=55,,new_visitor,tablet,17,False
1363,4,GET /products?id=55,GET /cart?product_id=55,/products,GET,id=55,,new_visitor,tablet,17,False
1363,5,GET /cart?product_id=55,END,/cart,GET,product_id=55,,new_visitor,tablet,17,True
1364,1,GET /products/filter,"POST /products/filter  body={""gender"":""male"",""category"":""shirt""}",/products/filter,GET,,,browser,tablet,6,False
1364,2,"POST /products/filter  body={""gender"":""male"",""category"":""shirt""}",GET /products?id=22,/products/filter,POST,,"{""gender"":""male"",""category"":""shirt""}",browser,tablet,6,False
1364,3,GET /products?id=22,GET /reviews?product_id=22,/products,GET,id=22,,browser,tablet,6,False
1364,4,GET /reviews?product_id=22,END,/reviews,GET,product_id=22,,browser,tablet,6,True
1365,1,GET /products,GET /products?id=15,/products,GET,,,indecisive,mobile,22,False
1365,2,GET /products?id=15,GET /products?id=42,/products,GET,id=15,,indecisive,mobile,22,False
1365,3,GET /products?id=42,GET /reviews?product_id=42,/products,GET,id=42,,indecisive,mobile,22,False
1365,4,GET /reviews?product_id=42,END,/reviews,GET,product_id=42,,indecisive,mobile,22,True
1366,1,GET /products?id=42,GET /cart?product_id=42,/products,GET,id=42,,indecisive,desktop,12,False
1366,2,GET /cart?product_id=42,END,/cart,GET,product_id=42,,indecisive,desktop,12,True
1367,1,GET /products/filter,"POST /products/filter  body={""gender"":""unisex"",""category"":""dress""}",/products/filter,GET,,,new_visitor,mobile,12,False
1367,2,"POST /products/filter  body={""gender"":""unisex"",""category"":""dress""}",GET /products?id=11,/products/filter,POST,,"{""gender"":""unisex"",""category"":""dress""}",new_visitor,mobile,12,False
1367,3,GET /products?id=11,GET /cart?product_id=11,/products,GET,id=11,,new_visitor,mobile,12,False
1367,4,GET /cart?product_id=11,END,/cart,GET,product_id=11,,new_visitor,mobile,12,True
1368,1,GET /products,GET /products?id=110,/products,GET,,,new_visitor,tablet,17,False
1368,2,GET /products?id=110,GET /cart?product_id=110,/products,GET,id=110,,new_visitor,tablet,17,False
1368,3,GET /cart?product_id=110,GET /checkout,/cart,GET,product_id=110,,new_visitor,tablet,17,False
1368,4,GET /checkout,"POST /payment  body={""amount"": 49.99, ""method"": ""card""}",/checkout,GET,,,new_visitor,tablet,17,False
1368,5,"POST /payment  body={""amount"": 49.99, ""method"": ""card""}",END,/payment,POST,,"{""amount"": 49.99, ""method"": ""card""}",new_visitor,tablet,17,True
1369,1,GET /products/filter,"POST /products/filter  body={""gender"":""male"",""category"":""watch"",""price"":""high""}",/products/filter,GET,,,indecisive,mobile,10,False
1369,2,"POST /products/filter  body={""gender"":""male"",""category"":""watch"",""price"":""high""}",GET /products,/products/filter,POST,,"{""gender"":""male"",""category"":""watch"",""price"":""high""}",indecisive,mobile,10,False
1369,3,GET /products,"POST /products/filter  body={""gender"":""male"",""category"":""watch""}",/products,GET,,,indecisive,mobile,10,False
1369,4,"POST /products/filter  body={""gender"":""male"",""category"":""watch""}",GET /products?id=105,/products/filter,POST,,"{""gender"":""male"",""category"":""watch""}",indecisive,mobile,10,False
1369,5,GET /products?id=105,GET /cart?product_id=105,/products,GET,id=105,,indecisive,mobile,10,False
1369,6,GET /cart?product_id=105,END,/cart,GET,product_id=105,,indecisive,mobile,10,True
1370,1,GET /products/filter,"POST /products/filter  body={""gender"":""female"",""category"":""sneakers"",""price"":""high""}",/products/filter,GET,,,buyer,desktop,14,False
1370,2,"POST /products/filter  body={""gender"":""female"",""category"":""sneakers"",""price"":""high""}",GET /products,/products/filter,POST,,"{""gender"":""female"",""category"":""sneakers"",""price"":""high""}",buyer,desktop,14,False
1370,3,GET /products,"POST /products/filter  body={""gender"":""female"",""category"":""sneakers""}",/products,GET,,,buyer,desktop,14,False
1370,4,"POST /products/filter  body={""gender"":""female"",""category"":""sneakers""}",GET /products?id=61,/products/filter,POST,,"{""gender"":""female"",""category"":""sneakers""}",buyer,desktop,14,False
1370,5,GET /products?id=61,GET /cart?product_id=61,/products,GET,id=61,,buyer,desktop,14,False
1370,6,GET /cart?product_id=61,END,/cart,GET,product_id=61,,buyer,desktop,14,True
1371,1,GET /products?id=42,GET /cart?product_id=42,/products,GET,id=42,,new_visitor,mobile,9,False
1371,2,GET /cart?product_id=42,END,/cart,GET,product_id=42,,new_visitor,mobile,9,True
1372,1,GET /search?q=heels,GET /products?id=22,/search,GET,q=heels,,indecisive,desktop,7,False
1372,2,GET /products?id=22,GET /cart?product_id=22,/products,GET,id=22,,indecisive,desktop,7,False
1372,3,GET /cart?product_id=22,END,/cart,GET,product_id=22,,indecisive,desktop,7,True
1373,1,GET /home,GET /category?type=women,/home,GET,,,indecisive,tablet,0,False
1373,2,GET /category?type=women,GET /products?id=44,/category,GET,type=women,,indecisive,tablet,0,False
1373,3,GET /products?id=44,GET /cart?product_id=44,/products,GET,id=44,,indecisive,tablet,0,False
1373,4,GET /cart?product_id=44,END,/cart,GET,product_id=44,,indecisive,tablet,0,True
1374,1,GET /products,GET /products?id=101,/products,GET,,,buyer,desktop,18,False
1374,2,GET /products?id=101,GET /products?id=101,/products,GET,id=101,,buyer,desktop,18,False
1374,3,GET /products?id=101,GET /products?id=88,/products,GET,id=101,,buyer,desktop,18,False
1374,4,GET /products?id=88,GET /products?id=101,/products,GET,id=88,,buyer,desktop,18,False
1374,5,GET /products?id=101,GET /cart?product_id=101,/products,GET,id=101,,buyer,desktop,18,False
1374,6,GET /cart?product_id=101,END,/cart,GET,product_id=101,,buyer,desktop,18,True
1375,1,GET /products,GET /products?id=110,/products,GET,,,returner,mobile,15,False
1375,2,GET /products?id=110,GET /cart?product_id=110,/products,GET,id=110,,returner,mobile,15,False
1375,3,GET /cart?product_id=110,END,/cart,GET,product_id=110,,returner,mobile,15,True
1376,1,GET /products,GET /products?id=73,/products,GET,,,indecisive,mobile,5,False
1376,2,GET /products?id=73,GET /cart?product_id=73,/products,GET,id=73,,indecisive,mobile,5,False
1376,3,GET /cart?product_id=73,END,/cart,GET,product_id=73,,indecisive,mobile,5,True
1377,1,GET /products,GET /products?id=47,/products,GET,,,new_visitor,desktop,0,False
1377,2,GET /products?id=47,GET /reviews?product_id=47,/products,GET,id=47,,new_visitor,desktop,0,False
1377,3,GET /reviews?product_id=47,END,/reviews,GET,product_id=47,,new_visitor,desktop,0,True
1378,1,GET /products/filter,"POST /products/filter  body={""gender"":""unisex"",""category"":""watch"",""price"":""low""}",/products/filter,GET,,,returner,desktop,6,False
1378,2,"POST /products/filter  body={""gender"":""unisex"",""category"":""watch"",""price"":""low""}",GET /products?id=110,/products/filter,POST,,"{""gender"":""unisex"",""category"":""watch"",""price"":""low""}",returner,desktop,6,False
1378,3,GET /products?id=110,GET /cart?product_id=110,/products,GET,id=110,,returner,desktop,6,False
1378,4,GET /cart?product_id=110,END,/cart,GET,product_id=110,,returner,desktop,6,True
1379,1,GET /products,GET /products?id=33,/products,GET,,,browser,desktop,16,False
1379,2,GET /products?id=33,GET /reviews?product_id=33,/products,GET,id=33,,browser,desktop,16,False
1379,3,GET /reviews?product_id=33,END,/reviews,GET,product_id=33,,browser,desktop,16,True
1380,1,GET /products?id=61,GET /cart?product_id=61,/products,GET,id=61,,returner,desktop,5,False
1380,2,GET /cart?product_id=61,END,/cart,GET,product_id=61,,returner,desktop,5,True
1381,1,GET /search?q=leather bag,GET /products?id=61,/search,GET,q=leather bag,,returner,tablet,2,False
1381,2,GET /products?id=61,GET /cart?product_id=61,/products,GET,id=61,,returner,tablet,2,False
1381,3,GET /cart?product_id=61,END,/cart,GET,product_id=61,,returner,tablet,2,True
1382,1,GET /products,GET /products?id=120,/products,GET,,,buyer,desktop,13,False
1382,2,GET /products?id=120,GET /cart?product_id=120,/products,GET,id=120,,buyer,desktop,13,False
1382,3,GET /cart?product_id=120,GET /home,/cart,GET,product_id=120,,buyer,desktop,13,False
1382,4,GET /home,END,/home,GET,,,buyer,desktop,13,True
1383,1,GET /products?id=88,GET /cart?product_id=88,/products,GET,id=88,,buyer,tablet,18,False
1383,2,GET /cart?product_id=88,END,/cart,GET,product_id=88,,buyer,tablet,18,True
1384,1,GET /products,GET /products?id=61,/products,GET,,,returner,desktop,6,False
1384,2,GET /products?id=61,GET /cart?product_id=61,/products,GET,id=61,,returner,desktop,6,False
1384,3,GET /cart?product_id=61,END,/cart,GET,product_id=61,,returner,desktop,6,True
1385,1,GET /home,GET /category?type=accessories,/home,GET,,,returner,tablet,7,False
1385,2,GET /category?type=accessories,GET /products?id=120,/category,GET,type=accessories,,returner,tablet,7,False
1385,3,GET /products?id=120,GET /cart?product_id=120,/products,GET,id=120,,returner,tablet,7,False
1385,4,GET /cart?product_id=120,END,/cart,GET,product_id=120,,returner,tablet,7,True
1386,1,GET /products,GET /products?id=47,/products,GET,,,returner,desktop,18,False
1386,2,GET /products?id=47,GET /cart?product_id=47,/products,GET,id=47,,returner,desktop,18,False
1386,3,GET /cart?product_id=47,END,/cart,GET,product_id=47,,returner,desktop,18,True
1387,1,GET /products/filter,"POST /products/filter  body={""gender"":""male"",""category"":""sneakers"",""price"":""high""}",/products/filter,GET,,,returner,desktop,22,False
1387,2,"POST /products/filter  body={""gender"":""male"",""category"":""sneakers"",""price"":""high""}",GET /products,/products/filter,POST,,"{""gender"":""male"",""category"":""sneakers"",""price"":""high""}",returner,desktop,22,False
1387,3,GET /products,"POST /products/filter  body={""gender"":""male"",""category"":""sneakers""}",/products,GET,,,returner,desktop,22,False
1387,4,"POST /products/filter  body={""gender"":""male"",""category"":""sneakers""}",GET /products?id=73,/products/filter,POST,,"{""gender"":""male"",""category"":""sneakers""}",returner,desktop,22,False
1387,5,GET /products?id=73,GET /cart?product_id=73,/products,GET,id=73,,returner,desktop,22,False
1387,6,GET /cart?product_id=73,END,/cart,GET,product_id=73,,returner,desktop,22,True
1388,1,GET /products,GET /products?id=105,/products,GET,,,returner,mobile,5,False
1388,2,GET /products?id=105,GET /reviews?product_id=105,/products,GET,id=105,,returner,mobile,5,False
1388,3,GET /reviews?product_id=105,GET /products?id=110,/reviews,GET,product_id=105,,returner,mobile,5,False
1388,4,GET /products?id=110,GET /cart?product_id=110,/products,GET,id=110,,returner,mobile,5,False
1388,5,GET /cart?product_id=110,END,/cart,GET,product_id=110,,returner,mobile,5,True
1389,1,GET /products,GET /products?id=55,/products,GET,,,returner,tablet,5,False
1389,2,GET /products?id=55,"POST /wishlist?product_id=55  body={""product_id"": 55}",/products,GET,id=55,,returner,tablet,5,False
1389,3,"POST /wishlist?product_id=55  body={""product_id"": 55}",GET /cart?product_id=55,/wishlist,POST,product_id=55,"{""product_id"": 55}",returner,tablet,5,False
1389,4,GET /cart?product_id=55,END,/cart,GET,product_id=55,,returner,tablet,5,True
1390,1,GET /products/filter,"POST /products/filter  body={""gender"":""female"",""category"":""shirt""}",/products/filter,GET,,,returner,tablet,1,False
1390,2,"POST /products/filter  body={""gender"":""female"",""category"":""shirt""}",GET /products?id=22,/products/filter,POST,,"{""gender"":""female"",""category"":""shirt""}",returner,tablet,1,False
1390,3,GET /products?id=22,GET /cart?product_id=22,/products,GET,id=22,,returner,tablet,1,False
1390,4,GET /cart?product_id=22,END,/cart,GET,product_id=22,,returner,tablet,1,True
1391,1,GET /products,GET /products?id=88,/products,GET,,,browser,tablet,23,False
1391,2,GET /products?id=88,"POST /wishlist?product_id=88  body={""product_id"": 88}",/products,GET,id=88,,browser,tablet,23,False
1391,3,"POST /wishlist?product_id=88  body={""product_id"": 88}",GET /cart?product_id=88,/wishlist,POST,product_id=88,"{""product_id"": 88}",browser,tablet,23,False
1391,4,GET /cart?product_id=88,END,/cart,GET,product_id=88,,browser,tablet,23,True
1392,1,GET /products,GET /products?id=39,/products,GET,,,returner,desktop,17,False
1392,2,GET /products?id=39,GET /cart?product_id=39,/products,GET,id=39,,returner,desktop,17,False
1392,3,GET /cart?product_id=39,END,/cart,GET,product_id=39,,returner,desktop,17,True
1393,1,GET /search?q=running shoes,GET /products?id=15,/search,GET,q=running shoes,,browser,tablet,10,False
1393,2,GET /products?id=15,GET /cart?product_id=15,/products,GET,id=15,,browser,tablet,10,False
1393,3,GET /cart?product_id=15,END,/cart,GET,product_id=15,,browser,tablet,10,True
1394,1,GET /search?q=summer skirt,GET /products?id=110,/search,GET,q=summer skirt,,buyer,tablet,1,False
1394,2,GET /products?id=110,GET /cart?product_id=110,/products,GET,id=110,,buyer,tablet,1,False
1394,3,GET /cart?product_id=110,END,/cart,GET,product_id=110,,buyer,tablet,1,True
1395,1,GET /search?q=leather bag,GET /products?id=101,/search,GET,q=leather bag,,returner,desktop,23,False
1395,2,GET /products?id=101,GET /cart?product_id=101,/products,GET,id=101,,returner,desktop,23,False
1395,3,GET /cart?product_id=101,END,/cart,GET,product_id=101,,returner,desktop,23,True
1396,1,GET /products,GET /products?id=61,/products,GET,,,browser,mobile,8,False
1396,2,GET /products?id=61,GET /cart?product_id=61,/products,GET,id=61,,browser,mobile,8,False
1396,3,GET /cart?product_id=61,END,/cart,GET,product_id=61,,browser,mobile,8,True
1397,1,GET /products,GET /products?id=11,/products,GET,,,returner,desktop,14,False
1397,2,GET /products?id=11,GET /reviews?product_id=11,/products,GET,id=11,,returner,desktop,14,False
1397,3,GET /reviews?product_id=11,END,/reviews,GET,product_id=11,,returner,desktop,14,True
1398,1,GET /products,GET /products?id=73,/products,GET,,,returner,mobile,15,False
1398,2,GET /products?id=73,GET /cart?product_id=73,/products,GET,id=73,,returner,mobile,15,False
1398,3,GET /cart?product_id=73,GET /home,/cart,GET,product_id=73,,returner,mobile,15,False
1398,4,GET /home,END,/home,GET,,,returner,mobile,15,True
1399,1,GET /products,GET /products?id=22,/products,GET,,,buyer,mobile,19,False
1399,2,GET /products?id=22,GET /cart?product_id=22,/products,GET,id=22,,buyer,mobile,19,False
1399,3,GET /cart?product_id=22,END,/cart,GET,product_id=22,,buyer,mobile,19,True
1400,1,GET /products,GET /products?id=42,/products,GET,,,returner,mobile,2,False
1400,2,GET /products?id=42,GET /reviews?product_id=42,/products,GET,id=42,,returner,mobile,2,False
1400,3,GET /reviews?product_id=42,GET /products?id=42,/reviews,GET,product_id=42,,returner,mobile,2,False
1400,4,GET /products?id=42,GET /cart?product_id=42,/products,GET,id=42,,returner,mobile,2,False
1400,5,GET /cart?product_id=42,END,/cart,GET,product_id=42,,returner,mobile,2,True
1401,1,GET /products/filter,"POST /products/filter  body={""gender"":""female"",""category"":""skirt""}",/products/filter,GET,,,indecisive,mobile,14,False
1401,2,"POST /products/filter  body={""gender"":""female"",""category"":""skirt""}",GET /products?id=88,/products/filter,POST,,"{""gender"":""female"",""category"":""skirt""}",indecisive,mobile,14,False
1401,3,GET /products?id=88,GET /reviews?product_id=88,/products,GET,id=88,,indecisive,mobile,14,False
1401,4,GET /reviews?product_id=88,END,/reviews,GET,product_id=88,,indecisive,mobile,14,True
1402,1,GET /products/filter,"POST /products/filter  body={""gender"":""female"",""category"":""sneakers"",""price"":""high""}",/products/filter,GET,,,returner,tablet,1,False
1402,2,"POST /products/filter  body={""gender"":""female"",""category"":""sneakers"",""price"":""high""}",GET /products,/products/filter,POST,,"{""gender"":""female"",""category"":""sneakers"",""price"":""high""}",returner,tablet,1,False
1402,3,GET /products,"POST /products/filter  body={""gender"":""female"",""category"":""sneakers""}",/products,GET,,,returner,tablet,1,False
1402,4,"POST /products/filter  body={""gender"":""female"",""category"":""sneakers""}",GET /products?id=22,/products/filter,POST,,"{""gender"":""female"",""category"":""sneakers""}",returner,tablet,1,False
1402,5,GET /products?id=22,GET /cart?product_id=22,/products,GET,id=22,,returner,tablet,1,False
1402,6,GET /cart?product_id=22,END,/cart,GET,product_id=22,,returner,tablet,1,True
1403,1,GET /products,GET /products?id=101,/products,GET,,,returner,mobile,19,False
1403,2,GET /products?id=101,GET /reviews?product_id=101,/products,GET,id=101,,returner,mobile,19,False
1403,3,GET /reviews?product_id=101,END,/reviews,GET,product_id=101,,returner,mobile,19,True
1404,1,GET /products,GET /products?id=42,/products,GET,,,buyer,desktop,7,False
1404,2,GET /products?id=42,GET /cart?product_id=42,/products,GET,id=42,,buyer,desktop,7,False
1404,3,GET /cart?product_id=42,END,/cart,GET,product_id=42,,buyer,desktop,7,True
1405,1,GET /products,GET /products?id=47,/products,GET,,,browser,desktop,6,False
1405,2,GET /products?id=47,GET /reviews?product_id=47,/products,GET,id=47,,browser,desktop,6,False
1405,3,GET /reviews?product_id=47,GET /products?id=47,/reviews,GET,product_id=47,,browser,desktop,6,False
1405,4,GET /products?id=47,GET /cart?product_id=47,/products,GET,id=47,,browser,desktop,6,False
1405,5,GET /cart?product_id=47,END,/cart,GET,product_id=47,,browser,desktop,6,True
1406,1,GET /products,GET /products?id=73,/products,GET,,,buyer,mobile,21,False
1406,2,GET /products?id=73,GET /cart?product_id=73,/products,GET,id=73,,buyer,mobile,21,False
1406,3,GET /cart?product_id=73,END,/cart,GET,product_id=73,,buyer,mobile,21,True
1407,1,GET /products/filter,"POST /products/filter  body={""gender"":""unisex"",""category"":""dress""}",/products/filter,GET,,,new_visitor,mobile,10,False
1407,2,"POST /products/filter  body={""gender"":""unisex"",""category"":""dress""}",GET /products?id=88,/products/filter,POST,,"{""gender"":""unisex"",""category"":""dress""}",new_visitor,mobile,10,False
1407,3,GET /products?id=88,GET /cart?product_id=88,/products,GET,id=88,,new_visitor,mobile,10,False
1407,4,GET /cart?product_id=88,END,/cart,GET,product_id=88,,new_visitor,mobile,10,True
1408,1,GET /products,GET /products?id=88,/products,GET,,,new_visitor,desktop,13,False
1408,2,GET /products?id=88,GET /cart?product_id=88,/products,GET,id=88,,new_visitor,desktop,13,False
1408,3,GET /cart?product_id=88,END,/cart,GET,product_id=88,,new_visitor,desktop,13,True
1409,1,GET /search?q=office shirt,GET /products?id=42,/search,GET,q=office shirt,,indecisive,mobile,0,False
1409,2,GET /products?id=42,GET /cart?product_id=42,/products,GET,id=42,,indecisive,mobile,0,False
1409,3,GET /cart?product_id=42,END,/cart,GET,product_id=42,,indecisive,mobile,0,True
1410,1,GET /products/filter,"POST /products/filter  body={""gender"":""unisex"",""category"":""shirt""}",/products/filter,GET,,,returner,mobile,14,False
1410,2,"POST /products/filter  body={""gender"":""unisex"",""category"":""shirt""}",GET /products?id=39,/products/filter,POST,,"{""gender"":""unisex"",""category"":""shirt""}",returner,mobile,14,False
1410,3,GET /products?id=39,GET /cart?product_id=39,/products,GET,id=39,,returner,mobile,14,False
1410,4,GET /cart?product_id=39,END,/cart,GET,product_id=39,,returner,mobile,14,True
1411,1,GET /search?q=sunglasses,GET /products?id=120,/search,GET,q=sunglasses,,browser,mobile,6,False
1411,2,GET /products?id=120,GET /cart?product_id=120,/products,GET,id=120,,browser,mobile,6,False
1411,3,GET /cart?product_id=120,END,/cart,GET,product_id=120,,browser,mobile,6,True
1412,1,GET /products,GET /products?id=73,/products,GET,,,browser,tablet,17,False
1412,2,GET /products?id=73,GET /cart?product_id=73,/products,GET,id=73,,browser,tablet,17,False
1412,3,GET /cart?product_id=73,GET /home,/cart,GET,product_id=73,,browser,tablet,17,False
1412,4,GET /home,END,/home,GET,,,browser,tablet,17,True
1413,1,GET /products/filter,"POST /products/filter  body={""gender"":""unisex"",""category"":""sneakers"",""price"":""mid""}",/products/filter,GET,,,indecisive,mobile,19,False
1413,2,"POST /products/filter  body={""gender"":""unisex"",""category"":""sneakers"",""price"":""mid""}",GET /products?id=33,/products/filter,POST,,"{""gender"":""unisex"",""category"":""sneakers"",""price"":""mid""}",indecisive,mobile,19,False
1413,3,GET /products?id=33,GET /cart?product_id=33,/products,GET,id=33,,indecisive,mobile,19,False
1413,4,GET /cart?product_id=33,END,/cart,GET,product_id=33,,indecisive,mobile,19,True
1414,1,GET /products/filter,"POST /products/filter  body={""gender"":""unisex"",""category"":""sneakers"",""price"":""low""}",/products/filter,GET,,,buyer,tablet,22,False
1414,2,"POST /products/filter  body={""gender"":""unisex"",""category"":""sneakers"",""price"":""low""}",GET /products?id=33,/products/filter,POST,,"{""gender"":""unisex"",""category"":""sneakers"",""price"":""low""}",buyer,tablet,22,False
1414,3,GET /products?id=33,GET /cart?product_id=33,/products,GET,id=33,,buyer,tablet,22,False
1414,4,GET /cart?product_id=33,END,/cart,GET,product_id=33,,buyer,tablet,22,True
1415,1,GET /search?q=jacket,GET /products?id=11,/search,GET,q=jacket,,browser,tablet,18,False
1415,2,GET /products?id=11,GET /cart?product_id=11,/products,GET,id=11,,browser,tablet,18,False
1415,3,GET /cart?product_id=11,END,/cart,GET,product_id=11,,browser,tablet,18,True
1416,1,GET /products?id=11,GET /cart?product_id=11,/products,GET,id=11,,new_visitor,tablet,22,False
1416,2,GET /cart?product_id=11,END,/cart,GET,product_id=11,,new_visitor,tablet,22,True
1417,1,GET /products,GET /products?id=11,/products,GET,,,browser,desktop,7,False
1417,2,GET /products?id=11,GET /cart?product_id=11,/products,GET,id=11,,browser,desktop,7,False
1417,3,GET /cart?product_id=11,GET /checkout,/cart,GET,product_id=11,,browser,desktop,7,False
1417,4,GET /checkout,"POST /payment  body={""amount"": 49.99, ""method"": ""card""}",/checkout,GET,,,browser,desktop,7,False
1417,5,"POST /payment  body={""amount"": 49.99, ""method"": ""card""}",END,/payment,POST,,"{""amount"": 49.99, ""method"": ""card""}",browser,desktop,7,True
1418,1,GET /products,GET /products?id=120,/products,GET,,,new_visitor,mobile,1,False
1418,2,GET /products?id=120,GET /cart?product_id=120,/products,GET,id=120,,new_visitor,mobile,1,False
1418,3,GET /cart?product_id=120,END,/cart,GET,product_id=120,,new_visitor,mobile,1,True
1419,1,GET /products,GET /products?id=110,/products,GET,,,buyer,desktop,6,False
1419,2,GET /products?id=110,GET /products?id=33,/products,GET,id=110,,buyer,desktop,6,False
1419,3,GET /products?id=33,GET /cart?product_id=33,/products,GET,id=33,,buyer,desktop,6,False
1419,4,GET /cart?product_id=33,END,/cart,GET,product_id=33,,buyer,desktop,6,True
1420,1,GET /home,GET /category?type=men,/home,GET,,,indecisive,tablet,1,False
1420,2,GET /category?type=men,GET /products?id=22,/category,GET,type=men,,indecisive,tablet,1,False
1420,3,GET /products?id=22,GET /cart?product_id=22,/products,GET,id=22,,indecisive,tablet,1,False
1420,4,GET /cart?product_id=22,END,/cart,GET,product_id=22,,indecisive,tablet,1,True
1421,1,GET /products/filter,"POST /products/filter  body={""gender"":""female"",""category"":""dress""}",/products/filter,GET,,,browser,mobile,23,False
1421,2,"POST /products/filter  body={""gender"":""female"",""category"":""dress""}",GET /products?id=44,/products/filter,POST,,"{""gender"":""female"",""category"":""dress""}",browser,mobile,23,False
1421,3,GET /products?id=44,GET /reviews?product_id=44,/products,GET,id=44,,browser,mobile,23,False
1421,4,GET /reviews?product_id=44,END,/reviews,GET,product_id=44,,browser,mobile,23,True
1422,1,GET /products,GET /products?id=101,/products,GET,,,buyer,tablet,22,False
1422,2,GET /products?id=101,"POST /wishlist?product_id=101  body={""product_id"": 101}",/products,GET,id=101,,buyer,tablet,22,False
1422,3,"POST /wishlist?product_id=101  body={""product_id"": 101}",GET /cart?product_id=101,/wishlist,POST,product_id=101,"{""product_id"": 101}",buyer,tablet,22,False
1422,4,GET /cart?product_id=101,END,/cart,GET,product_id=101,,buyer,tablet,22,True
1423,1,GET /search?q=red dress,GET /products?id=47,/search,GET,q=red dress,,new_visitor,desktop,5,False
1423,2,GET /products?id=47,GET /cart?product_id=47,/products,GET,id=47,,new_visitor,desktop,5,False
1423,3,GET /cart?product_id=47,END,/cart,GET,product_id=47,,new_visitor,desktop,5,True
1424,1,GET /products,GET /products?id=61,/products,GET,,,returner,mobile,6,False
1424,2,GET /products?id=61,GET /reviews?product_id=61,/products,GET,id=61,,returner,mobile,6,False
1424,3,GET /reviews?product_id=61,END,/reviews,GET,product_id=61,,returner,mobile,6,True
1425,1,GET /products,GET /products?id=11,/products,GET,,,buyer,mobile,5,False
1425,2,GET /products?id=11,GET /products?id=47,/products,GET,id=11,,buyer,mobile,5,False
1425,3,GET /products?id=47,GET /cart?product_id=47,/products,GET,id=47,,buyer,mobile,5,False
1425,4,GET /cart?product_id=47,END,/cart,GET,product_id=47,,buyer,mobile,5,True
1426,1,GET /products,GET /products?id=11,/products,GET,,,returner,desktop,5,False
1426,2,GET /products?id=11,"POST /wishlist?product_id=11  body={""product_id"": 11}",/products,GET,id=11,,returner,desktop,5,False
1426,3,"POST /wishlist?product_id=11  body={""product_id"": 11}",GET /cart?product_id=11,/wishlist,POST,product_id=11,"{""product_id"": 11}",returner,desktop,5,False
1426,4,GET /cart?product_id=11,END,/cart,GET,product_id=11,,returner,desktop,5,True
1427,1,GET /products/filter,"POST /products/filter  body={""gender"":""male"",""category"":""watch""}",/products/filter,GET,,,returner,mobile,19,False
1427,2,"POST /products/filter  body={""gender"":""male"",""category"":""watch""}",GET /products?id=88,/products/filter,POST,,"{""gender"":""male"",""category"":""watch""}",returner,mobile,19,False
1427,3,GET /products?id=88,GET /cart?product_id=88,/products,GET,id=88,,returner,mobile,19,False
1427,4,GET /cart?product_id=88,END,/cart,GET,product_id=88,,returner,mobile,19,True
1428,1,GET /products?id=39,GET /cart?product_id=39,/products,GET,id=39,,indecisive,desktop,2,False
1428,2,GET /cart?product_id=39,END,/cart,GET,product_id=39,,indecisive,desktop,2,True
1429,1,GET /search?q=sunglasses,GET /products?id=105,/search,GET,q=sunglasses,,buyer,desktop,14,False
1429,2,GET /products?id=105,GET /cart?product_id=105,/products,GET,id=105,,buyer,desktop,14,False
1429,3,GET /cart?product_id=105,END,/cart,GET,product_id=105,,buyer,desktop,14,True
1430,1,GET /products,GET /products?id=105,/products,GET,,,buyer,desktop,0,False
1430,2,GET /products?id=105,GET /cart?product_id=105,/products,GET,id=105,,buyer,desktop,0,False
1430,3,GET /cart?product_id=105,GET /checkout,/cart,GET,product_id=105,,buyer,desktop,0,False
1430,4,GET /checkout,"POST /payment  body={""amount"": 49.99, ""method"": ""card""}",/checkout,GET,,,buyer,desktop,0,False
1430,5,"POST /payment  body={""amount"": 49.99, ""method"": ""card""}",END,/payment,POST,,"{""amount"": 49.99, ""method"": ""card""}",buyer,desktop,0,True
1431,1,GET /home,GET /category?type=accessories,/home,GET,,,browser,desktop,19,False
1431,2,GET /category?type=accessories,GET /products?id=105,/category,GET,type=accessories,,browser,desktop,19,False
1431,3,GET /products?id=105,GET /cart?product_id=105,/products,GET,id=105,,browser,desktop,19,False
1431,4,GET /cart?product_id=105,END,/cart,GET,product_id=105,,browser,desktop,19,True
1432,1,GET /products/filter,"POST /products/filter  body={""gender"":""male"",""category"":""sneakers""}",/products/filter,GET,,,indecisive,desktop,14,False
1432,2,"POST /products/filter  body={""gender"":""male"",""category"":""sneakers""}",GET /products?id=120,/products/filter,POST,,"{""gender"":""male"",""category"":""sneakers""}",indecisive,desktop,14,False
1432,3,GET /products?id=120,GET /cart?product_id=120,/products,GET,id=120,,indecisive,desktop,14,False
1432,4,GET /cart?product_id=120,END,/cart,GET,product_id=120,,indecisive,desktop,14,True
1433,1,GET /products,GET /products?id=88,/products,GET,,,browser,desktop,4,False
1433,2,GET /products?id=88,"POST /wishlist?product_id=88  body={""product_id"": 88}",/products,GET,id=88,,browser,desktop,4,False
1433,3,"POST /wishlist?product_id=88  body={""product_id"": 88}",GET /cart?product_id=88,/wishlist,POST,product_id=88,"{""product_id"": 88}",browser,desktop,4,False
1433,4,GET /cart?product_id=88,END,/cart,GET,product_id=88,,browser,desktop,4,True
1434,1,GET /products,GET /products?id=39,/products,GET,,,buyer,mobile,0,False
1434,2,GET /products?id=39,GET /cart?product_id=39,/products,GET,id=39,,buyer,mobile,0,False
1434,3,GET /cart?product_id=39,END,/cart,GET,product_id=39,,buyer,mobile,0,True
1435,1,GET /search?q=wallet,GET /products?id=22,/search,GET,q=wallet,,returner,desktop,23,False
1435,2,GET /products?id=22,GET /cart?product_id=22,/products,GET,id=22,,returner,desktop,23,False
1435,3,GET /cart?product_id=22,END,/cart,GET,product_id=22,,returner,desktop,23,True
1436,1,GET /products,GET /products?id=101,/products,GET,,,new_visitor,mobile,13,False
1436,2,GET /products?id=101,GET /products?id=73,/products,GET,id=101,,new_visitor,mobile,13,False
1436,3,GET /products?id=73,GET /products?id=88,/products,GET,id=73,,new_visitor,mobile,13,False
1436,4,GET /products?id=88,GET /cart?product_id=88,/products,GET,id=88,,new_visitor,mobile,13,False
1436,5,GET /cart?product_id=88,END,/cart,GET,product_id=88,,new_visitor,mobile,13,True
1437,1,GET /search?q=office shirt,GET /products?id=44,/search,GET,q=office shirt,,indecisive,tablet,22,False
1437,2,GET /products?id=44,GET /reviews?product_id=44,/products,GET,id=44,,indecisive,tablet,22,False
1437,3,GET /reviews?product_id=44,END,/reviews,GET,product_id=44,,indecisive,tablet,22,True
1438,1,GET /products/filter,"POST /products/filter  body={""gender"":""male"",""category"":""skirt"",""price"":""high""}",/products/filter,GET,,,returner,desktop,23,False
1438,2,"POST /products/filter  body={""gender"":""male"",""category"":""skirt"",""price"":""high""}",GET /products?id=42,/products/filter,POST,,"{""gender"":""male"",""category"":""skirt"",""price"":""high""}",returner,desktop,23,False
1438,3,GET /products?id=42,GET /cart?product_id=42,/products,GET,id=42,,returner,desktop,23,False
1438,4,GET /cart?product_id=42,END,/cart,GET,product_id=42,,returner,desktop,23,True
1439,1,GET /search?q=running shoes,GET /products?id=15,/search,GET,q=running shoes,,buyer,desktop,19,False
1439,2,GET /products?id=15,GET /cart?product_id=15,/products,GET,id=15,,buyer,desktop,19,False
1439,3,GET /cart?product_id=15,END,/cart,GET,product_id=15,,buyer,desktop,19,True
1440,1,GET /products?id=73,GET /cart?product_id=73,/products,GET,id=73,,buyer,tablet,18,False
1440,2,GET /cart?product_id=73,END,/cart,GET,product_id=73,,buyer,tablet,18,True
1441,1,GET /products,GET /products?id=101,/products,GET,,,browser,tablet,22,False
1441,2,GET /products?id=101,GET /reviews?product_id=101,/products,GET,id=101,,browser,tablet,22,False
1441,3,GET /reviews?product_id=101,GET /products?id=47,/reviews,GET,product_id=101,,browser,tablet,22,False
1441,4,GET /products?id=47,GET /cart?product_id=47,/products,GET,id=47,,browser,tablet,22,False
1441,5,GET /cart?product_id=47,END,/cart,GET,product_id=47,,browser,tablet,22,True
1442,1,GET /products,GET /products?id=105,/products,GET,,,new_visitor,mobile,13,False
1442,2,GET /products?id=105,GET /cart?product_id=105,/products,GET,id=105,,new_visitor,mobile,13,False
1442,3,GET /cart?product_id=105,END,/cart,GET,product_id=105,,new_visitor,mobile,13,True
1443,1,GET /products,GET /products?id=101,/products,GET,,,indecisive,tablet,17,False
1443,2,GET /products?id=101,GET /reviews?product_id=101,/products,GET,id=101,,indecisive,tablet,17,False
1443,3,GET /reviews?product_id=101,GET /products?id=101,/reviews,GET,product_id=101,,indecisive,tablet,17,False
1443,4,GET /products?id=101,GET /cart?product_id=101,/products,GET,id=101,,indecisive,tablet,17,False
1443,5,GET /cart?product_id=101,END,/cart,GET,product_id=101,,indecisive,tablet,17,True
1444,1,GET /search?q=summer skirt,GET /products?id=55,/search,GET,q=summer skirt,,new_visitor,desktop,23,False
1444,2,GET /products?id=55,GET /cart?product_id=55,/products,GET,id=55,,new_visitor,desktop,23,False
1444,3,GET /cart?product_id=55,END,/cart,GET,product_id=55,,new_visitor,desktop,23,True
1445,1,GET /products/filter,"POST /products/filter  body={""gender"":""female"",""category"":""sneakers"",""price"":""high""}",/products/filter,GET,,,new_visitor,desktop,4,False
1445,2,"POST /products/filter  body={""gender"":""female"",""category"":""sneakers"",""price"":""high""}",GET /products?id=42,/products/filter,POST,,"{""gender"":""female"",""category"":""sneakers"",""price"":""high""}",new_visitor,desktop,4,False
1445,3,GET /products?id=42,GET /cart?product_id=42,/products,GET,id=42,,new_visitor,desktop,4,False
1445,4,GET /cart?product_id=42,END,/cart,GET,product_id=42,,new_visitor,desktop,4,True
1446,1,GET /products,GET /products?id=105,/products,GET,,,buyer,desktop,0,False
1446,2,GET /products?id=105,GET /cart?product_id=105,/products,GET,id=105,,buyer,desktop,0,False
1446,3,GET /cart?product_id=105,END,/cart,GET,product_id=105,,buyer,desktop,0,True
1447,1,GET /products,GET /products?id=39,/products,GET,,,indecisive,tablet,13,False
1447,2,GET /products?id=39,GET /cart?product_id=39,/products,GET,id=39,,indecisive,tablet,13,False
1447,3,GET /cart?product_id=39,END,/cart,GET,product_id=39,,indecisive,tablet,13,True
1448,1,GET /products,GET /products?id=55,/products,GET,,,buyer,mobile,15,False
1448,2,GET /products?id=55,GET /cart?product_id=55,/products,GET,id=55,,buyer,mobile,15,False
1448,3,GET /cart?product_id=55,END,/cart,GET,product_id=55,,buyer,mobile,15,True
1449,1,GET /products,GET /products?id=73,/products,GET,,,buyer,mobile,6,False
1449,2,GET /products?id=73,GET /reviews?product_id=73,/products,GET,id=73,,buyer,mobile,6,False
1449,3,GET /reviews?product_id=73,END,/reviews,GET,product_id=73,,buyer,mobile,6,True
1450,1,GET /search?q=sunglasses,GET /products?id=55,/search,GET,q=sunglasses,,buyer,desktop,13,False
1450,2,GET /products?id=55,GET /cart?product_id=55,/products,GET,id=55,,buyer,desktop,13,False
1450,3,GET /cart?product_id=55,END,/cart,GET,product_id=55,,buyer,desktop,13,True
1451,1,GET /products,GET /products?id=55,/products,GET,,,buyer,mobile,9,False
1451,2,GET /products?id=55,GET /cart?product_id=55,/products,GET,id=55,,buyer,mobile,9,False
1451,3,GET /cart?product_id=55,END,/cart,GET,product_id=55,,buyer,mobile,9,True
1452,1,GET /products/filter,"POST /products/filter  body={""gender"":""male"",""category"":""skirt"",""price"":""low""}",/products/filter,GET,,,indecisive,mobile,18,False
1452,2,"POST /products/filter  body={""gender"":""male"",""category"":""skirt"",""price"":""low""}",GET /products?id=44,/products/filter,POST,,"{""gender"":""male"",""category"":""skirt"",""price"":""low""}",indecisive,mobile,18,False
1452,3,GET /products?id=44,GET /cart?product_id=44,/products,GET,id=44,,indecisive,mobile,18,False
1452,4,GET /cart?product_id=44,END,/cart,GET,product_id=44,,indecisive,mobile,18,True
1453,1,GET /products,GET /products?id=55,/products,GET,,,indecisive,mobile,21,False
1453,2,GET /products?id=55,GET /products?id=88,/products,GET,id=55,,indecisive,mobile,21,False
1453,3,GET /products?id=88,GET /cart?product_id=88,/products,GET,id=88,,indecisive,mobile,21,False
1453,4,GET /cart?product_id=88,END,/cart,GET,product_id=88,,indecisive,mobile,21,True
1454,1,GET /home,GET /category?type=men,/home,GET,,,browser,desktop,19,False
1454,2,GET /category?type=men,GET /products?id=33,/category,GET,type=men,,browser,desktop,19,False
1454,3,GET /products?id=33,GET /cart?product_id=33,/products,GET,id=33,,browser,desktop,19,False
1454,4,GET /cart?product_id=33,END,/cart,GET,product_id=33,,browser,desktop,19,True
1455,1,GET /search?q=office shirt,GET /products?id=33,/search,GET,q=office shirt,,returner,desktop,19,False
1455,2,GET /products?id=33,GET /cart?product_id=33,/products,GET,id=33,,returner,desktop,19,False
1455,3,GET /cart?product_id=33,END,/cart,GET,product_id=33,,returner,desktop,19,True
1456,1,GET /products,GET /products?id=101,/products,GET,,,indecisive,mobile,11,False
1456,2,GET /products?id=101,GET /reviews?product_id=101,/products,GET,id=101,,indecisive,mobile,11,False
1456,3,GET /reviews?product_id=101,GET /products?id=101,/reviews,GET,product_id=101,,indecisive,mobile,11,False
1456,4,GET /products?id=101,GET /cart?product_id=101,/products,GET,id=101,,indecisive,mobile,11,False
1456,5,GET /cart?product_id=101,END,/cart,GET,product_id=101,,indecisive,mobile,11,True
1457,1,GET /products,GET /products?id=42,/products,GET,,,new_visitor,mobile,11,False
1457,2,GET /products?id=42,GET /products?id=110,/products,GET,id=42,,new_visitor,mobile,11,False
1457,3,GET /products?id=110,GET /products?id=101,/products,GET,id=110,,new_visitor,mobile,11,False
1457,4,GET /products?id=101,GET /reviews?product_id=101,/products,GET,id=101,,new_visitor,mobile,11,False
1457,5,GET /reviews?product_id=101,GET /cart?product_id=101,/reviews,GET,product_id=101,,new_visitor,mobile,11,False
1457,6,GET /cart?product_id=101,END,/cart,GET,product_id=101,,new_visitor,mobile,11,True
1458,1,GET /products/filter,"POST /products/filter  body={""gender"":""unisex"",""category"":""dress"",""price"":""high""}",/products/filter,GET,,,new_visitor,mobile,16,False
1458,2,"POST /products/filter  body={""gender"":""unisex"",""category"":""dress"",""price"":""high""}",GET /products?id=110,/products/filter,POST,,"{""gender"":""unisex"",""category"":""dress"",""price"":""high""}",new_visitor,mobile,16,False
1458,3,GET /products?id=110,GET /cart?product_id=110,/products,GET,id=110,,new_visitor,mobile,16,False
1458,4,GET /cart?product_id=110,END,/cart,GET,product_id=110,,new_visitor,mobile,16,True
1459,1,GET /products,GET /products?id=88,/products,GET,,,new_visitor,tablet,21,False
1459,2,GET /products?id=88,GET /products?id=42,/products,GET,id=88,,new_visitor,tablet,21,False
1459,3,GET /products?id=42,GET /products?id=33,/products,GET,id=42,,new_visitor,tablet,21,False
1459,4,GET /products?id=33,GET /products?id=42,/products,GET,id=33,,new_visitor,tablet,21,False
1459,5,GET /products?id=42,GET /reviews?product_id=42,/products,GET,id=42,,new_visitor,tablet,21,False
1459,6,GET /reviews?product_id=42,GET /products?id=39,/reviews,GET,product_id=42,,new_visitor,tablet,21,False
1459,7,GET /products?id=39,GET /products?id=44,/products,GET,id=39,,new_visitor,tablet,21,False
1459,8,GET /products?id=44,GET /cart?product_id=44,/products,GET,id=44,,new_visitor,tablet,21,False
1459,9,GET /cart?product_id=44,END,/cart,GET,product_id=44,,new_visitor,tablet,21,True
1460,1,GET /products?id=120,GET /reviews?product_id=120,/products,GET,id=120,,browser,desktop,13,False
1460,2,GET /reviews?product_id=120,END,/reviews,GET,product_id=120,,browser,desktop,13,True
1461,1,GET /products/filter,"POST /products/filter  body={""gender"":""female"",""category"":""dress""}",/products/filter,GET,,,browser,tablet,12,False
1461,2,"POST /products/filter  body={""gender"":""female"",""category"":""dress""}",GET /products?id=44,/products/filter,POST,,"{""gender"":""female"",""category"":""dress""}",browser,tablet,12,False
1461,3,GET /products?id=44,GET /cart?product_id=44,/products,GET,id=44,,browser,tablet,12,False
1461,4,GET /cart?product_id=44,END,/cart,GET,product_id=44,,browser,tablet,12,True
1462,1,GET /products/filter,"POST /products/filter  body={""gender"":""unisex"",""category"":""watch""}",/products/filter,GET,,,buyer,desktop,2,False
1462,2,"POST /products/filter  body={""gender"":""unisex"",""category"":""watch""}",GET /products?id=73,/products/filter,POST,,"{""gender"":""unisex"",""category"":""watch""}",buyer,desktop,2,False
1462,3,GET /products?id=73,GET /cart?product_id=73,/products,GET,id=73,,buyer,desktop,2,False
1462,4,GET /cart?product_id=73,END,/cart,GET,product_id=73,,buyer,desktop,2,True
1463,1,GET /products,GET /products?id=11,/products,GET,,,returner,mobile,15,False
1463,2,GET /products?id=11,GET /reviews?product_id=11,/products,GET,id=11,,returner,mobile,15,False
1463,3,GET /reviews?product_id=11,GET /products?id=11,/reviews,GET,product_id=11,,returner,mobile,15,False
1463,4,GET /products?id=11,GET /cart?product_id=11,/products,GET,id=11,,returner,mobile,15,False
1463,5,GET /cart?product_id=11,END,/cart,GET,product_id=11,,returner,mobile,15,True
1464,1,GET /products,GET /products?id=47,/products,GET,,,buyer,mobile,5,False
1464,2,GET /products?id=47,GET /cart?product_id=47,/products,GET,id=47,,buyer,mobile,5,False
1464,3,GET /cart?product_id=47,GET /checkout,/cart,GET,product_id=47,,buyer,mobile,5,False
1464,4,GET /checkout,"POST /payment  body={""amount"": 49.99, ""method"": ""card""}",/checkout,GET,,,buyer,mobile,5,False
1464,5,"POST /payment  body={""amount"": 49.99, ""method"": ""card""}",END,/payment,POST,,"{""amount"": 49.99, ""method"": ""card""}",buyer,mobile,5,True
1465,1,GET /products,GET /products?id=33,/products,GET,,,browser,desktop,22,False
1465,2,GET /products?id=33,GET /reviews?product_id=33,/products,GET,id=33,,browser,desktop,22,False
1465,3,GET /reviews?product_id=33,END,/reviews,GET,product_id=33,,browser,desktop,22,True
1466,1,GET /products/filter,"POST /products/filter  body={""gender"":""male"",""category"":""skirt"",""price"":""mid""}",/products/filter,GET,,,indecisive,mobile,23,False
1466,2,"POST /products/filter  body={""gender"":""male"",""category"":""skirt"",""price"":""mid""}",GET /products?id=120,/products/filter,POST,,"{""gender"":""male"",""category"":""skirt"",""price"":""mid""}",indecisive,mobile,23,False
1466,3,GET /products?id=120,GET /cart?product_id=120,/products,GET,id=120,,indecisive,mobile,23,False
1466,4,GET /cart?product_id=120,END,/cart,GET,product_id=120,,indecisive,mobile,23,True
1467,1,GET /products,GET /products?id=33,/products,GET,,,browser,tablet,10,False
1467,2,GET /products?id=33,GET /products?id=101,/products,GET,id=33,,browser,tablet,10,False
1467,3,GET /products?id=101,GET /products?id=101,/products,GET,id=101,,browser,tablet,10,False
1467,4,GET /products?id=101,GET /cart?product_id=101,/products,GET,id=101,,browser,tablet,10,False
1467,5,GET /cart?product_id=101,END,/cart,GET,product_id=101,,browser,tablet,10,True
1468,1,GET /products/filter,"POST /products/filter  body={""gender"":""male"",""category"":""skirt"",""price"":""low""}",/products/filter,GET,,,returner,mobile,7,False
1468,2,"POST /products/filter  body={""gender"":""male"",""category"":""skirt"",""price"":""low""}",GET /products?id=47,/products/filter,POST,,"{""gender"":""male"",""category"":""skirt"",""price"":""low""}",returner,mobile,7,False
1468,3,GET /products?id=47,GET /cart?product_id=47,/products,GET,id=47,,returner,mobile,7,False
1468,4,GET /cart?product_id=47,END,/cart,GET,product_id=47,,returner,mobile,7,True
1469,1,GET /products?id=55,GET /cart?product_id=55,/products,GET,id=55,,indecisive,tablet,18,False
1469,2,GET /cart?product_id=55,END,/cart,GET,product_id=55,,indecisive,tablet,18,True
1470,1,GET /products,GET /products?id=22,/products,GET,,,buyer,desktop,12,False
1470,2,GET /products?id=22,GET /products?id=44,/products,GET,id=22,,buyer,desktop,12,False
1470,3,GET /products?id=44,GET /cart?product_id=44,/products,GET,id=44,,buyer,desktop,12,False
1470,4,GET /cart?product_id=44,END,/cart,GET,product_id=44,,buyer,desktop,12,True
1471,1,GET /products/filter,"POST /products/filter  body={""gender"":""male"",""category"":""dress""}",/products/filter,GET,,,buyer,desktop,13,False
1471,2,"POST /products/filter  body={""gender"":""male"",""category"":""dress""}",GET /products?id=11,/products/filter,POST,,"{""gender"":""male"",""category"":""dress""}",buyer,desktop,13,False
1471,3,GET /products?id=11,GET /cart?product_id=11,/products,GET,id=11,,buyer,desktop,13,False
1471,4,GET /cart?product_id=11,END,/cart,GET,product_id=11,,buyer,desktop,13,True
1472,1,GET /home,GET /category?type=men,/home,GET,,,browser,desktop,0,False
1472,2,GET /category?type=men,GET /products?id=22,/category,GET,type=men,,browser,desktop,0,False
1472,3,GET /products?id=22,GET /cart?product_id=22,/products,GET,id=22,,browser,desktop,0,False
1472,4,GET /cart?product_id=22,END,/cart,GET,product_id=22,,browser,desktop,0,True
1473,1,GET /search?q=wallet,GET /products?id=61,/search,GET,q=wallet,,buyer,desktop,7,False
1473,2,GET /products?id=61,GET /reviews?product_id=61,/products,GET,id=61,,buyer,desktop,7,False
1473,3,GET /reviews?product_id=61,END,/reviews,GET,product_id=61,,buyer,desktop,7,True
1474,1,GET /products,GET /products?id=44,/products,GET,,,new_visitor,desktop,4,False
1474,2,GET /products?id=44,GET /cart?product_id=44,/products,GET,id=44,,new_visitor,desktop,4,False
1474,3,GET /cart?product_id=44,GET /checkout,/cart,GET,product_id=44,,new_visitor,desktop,4,False
1474,4,GET /checkout,"POST /payment  body={""amount"": 49.99, ""method"": ""card""}",/checkout,GET,,,new_visitor,desktop,4,False
1474,5,"POST /payment  body={""amount"": 49.99, ""method"": ""card""}",END,/payment,POST,,"{""amount"": 49.99, ""method"": ""card""}",new_visitor,desktop,4,True
1475,1,GET /home,GET /category?type=accessories,/home,GET,,,new_visitor,desktop,9,False
1475,2,GET /category?type=accessories,GET /products?id=101,/category,GET,type=accessories,,new_visitor,desktop,9,False
1475,3,GET /products?id=101,GET /cart?product_id=101,/products,GET,id=101,,new_visitor,desktop,9,False
1475,4,GET /cart?product_id=101,END,/cart,GET,product_id=101,,new_visitor,desktop,9,True
1476,1,GET /search?q=leather bag,GET /products?id=120,/search,GET,q=leather bag,,indecisive,tablet,18,False
1476,2,GET /products?id=120,GET /reviews?product_id=120,/products,GET,id=120,,indecisive,tablet,18,False
1476,3,GET /reviews?product_id=120,END,/reviews,GET,product_id=120,,indecisive,tablet,18,True
1477,1,GET /products,GET /products?id=33,/products,GET,,,indecisive,tablet,12,False
1477,2,GET /products?id=33,GET /cart?product_id=33,/products,GET,id=33,,indecisive,tablet,12,False
1477,3,GET /cart?product_id=33,END,/cart,GET,product_id=33,,indecisive,tablet,12,True
1478,1,GET /products,GET /products?id=44,/products,GET,,,buyer,tablet,7,False
1478,2,GET /products?id=44,"POST /wishlist?product_id=44  body={""product_id"": 44}",/products,GET,id=44,,buyer,tablet,7,False
1478,3,"POST /wishlist?product_id=44  body={""product_id"": 44}",GET /cart?product_id=44,/wishlist,POST,product_id=44,"{""product_id"": 44}",buyer,tablet,7,False
1478,4,GET /cart?product_id=44,END,/cart,GET,product_id=44,,buyer,tablet,7,True
1479,1,GET /search?q=running shoes,GET /products?id=42,/search,GET,q=running shoes,,buyer,desktop,23,False
1479,2,GET /products?id=42,GET /cart?product_id=42,/products,GET,id=42,,buyer,desktop,23,False
1479,3,GET /cart?product_id=42,END,/cart,GET,product_id=42,,buyer,desktop,23,True
1480,1,GET /search?q=wallet,GET /products?id=39,/search,GET,q=wallet,,new_visitor,desktop,10,False
1480,2,GET /products?id=39,GET /cart?product_id=39,/products,GET,id=39,,new_visitor,desktop,10,False
1480,3,GET /cart?product_id=39,END,/cart,GET,product_id=39,,new_visitor,desktop,10,True
1481,1,GET /home,GET /category?type=men,/home,GET,,,returner,desktop,2,False
1481,2,GET /category?type=men,GET /products?id=22,/category,GET,type=men,,returner,desktop,2,False
1481,3,GET /products?id=22,GET /cart?product_id=22,/products,GET,id=22,,returner,desktop,2,False
1481,4,GET /cart?product_id=22,END,/cart,GET,product_id=22,,returner,desktop,2,True
1482,1,GET /search?q=running shoes,GET /products?id=33,/search,GET,q=running shoes,,buyer,tablet,17,False
1482,2,GET /products?id=33,GET /cart?product_id=33,/products,GET,id=33,,buyer,tablet,17,False
1482,3,GET /cart?product_id=33,END,/cart,GET,product_id=33,,buyer,tablet,17,True
1483,1,GET /products/filter,"POST /products/filter  body={""gender"":""unisex"",""category"":""dress""}",/products/filter,GET,,,new_visitor,mobile,22,False
1483,2,"POST /products/filter  body={""gender"":""unisex"",""category"":""dress""}",GET /products?id=61,/products/filter,POST,,"{""gender"":""unisex"",""category"":""dress""}",new_visitor,mobile,22,False
1483,3,GET /products?id=61,GET /cart?product_id=61,/products,GET,id=61,,new_visitor,mobile,22,False
1483,4,GET /cart?product_id=61,END,/cart,GET,product_id=61,,new_visitor,mobile,22,True
1484,1,GET /products/filter,"POST /products/filter  body={""gender"":""female"",""category"":""dress"",""price"":""mid""}",/products/filter,GET,,,returner,tablet,15,False
1484,2,"POST /products/filter  body={""gender"":""female"",""category"":""dress"",""price"":""mid""}",GET /products?id=88,/products/filter,POST,,"{""gender"":""female"",""category"":""dress"",""price"":""mid""}",returner,tablet,15,False
1484,3,GET /products?id=88,GET /cart?product_id=88,/products,GET,id=88,,returner,tablet,15,False
1484,4,GET /cart?product_id=88,END,/cart,GET,product_id=88,,returner,tablet,15,True
1485,1,GET /products,GET /products?id=61,/products,GET,,,browser,desktop,23,False
1485,2,GET /products?id=61,GET /products?id=101,/products,GET,id=61,,browser,desktop,23,False
1485,3,GET /products?id=101,GET /reviews?product_id=101,/products,GET,id=101,,browser,desktop,23,False
1485,4,GET /reviews?product_id=101,GET /products?id=105,/reviews,GET,product_id=101,,browser,desktop,23,False
1485,5,GET /products?id=105,GET /reviews?product_id=105,/products,GET,id=105,,browser,desktop,23,False
1485,6,GET /reviews?product_id=105,GET /cart?product_id=105,/reviews,GET,product_id=105,,browser,desktop,23,False
1485,7,GET /cart?product_id=105,END,/cart,GET,product_id=105,,browser,desktop,23,True
1486,1,GET /products?id=55,GET /reviews?product_id=55,/products,GET,id=55,,indecisive,desktop,5,False
1486,2,GET /reviews?product_id=55,END,/reviews,GET,product_id=55,,indecisive,desktop,5,True
1487,1,GET /products?id=101,GET /cart?product_id=101,/products,GET,id=101,,indecisive,tablet,13,False
1487,2,GET /cart?product_id=101,END,/cart,GET,product_id=101,,indecisive,tablet,13,True
1488,1,GET /search?q=sunglasses,GET /products?id=73,/search,GET,q=sunglasses,,browser,mobile,12,False
1488,2,GET /products?id=73,GET /reviews?product_id=73,/products,GET,id=73,,browser,mobile,12,False
1488,3,GET /reviews?product_id=73,END,/reviews,GET,product_id=73,,browser,mobile,12,True
1489,1,GET /products,GET /products?id=110,/products,GET,,,returner,tablet,21,False
1489,2,GET /products?id=110,GET /reviews?product_id=110,/products,GET,id=110,,returner,tablet,21,False
1489,3,GET /reviews?product_id=110,GET /products?id=110,/reviews,GET,product_id=110,,returner,tablet,21,False
1489,4,GET /products?id=110,GET /cart?product_id=110,/products,GET,id=110,,returner,tablet,21,False
1489,5,GET /cart?product_id=110,END,/cart,GET,product_id=110,,returner,tablet,21,True
1490,1,GET /products,GET /products?id=39,/products,GET,,,returner,desktop,20,False
1490,2,GET /products?id=39,GET /reviews?product_id=39,/products,GET,id=39,,returner,desktop,20,False
1490,3,GET /reviews?product_id=39,GET /products?id=39,/reviews,GET,product_id=39,,returner,desktop,20,False
1490,4,GET /products?id=39,GET /cart?product_id=39,/products,GET,id=39,,returner,desktop,20,False
1490,5,GET /cart?product_id=39,END,/cart,GET,product_id=39,,returner,desktop,20,True
1491,1,GET /products,GET /products?id=120,/products,GET,,,browser,mobile,3,False
1491,2,GET /products?id=120,GET /cart?product_id=120,/products,GET,id=120,,browser,mobile,3,False
1491,3,GET /cart?product_id=120,END,/cart,GET,product_id=120,,browser,mobile,3,True
1492,1,GET /products,GET /products?id=120,/products,GET,,,new_visitor,mobile,0,False
1492,2,GET /products?id=120,GET /products?id=15,/products,GET,id=120,,new_visitor,mobile,0,False
1492,3,GET /products?id=15,GET /products?id=55,/products,GET,id=15,,new_visitor,mobile,0,False
1492,4,GET /products?id=55,GET /products?id=73,/products,GET,id=55,,new_visitor,mobile,0,False
1492,5,GET /products?id=73,GET /cart?product_id=73,/products,GET,id=73,,new_visitor,mobile,0,False
1492,6,GET /cart?product_id=73,END,/cart,GET,product_id=73,,new_visitor,mobile,0,True
1493,1,GET /products,GET /products?id=33,/products,GET,,,returner,desktop,18,False
1493,2,GET /products?id=33,GET /cart?product_id=33,/products,GET,id=33,,returner,desktop,18,False
1493,3,GET /cart?product_id=33,END,/cart,GET,product_id=33,,returner,desktop,18,True
1494,1,GET /products,GET /products?id=42,/products,GET,,,new_visitor,mobile,12,False
1494,2,GET /products?id=42,GET /cart?product_id=42,/products,GET,id=42,,new_visitor,mobile,12,False
1494,3,GET /cart?product_id=42,GET /home,/cart,GET,product_id=42,,new_visitor,mobile,12,False
1494,4,GET /home,END,/home,GET,,,new_visitor,mobile,12,True
1495,1,GET /products,GET /products?id=120,/products,GET,,,returner,tablet,17,False
1495,2,GET /products?id=120,GET /cart?product_id=120,/products,GET,id=120,,returner,tablet,17,False
1495,3,GET /cart?product_id=120,GET /home,/cart,GET,product_id=120,,returner,tablet,17,False
1495,4,GET /home,END,/home,GET,,,returner,tablet,17,True
1496,1,GET /home,GET /category?type=accessories,/home,GET,,,browser,tablet,18,False
1496,2,GET /category?type=accessories,GET /products?id=101,/category,GET,type=accessories,,browser,tablet,18,False
1496,3,GET /products?id=101,GET /cart?product_id=101,/products,GET,id=101,,browser,tablet,18,False
1496,4,GET /cart?product_id=101,END,/cart,GET,product_id=101,,browser,tablet,18,True
1497,1,GET /products,GET /products?id=73,/products,GET,,,buyer,tablet,3,False
1497,2,GET /products?id=73,GET /cart?product_id=73,/products,GET,id=73,,buyer,tablet,3,False
1497,3,GET /cart?product_id=73,END,/cart,GET,product_id=73,,buyer,tablet,3,True
1498,1,GET /products,GET /products?id=88,/products,GET,,,returner,desktop,3,False
1498,2,GET /products?id=88,GET /cart?product_id=88,/products,GET,id=88,,returner,desktop,3,False
1498,3,GET /cart?product_id=88,END,/cart,GET,product_id=88,,returner,desktop,3,True
1499,1,GET /products/filter,"POST /products/filter  body={""gender"":""female"",""category"":""skirt"",""price"":""high""}",/products/filter,GET,,,browser,tablet,8,False
1499,2,"POST /products/filter  body={""gender"":""female"",""category"":""skirt"",""price"":""high""}",GET /products,/products/filter,POST,,"{""gender"":""female"",""category"":""skirt"",""price"":""high""}",browser,tablet,8,False
1499,3,GET /products,"POST /products/filter  body={""gender"":""female"",""category"":""skirt""}",/products,GET,,,browser,tablet,8,False
1499,4,"POST /products/filter  body={""gender"":""female"",""category"":""skirt""}",GET /products?id=55,/products/filter,POST,,"{""gender"":""female"",""category"":""skirt""}",browser,tablet,8,False
1499,5,GET /products?id=55,GET /cart?product_id=55,/products,GET,id=55,,browser,tablet,8,False
1499,6,GET /cart?product_id=55,END,/cart,GET,product_id=55,,browser,tablet,8,True
1500,1,GET /products?id=73,GET /cart?product_id=73,/products,GET,id=73,,new_visitor,desktop,11,False
1500,2,GET /cart?product_id=73,END,/cart,GET,product_id=73,,new_visitor,desktop,11,True
1501,1,GET /products,GET /products?id=22,/products,GET,,,browser,mobile,9,False
1501,2,GET /products?id=22,GET /cart?product_id=22,/products,GET,id=22,,browser,mobile,9,False
1501,3,GET /cart?product_id=22,END,/cart,GET,product_id=22,,browser,mobile,9,True
1502,1,GET /search?q=office shirt,GET /products?id=39,/search,GET,q=office shirt,,returner,mobile,18,False
1502,2,GET /products?id=39,GET /reviews?product_id=39,/products,GET,id=39,,returner,mobile,18,False
1502,3,GET /reviews?product_id=39,END,/reviews,GET,product_id=39,,returner,mobile,18,True
1503,1,GET /products/filter,"POST /products/filter  body={""gender"":""female"",""category"":""skirt"",""price"":""mid""}",/products/filter,GET,,,new_visitor,tablet,16,False
1503,2,"POST /products/filter  body={""gender"":""female"",""category"":""skirt"",""price"":""mid""}",GET /products?id=44,/products/filter,POST,,"{""gender"":""female"",""category"":""skirt"",""price"":""mid""}",new_visitor,tablet,16,False
1503,3,GET /products?id=44,GET /cart?product_id=44,/products,GET,id=44,,new_visitor,tablet,16,False
1503,4,GET /cart?product_id=44,END,/cart,GET,product_id=44,,new_visitor,tablet,16,True
1504,1,GET /products,GET /products?id=61,/products,GET,,,buyer,mobile,9,False
1504,2,GET /products?id=61,GET /reviews?product_id=61,/products,GET,id=61,,buyer,mobile,9,False
1504,3,GET /reviews?product_id=61,GET /products?id=88,/reviews,GET,product_id=61,,buyer,mobile,9,False
1504,4,GET /products?id=88,GET /products?id=39,/products,GET,id=88,,buyer,mobile,9,False
1504,5,GET /products?id=39,GET /reviews?product_id=39,/products,GET,id=39,,buyer,mobile,9,False
1504,6,GET /reviews?product_id=39,GET /products?id=15,/reviews,GET,product_id=39,,buyer,mobile,9,False
1504,7,GET /products?id=15,GET /reviews?product_id=15,/products,GET,id=15,,buyer,mobile,9,False
1504,8,GET /reviews?product_id=15,GET /cart?product_id=15,/reviews,GET,product_id=15,,buyer,mobile,9,False
1504,9,GET /cart?product_id=15,END,/cart,GET,product_id=15,,buyer,mobile,9,True
1505,1,GET /search?q=summer skirt,GET /products?id=15,/search,GET,q=summer skirt,,returner,tablet,5,False
1505,2,GET /products?id=15,GET /cart?product_id=15,/products,GET,id=15,,returner,tablet,5,False
1505,3,GET /cart?product_id=15,END,/cart,GET,product_id=15,,returner,tablet,5,True
1506,1,GET /home,GET /category?type=women,/home,GET,,,returner,tablet,4,False
1506,2,GET /category?type=women,GET /products?id=73,/category,GET,type=women,,returner,tablet,4,False
1506,3,GET /products?id=73,GET /cart?product_id=73,/products,GET,id=73,,returner,tablet,4,False
1506,4,GET /cart?product_id=73,END,/cart,GET,product_id=73,,returner,tablet,4,True
1507,1,GET /products,GET /products?id=39,/products,GET,,,indecisive,tablet,22,False
1507,2,GET /products?id=39,GET /reviews?product_id=39,/products,GET,id=39,,indecisive,tablet,22,False
1507,3,GET /reviews?product_id=39,GET /products?id=39,/reviews,GET,product_id=39,,indecisive,tablet,22,False
1507,4,GET /products?id=39,GET /cart?product_id=39,/products,GET,id=39,,indecisive,tablet,22,False
1507,5,GET /cart?product_id=39,END,/cart,GET,product_id=39,,indecisive,tablet,22,True
1508,1,GET /products,GET /products?id=73,/products,GET,,,new_visitor,tablet,20,False
1508,2,GET /products?id=73,GET /cart?product_id=73,/products,GET,id=73,,new_visitor,tablet,20,False
1508,3,GET /cart?product_id=73,GET /home,/cart,GET,product_id=73,,new_visitor,tablet,20,False
1508,4,GET /home,END,/home,GET,,,new_visitor,tablet,20,True
1509,1,GET /products?id=105,GET /cart?product_id=105,/products,GET,id=105,,returner,mobile,10,False
1509,2,GET /cart?product_id=105,END,/cart,GET,product_id=105,,returner,mobile,10,True
1510,1,GET /products/filter,"POST /products/filter  body={""gender"":""unisex"",""category"":""skirt""}",/products/filter,GET,,,new_visitor,mobile,2,False
1510,2,"POST /products/filter  body={""gender"":""unisex"",""category"":""skirt""}",GET /products?id=105,/products/filter,POST,,"{""gender"":""unisex"",""category"":""skirt""}",new_visitor,mobile,2,False
1510,3,GET /products?id=105,GET /cart?product_id=105,/products,GET,id=105,,new_visitor,mobile,2,False
1510,4,GET /cart?product_id=105,END,/cart,GET,product_id=105,,new_visitor,mobile,2,True
1511,1,GET /products,GET /products?id=33,/products,GET,,,browser,desktop,20,False
1511,2,GET /products?id=33,GET /reviews?product_id=33,/products,GET,id=33,,browser,desktop,20,False
1511,3,GET /reviews?product_id=33,END,/reviews,GET,product_id=33,,browser,desktop,20,True
1512,1,GET /products,GET /products?id=101,/products,GET,,,buyer,mobile,8,False
1512,2,GET /products?id=101,GET /reviews?product_id=101,/products,GET,id=101,,buyer,mobile,8,False
1512,3,GET /reviews?product_id=101,END,/reviews,GET,product_id=101,,buyer,mobile,8,True
1513,1,GET /products,GET /products?id=55,/products,GET,,,buyer,desktop,3,False
1513,2,GET /products?id=55,GET /cart?product_id=55,/products,GET,id=55,,buyer,desktop,3,False
1513,3,GET /cart?product_id=55,GET /home,/cart,GET,product_id=55,,buyer,desktop,3,False
1513,4,GET /home,END,/home,GET,,,buyer,desktop,3,True
1514,1,GET /products,GET /products?id=55,/products,GET,,,buyer,tablet,23,False
1514,2,GET /products?id=55,GET /reviews?product_id=55,/products,GET,id=55,,buyer,tablet,23,False
1514,3,GET /reviews?product_id=55,GET /products?id=39,/reviews,GET,product_id=55,,buyer,tablet,23,False
1514,4,GET /products?id=39,GET /products?id=22,/products,GET,id=39,,buyer,tablet,23,False
1514,5,GET /products?id=22,GET /products?id=15,/products,GET,id=22,,buyer,tablet,23,False
1514,6,GET /products?id=15,GET /products?id=55,/products,GET,id=15,,buyer,tablet,23,False
1514,7,GET /products?id=55,GET /products?id=44,/products,GET,id=55,,buyer,tablet,23,False
1514,8,GET /products?id=44,GET /cart?product_id=44,/products,GET,id=44,,buyer,tablet,23,False
1514,9,GET /cart?product_id=44,END,/cart,GET,product_id=44,,buyer,tablet,23,True
1515,1,GET /products,GET /products?id=120,/products,GET,,,new_visitor,tablet,19,False
1515,2,GET /products?id=120,GET /reviews?product_id=120,/products,GET,id=120,,new_visitor,tablet,19,False
1515,3,GET /reviews?product_id=120,GET /products?id=61,/reviews,GET,product_id=120,,new_visitor,tablet,19,False
1515,4,GET /products?id=61,GET /products?id=15,/products,GET,id=61,,new_visitor,tablet,19,False
1515,5,GET /products?id=15,GET /reviews?product_id=15,/products,GET,id=15,,new_visitor,tablet,19,False
1515,6,GET /reviews?product_id=15,GET /products?id=42,/reviews,GET,product_id=15,,new_visitor,tablet,19,False
1515,7,GET /products?id=42,GET /products?id=61,/products,GET,id=42,,new_visitor,tablet,19,False
1515,8,GET /products?id=61,GET /products?id=61,/products,GET,id=61,,new_visitor,tablet,19,False
1515,9,GET /products?id=61,GET /cart?product_id=61,/products,GET,id=61,,new_visitor,tablet,19,False
1515,10,GET /cart?product_id=61,END,/cart,GET,product_id=61,,new_visitor,tablet,19,True
1516,1,GET /search?q=wallet,GET /products?id=73,/search,GET,q=wallet,,buyer,tablet,19,False
1516,2,GET /products?id=73,GET /cart?product_id=73,/products,GET,id=73,,buyer,tablet,19,False
1516,3,GET /cart?product_id=73,END,/cart,GET,product_id=73,,buyer,tablet,19,True
1517,1,GET /home,GET /category?type=men,/home,GET,,,returner,desktop,14,False
1517,2,GET /category?type=men,GET /products?id=33,/category,GET,type=men,,returner,desktop,14,False
1517,3,GET /products?id=33,GET /cart?product_id=33,/products,GET,id=33,,returner,desktop,14,False
1517,4,GET /cart?product_id=33,END,/cart,GET,product_id=33,,returner,desktop,14,True
1518,1,GET /products/filter,"POST /products/filter  body={""gender"":""female"",""category"":""shirt""}",/products/filter,GET,,,new_visitor,tablet,7,False
1518,2,"POST /products/filter  body={""gender"":""female"",""category"":""shirt""}",GET /products?id=33,/products/filter,POST,,"{""gender"":""female"",""category"":""shirt""}",new_visitor,tablet,7,False
1518,3,GET /products?id=33,GET /cart?product_id=33,/products,GET,id=33,,new_visitor,tablet,7,False
1518,4,GET /cart?product_id=33,END,/cart,GET,product_id=33,,new_visitor,tablet,7,True
1519,1,GET /products,GET /products?id=11,/products,GET,,,browser,tablet,2,False
1519,2,GET /products?id=11,GET /reviews?product_id=11,/products,GET,id=11,,browser,tablet,2,False
1519,3,GET /reviews?product_id=11,END,/reviews,GET,product_id=11,,browser,tablet,2,True
1520,1,GET /products,GET /products?id=22,/products,GET,,,buyer,tablet,1,False
1520,2,GET /products?id=22,GET /cart?product_id=22,/products,GET,id=22,,buyer,tablet,1,False
1520,3,GET /cart?product_id=22,END,/cart,GET,product_id=22,,buyer,tablet,1,True
1521,1,GET /products,GET /products?id=61,/products,GET,,,returner,mobile,13,False
1521,2,GET /products?id=61,GET /reviews?product_id=61,/products,GET,id=61,,returner,mobile,13,False
1521,3,GET /reviews?product_id=61,GET /products?id=61,/reviews,GET,product_id=61,,returner,mobile,13,False
1521,4,GET /products?id=61,GET /cart?product_id=61,/products,GET,id=61,,returner,mobile,13,False
1521,5,GET /cart?product_id=61,END,/cart,GET,product_id=61,,returner,mobile,13,True
1522,1,GET /products,GET /products?id=55,/products,GET,,,returner,desktop,16,False
1522,2,GET /products?id=55,GET /reviews?product_id=55,/products,GET,id=55,,returner,desktop,16,False
1522,3,GET /reviews?product_id=55,GET /products?id=55,/reviews,GET,product_id=55,,returner,desktop,16,False
1522,4,GET /products?id=55,GET /cart?product_id=55,/products,GET,id=55,,returner,desktop,16,False
1522,5,GET /cart?product_id=55,END,/cart,GET,product_id=55,,returner,desktop,16,True
1523,1,GET /products,GET /products?id=42,/products,GET,,,returner,mobile,19,False
1523,2,GET /products?id=42,GET /reviews?product_id=42,/products,GET,id=42,,returner,mobile,19,False
1523,3,GET /reviews?product_id=42,END,/reviews,GET,product_id=42,,returner,mobile,19,True
1524,1,GET /products/filter,"POST /products/filter  body={""gender"":""unisex"",""category"":""watch""}",/products/filter,GET,,,new_visitor,tablet,11,False
1524,2,"POST /products/filter  body={""gender"":""unisex"",""category"":""watch""}",GET /products?id=44,/products/filter,POST,,"{""gender"":""unisex"",""category"":""watch""}",new_visitor,tablet,11,False
1524,3,GET /products?id=44,GET /cart?product_id=44,/products,GET,id=44,,new_visitor,tablet,11,False
1524,4,GET /cart?product_id=44,END,/cart,GET,product_id=44,,new_visitor,tablet,11,True
1525,1,GET /products,GET /products?id=11,/products,GET,,,new_visitor,desktop,5,False
1525,2,GET /products?id=11,GET /reviews?product_id=11,/products,GET,id=11,,new_visitor,desktop,5,False
1525,3,GET /reviews?product_id=11,GET /products?id=11,/reviews,GET,product_id=11,,new_visitor,desktop,5,False
1525,4,GET /products?id=11,GET /cart?product_id=11,/products,GET,id=11,,new_visitor,desktop,5,False
1525,5,GET /cart?product_id=11,END,/cart,GET,product_id=11,,new_visitor,desktop,5,True
1526,1,GET /products/filter,"POST /products/filter  body={""gender"":""male"",""category"":""skirt"",""price"":""high""}",/products/filter,GET,,,buyer,mobile,11,False
1526,2,"POST /products/filter  body={""gender"":""male"",""category"":""skirt"",""price"":""high""}",GET /products,/products/filter,POST,,"{""gender"":""male"",""category"":""skirt"",""price"":""high""}",buyer,mobile,11,False
1526,3,GET /products,"POST /products/filter  body={""gender"":""male"",""category"":""skirt""}",/products,GET,,,buyer,mobile,11,False
1526,4,"POST /products/filter  body={""gender"":""male"",""category"":""skirt""}",GET /products?id=105,/products/filter,POST,,"{""gender"":""male"",""category"":""skirt""}",buyer,mobile,11,False
1526,5,GET /products?id=105,GET /cart?product_id=105,/products,GET,id=105,,buyer,mobile,11,False
1526,6,GET /cart?product_id=105,END,/cart,GET,product_id=105,,buyer,mobile,11,True
1527,1,GET /search?q=summer skirt,GET /products?id=33,/search,GET,q=summer skirt,,returner,desktop,5,False
1527,2,GET /products?id=33,GET /cart?product_id=33,/products,GET,id=33,,returner,desktop,5,False
1527,3,GET /cart?product_id=33,END,/cart,GET,product_id=33,,returner,desktop,5,True
1528,1,GET /products/filter,"POST /products/filter  body={""gender"":""male"",""category"":""shirt"",""price"":""high""}",/products/filter,GET,,,buyer,tablet,3,False
1528,2,"POST /products/filter  body={""gender"":""male"",""category"":""shirt"",""price"":""high""}",GET /products?id=88,/products/filter,POST,,"{""gender"":""male"",""category"":""shirt"",""price"":""high""}",buyer,tablet,3,False
1528,3,GET /products?id=88,GET /cart?product_id=88,/products,GET,id=88,,buyer,tablet,3,False
1528,4,GET /cart?product_id=88,END,/cart,GET,product_id=88,,buyer,tablet,3,True
1529,1,GET /home,GET /category?type=women,/home,GET,,,browser,tablet,20,False
1529,2,GET /category?type=women,GET /products?id=47,/category,GET,type=women,,browser,tablet,20,False
1529,3,GET /products?id=47,GET /cart?product_id=47,/products,GET,id=47,,browser,tablet,20,False
1529,4,GET /cart?product_id=47,END,/cart,GET,product_id=47,,browser,tablet,20,True
1530,1,GET /products,GET /products?id=120,/products,GET,,,new_visitor,mobile,14,False
1530,2,GET /products?id=120,GET /reviews?product_id=120,/products,GET,id=120,,new_visitor,mobile,14,False
1530,3,GET /reviews?product_id=120,GET /products?id=44,/reviews,GET,product_id=120,,new_visitor,mobile,14,False
1530,4,GET /products?id=44,GET /cart?product_id=44,/products,GET,id=44,,new_visitor,mobile,14,False
1530,5,GET /cart?product_id=44,END,/cart,GET,product_id=44,,new_visitor,mobile,14,True
1531,1,GET /search?q=men watch,GET /products?id=39,/search,GET,q=men watch,,indecisive,mobile,19,False
1531,2,GET /products?id=39,GET /cart?product_id=39,/products,GET,id=39,,indecisive,mobile,19,False
1531,3,GET /cart?product_id=39,END,/cart,GET,product_id=39,,indecisive,mobile,19,True
1532,1,GET /products,GET /products?id=101,/products,GET,,,browser,mobile,11,False
1532,2,GET /products?id=101,GET /products?id=39,/products,GET,id=101,,browser,mobile,11,False
1532,3,GET /products?id=39,GET /reviews?product_id=39,/products,GET,id=39,,browser,mobile,11,False
1532,4,GET /reviews?product_id=39,GET /products?id=42,/reviews,GET,product_id=39,,browser,mobile,11,False
1532,5,GET /products?id=42,GET /products?id=55,/products,GET,id=42,,browser,mobile,11,False
1532,6,GET /products?id=55,GET /cart?product_id=55,/products,GET,id=55,,browser,mobile,11,False
1532,7,GET /cart?product_id=55,END,/cart,GET,product_id=55,,browser,mobile,11,True
1533,1,GET /products,GET /products?id=15,/products,GET,,,returner,mobile,15,False
1533,2,GET /products?id=15,GET /cart?product_id=15,/products,GET,id=15,,returner,mobile,15,False
1533,3,GET /cart?product_id=15,END,/cart,GET,product_id=15,,returner,mobile,15,True
1534,1,GET /products/filter,"POST /products/filter  body={""gender"":""female"",""category"":""shirt""}",/products/filter,GET,,,returner,desktop,9,False
1534,2,"POST /products/filter  body={""gender"":""female"",""category"":""shirt""}",GET /products?id=55,/products/filter,POST,,"{""gender"":""female"",""category"":""shirt""}",returner,desktop,9,False
1534,3,GET /products?id=55,GET /reviews?product_id=55,/products,GET,id=55,,returner,desktop,9,False
1534,4,GET /reviews?product_id=55,END,/reviews,GET,product_id=55,,returner,desktop,9,True
1535,1,GET /products,GET /products?id=39,/products,GET,,,returner,tablet,14,False
1535,2,GET /products?id=39,GET /reviews?product_id=39,/products,GET,id=39,,returner,tablet,14,False
1535,3,GET /reviews?product_id=39,END,/reviews,GET,product_id=39,,returner,tablet,14,True
1536,1,GET /products,GET /products?id=88,/products,GET,,,browser,desktop,22,False
1536,2,GET /products?id=88,GET /cart?product_id=88,/products,GET,id=88,,browser,desktop,22,False
1536,3,GET /cart?product_id=88,END,/cart,GET,product_id=88,,browser,desktop,22,True
1537,1,GET /products,GET /products?id=44,/products,GET,,,buyer,desktop,13,False
1537,2,GET /products?id=44,GET /cart?product_id=44,/products,GET,id=44,,buyer,desktop,13,False
1537,3,GET /cart?product_id=44,GET /checkout,/cart,GET,product_id=44,,buyer,desktop,13,False
1537,4,GET /checkout,"POST /payment  body={""amount"": 49.99, ""method"": ""card""}",/checkout,GET,,,buyer,desktop,13,False
1537,5,"POST /payment  body={""amount"": 49.99, ""method"": ""card""}",END,/payment,POST,,"{""amount"": 49.99, ""method"": ""card""}",buyer,desktop,13,True
1538,1,GET /products?id=15,GET /cart?product_id=15,/products,GET,id=15,,buyer,tablet,6,False
1538,2,GET /cart?product_id=15,END,/cart,GET,product_id=15,,buyer,tablet,6,True
1539,1,GET /products,GET /products?id=61,/products,GET,,,returner,tablet,15,False
1539,2,GET /products?id=61,GET /cart?product_id=61,/products,GET,id=61,,returner,tablet,15,False
1539,3,GET /cart?product_id=61,GET /home,/cart,GET,product_id=61,,returner,tablet,15,False
1539,4,GET /home,END,/home,GET,,,returner,tablet,15,True
1540,1,GET /products,GET /products?id=101,/products,GET,,,indecisive,desktop,16,False
1540,2,GET /products?id=101,"POST /wishlist?product_id=101  body={""product_id"": 101}",/products,GET,id=101,,indecisive,desktop,16,False
1540,3,"POST /wishlist?product_id=101  body={""product_id"": 101}",GET /cart?product_id=101,/wishlist,POST,product_id=101,"{""product_id"": 101}",indecisive,desktop,16,False
1540,4,GET /cart?product_id=101,END,/cart,GET,product_id=101,,indecisive,desktop,16,True
1541,1,GET /products,GET /products?id=61,/products,GET,,,buyer,mobile,3,False
1541,2,GET /products?id=61,GET /cart?product_id=61,/products,GET,id=61,,buyer,mobile,3,False
1541,3,GET /cart?product_id=61,GET /home,/cart,GET,product_id=61,,buyer,mobile,3,False
1541,4,GET /home,END,/home,GET,,,buyer,mobile,3,True
1542,1,GET /products,GET /products?id=11,/products,GET,,,buyer,desktop,16,False
1542,2,GET /products?id=11,GET /cart?product_id=11,/products,GET,id=11,,buyer,desktop,16,False
1542,3,GET /cart?product_id=11,END,/cart,GET,product_id=11,,buyer,desktop,16,True
1543,1,GET /products,GET /products?id=105,/products,GET,,,indecisive,desktop,19,False
1543,2,GET /products?id=105,GET /cart?product_id=105,/products,GET,id=105,,indecisive,desktop,19,False
1543,3,GET /cart?product_id=105,GET /checkout,/cart,GET,product_id=105,,indecisive,desktop,19,False
1543,4,GET /checkout,"POST /payment  body={""amount"": 49.99, ""method"": ""card""}",/checkout,GET,,,indecisive,desktop,19,False
1543,5,"POST /payment  body={""amount"": 49.99, ""method"": ""card""}",END,/payment,POST,,"{""amount"": 49.99, ""method"": ""card""}",indecisive,desktop,19,True
1544,1,GET /search?q=heels,GET /products?id=11,/search,GET,q=heels,,returner,desktop,9,False
1544,2,GET /products?id=11,GET /reviews?product_id=11,/products,GET,id=11,,returner,desktop,9,False
1544,3,GET /reviews?product_id=11,END,/reviews,GET,product_id=11,,returner,desktop,9,True
1545,1,GET /home,GET /category?type=women,/home,GET,,,new_visitor,mobile,23,False
1545,2,GET /category?type=women,GET /products?id=47,/category,GET,type=women,,new_visitor,mobile,23,False
1545,3,GET /products?id=47,GET /cart?product_id=47,/products,GET,id=47,,new_visitor,mobile,23,False
1545,4,GET /cart?product_id=47,END,/cart,GET,product_id=47,,new_visitor,mobile,23,True
1546,1,GET /products/filter,"POST /products/filter  body={""gender"":""male"",""category"":""dress""}",/products/filter,GET,,,browser,desktop,22,False
1546,2,"POST /products/filter  body={""gender"":""male"",""category"":""dress""}",GET /products?id=55,/products/filter,POST,,"{""gender"":""male"",""category"":""dress""}",browser,desktop,22,False
1546,3,GET /products?id=55,GET /cart?product_id=55,/products,GET,id=55,,browser,desktop,22,False
1546,4,GET /cart?product_id=55,END,/cart,GET,product_id=55,,browser,desktop,22,True
1547,1,GET /products,GET /products?id=61,/products,GET,,,new_visitor,tablet,5,False
1547,2,GET /products?id=61,GET /cart?product_id=61,/products,GET,id=61,,new_visitor,tablet,5,False
1547,3,GET /cart?product_id=61,END,/cart,GET,product_id=61,,new_visitor,tablet,5,True
1548,1,GET /products/filter,"POST /products/filter  body={""gender"":""female"",""category"":""dress""}",/products/filter,GET,,,buyer,desktop,1,False
1548,2,"POST /products/filter  body={""gender"":""female"",""category"":""dress""}",GET /products?id=42,/products/filter,POST,,"{""gender"":""female"",""category"":""dress""}",buyer,desktop,1,False
1548,3,GET /products?id=42,GET /cart?product_id=42,/products,GET,id=42,,buyer,desktop,1,False
1548,4,GET /cart?product_id=42,END,/cart,GET,product_id=42,,buyer,desktop,1,True
1549,1,GET /products,GET /products?id=105,/products,GET,,,new_visitor,mobile,2,False
1549,2,GET /products?id=105,GET /products?id=22,/products,GET,id=105,,new_visitor,mobile,2,False
1549,3,GET /products?id=22,GET /products?id=11,/products,GET,id=22,,new_visitor,mobile,2,False
1549,4,GET /products?id=11,GET /products?id=11,/products,GET,id=11,,new_visitor,mobile,2,False
1549,5,GET /products?id=11,GET /products?id=33,/products,GET,id=11,,new_visitor,mobile,2,False
1549,6,GET /products?id=33,GET /reviews?product_id=33,/products,GET,id=33,,new_visitor,mobile,2,False
1549,7,GET /reviews?product_id=33,GET /products?id=105,/reviews,GET,product_id=33,,new_visitor,mobile,2,False
1549,8,GET /products?id=105,GET /reviews?product_id=105,/products,GET,id=105,,new_visitor,mobile,2,False
1549,9,GET /reviews?product_id=105,GET /cart?product_id=105,/reviews,GET,product_id=105,,new_visitor,mobile,2,False
1549,10,GET /cart?product_id=105,END,/cart,GET,product_id=105,,new_visitor,mobile,2,True
1550,1,GET /products/filter,"POST /products/filter  body={""gender"":""female"",""category"":""dress"",""price"":""low""}",/products/filter,GET,,,indecisive,tablet,13,False
1550,2,"POST /products/filter  body={""gender"":""female"",""category"":""dress"",""price"":""low""}",GET /products?id=42,/products/filter,POST,,"{""gender"":""female"",""category"":""dress"",""price"":""low""}",indecisive,tablet,13,False
1550,3,GET /products?id=42,GET /cart?product_id=42,/products,GET,id=42,,indecisive,tablet,13,False
1550,4,GET /cart?product_id=42,END,/cart,GET,product_id=42,,indecisive,tablet,13,True
1551,1,GET /products/filter,"POST /products/filter  body={""gender"":""male"",""category"":""sneakers"",""price"":""high""}",/products/filter,GET,,,browser,tablet,23,False
1551,2,"POST /products/filter  body={""gender"":""male"",""category"":""sneakers"",""price"":""high""}",GET /products?id=55,/products/filter,POST,,"{""gender"":""male"",""category"":""sneakers"",""price"":""high""}",browser,tablet,23,False
1551,3,GET /products?id=55,GET /cart?product_id=55,/products,GET,id=55,,browser,tablet,23,False
1551,4,GET /cart?product_id=55,END,/cart,GET,product_id=55,,browser,tablet,23,True
1552,1,GET /products?id=39,GET /cart?product_id=39,/products,GET,id=39,,returner,mobile,8,False
1552,2,GET /cart?product_id=39,END,/cart,GET,product_id=39,,returner,mobile,8,True
1553,1,GET /products,GET /products?id=61,/products,GET,,,browser,mobile,21,False
1553,2,GET /products?id=61,GET /cart?product_id=61,/products,GET,id=61,,browser,mobile,21,False
1553,3,GET /cart?product_id=61,END,/cart,GET,product_id=61,,browser,mobile,21,True
1554,1,GET /home,GET /category?type=men,/home,GET,,,indecisive,tablet,18,False
1554,2,GET /category?type=men,GET /products?id=15,/category,GET,type=men,,indecisive,tablet,18,False
1554,3,GET /products?id=15,GET /cart?product_id=15,/products,GET,id=15,,indecisive,tablet,18,False
1554,4,GET /cart?product_id=15,END,/cart,GET,product_id=15,,indecisive,tablet,18,True
1555,1,GET /search?q=summer skirt,GET /products?id=61,/search,GET,q=summer skirt,,indecisive,mobile,18,False
1555,2,GET /products?id=61,GET /cart?product_id=61,/products,GET,id=61,,indecisive,mobile,18,False
1555,3,GET /cart?product_id=61,END,/cart,GET,product_id=61,,indecisive,mobile,18,True
1556,1,GET /products,GET /products?id=88,/products,GET,,,new_visitor,mobile,1,False
1556,2,GET /products?id=88,GET /products?id=88,/products,GET,id=88,,new_visitor,mobile,1,False
1556,3,GET /products?id=88,GET /products?id=110,/products,GET,id=88,,new_visitor,mobile,1,False
1556,4,GET /products?id=110,GET /products?id=55,/products,GET,id=110,,new_visitor,mobile,1,False
1556,5,GET /products?id=55,GET /cart?product_id=55,/products,GET,id=55,,new_visitor,mobile,1,False
1556,6,GET /cart?product_id=55,END,/cart,GET,product_id=55,,new_visitor,mobile,1,True
1557,1,GET /products/filter,"POST /products/filter  body={""gender"":""male"",""category"":""dress""}",/products/filter,GET,,,new_visitor,tablet,10,False
1557,2,"POST /products/filter  body={""gender"":""male"",""category"":""dress""}",GET /products?id=61,/products/filter,POST,,"{""gender"":""male"",""category"":""dress""}",new_visitor,tablet,10,False
1557,3,GET /products?id=61,GET /cart?product_id=61,/products,GET,id=61,,new_visitor,tablet,10,False
1557,4,GET /cart?product_id=61,END,/cart,GET,product_id=61,,new_visitor,tablet,10,True
1558,1,GET /search?q=men watch,GET /products?id=39,/search,GET,q=men watch,,browser,mobile,6,False
1558,2,GET /products?id=39,GET /cart?product_id=39,/products,GET,id=39,,browser,mobile,6,False
1558,3,GET /cart?product_id=39,END,/cart,GET,product_id=39,,browser,mobile,6,True
1559,1,GET /products,GET /products?id=105,/products,GET,,,indecisive,desktop,20,False
1559,2,GET /products?id=105,"POST /wishlist?product_id=105  body={""product_id"": 105}",/products,GET,id=105,,indecisive,desktop,20,False
1559,3,"POST /wishlist?product_id=105  body={""product_id"": 105}",GET /cart?product_id=105,/wishlist,POST,product_id=105,"{""product_id"": 105}",indecisive,desktop,20,False
1559,4,GET /cart?product_id=105,END,/cart,GET,product_id=105,,indecisive,desktop,20,True
1560,1,GET /home,GET /category?type=accessories,/home,GET,,,browser,desktop,13,False
1560,2,GET /category?type=accessories,GET /products?id=101,/category,GET,type=accessories,,browser,desktop,13,False
1560,3,GET /products?id=101,GET /cart?product_id=101,/products,GET,id=101,,browser,desktop,13,False
1560,4,GET /cart?product_id=101,END,/cart,GET,product_id=101,,browser,desktop,13,True
1561,1,GET /products,GET /products?id=61,/products,GET,,,buyer,tablet,8,False
1561,2,GET /products?id=61,"POST /wishlist?product_id=61  body={""product_id"": 61}",/products,GET,id=61,,buyer,tablet,8,False
1561,3,"POST /wishlist?product_id=61  body={""product_id"": 61}",GET /cart?product_id=61,/wishlist,POST,product_id=61,"{""product_id"": 61}",buyer,tablet,8,False
1561,4,GET /cart?product_id=61,END,/cart,GET,product_id=61,,buyer,tablet,8,True
1562,1,GET /products,GET /products?id=88,/products,GET,,,indecisive,mobile,18,False
1562,2,GET /products?id=88,GET /reviews?product_id=88,/products,GET,id=88,,indecisive,mobile,18,False
1562,3,GET /reviews?product_id=88,END,/reviews,GET,product_id=88,,indecisive,mobile,18,True
1563,1,GET /home,GET /category?type=accessories,/home,GET,,,returner,desktop,21,False
1563,2,GET /category?type=accessories,GET /products?id=101,/category,GET,type=accessories,,returner,desktop,21,False
1563,3,GET /products?id=101,GET /cart?product_id=101,/products,GET,id=101,,returner,desktop,21,False
1563,4,GET /cart?product_id=101,END,/cart,GET,product_id=101,,returner,desktop,21,True
1564,1,GET /search?q=heels,GET /products?id=101,/search,GET,q=heels,,buyer,desktop,16,False
1564,2,GET /products?id=101,GET /cart?product_id=101,/products,GET,id=101,,buyer,desktop,16,False
1564,3,GET /cart?product_id=101,END,/cart,GET,product_id=101,,buyer,desktop,16,True
1565,1,GET /products,GET /products?id=73,/products,GET,,,new_visitor,desktop,6,False
1565,2,GET /products?id=73,GET /cart?product_id=73,/products,GET,id=73,,new_visitor,desktop,6,False
1565,3,GET /cart?product_id=73,END,/cart,GET,product_id=73,,new_visitor,desktop,6,True
1566,1,GET /products,GET /products?id=15,/products,GET,,,new_visitor,tablet,0,False
1566,2,GET /products?id=15,GET /reviews?product_id=15,/products,GET,id=15,,new_visitor,tablet,0,False
1566,3,GET /reviews?product_id=15,GET /products?id=22,/reviews,GET,product_id=15,,new_visitor,tablet,0,False
1566,4,GET /products?id=22,GET /reviews?product_id=22,/products,GET,id=22,,new_visitor,tablet,0,False
1566,5,GET /reviews?product_id=22,GET /products?id=11,/reviews,GET,product_id=22,,new_visitor,tablet,0,False
1566,6,GET /products?id=11,GET /reviews?product_id=11,/products,GET,id=11,,new_visitor,tablet,0,False
1566,7,GET /reviews?product_id=11,GET /products?id=22,/reviews,GET,product_id=11,,new_visitor,tablet,0,False
1566,8,GET /products?id=22,GET /reviews?product_id=22,/products,GET,id=22,,new_visitor,tablet,0,False
1566,9,GET /reviews?product_id=22,GET /products?id=15,/reviews,GET,product_id=22,,new_visitor,tablet,0,False
1566,10,GET /products?id=15,GET /reviews?product_id=15,/products,GET,id=15,,new_visitor,tablet,0,False
1566,11,GET /reviews?product_id=15,GET /products?id=55,/reviews,GET,product_id=15,,new_visitor,tablet,0,False
1566,12,GET /products?id=55,GET /cart?product_id=55,/products,GET,id=55,,new_visitor,tablet,0,False
1566,13,GET /cart?product_id=55,END,/cart,GET,product_id=55,,new_visitor,tablet,0,True
1567,1,GET /products,GET /products?id=88,/products,GET,,,buyer,desktop,1,False
1567,2,GET /products?id=88,GET /products?id=55,/products,GET,id=88,,buyer,desktop,1,False
1567,3,GET /products?id=55,GET /cart?product_id=55,/products,GET,id=55,,buyer,desktop,1,False
1567,4,GET /cart?product_id=55,END,/cart,GET,product_id=55,,buyer,desktop,1,True
1568,1,GET /products?id=33,GET /cart?product_id=33,/products,GET,id=33,,indecisive,tablet,19,False
1568,2,GET /cart?product_id=33,END,/cart,GET,product_id=33,,indecisive,tablet,19,True
1569,1,GET /products,GET /products?id=22,/products,GET,,,new_visitor,desktop,23,False
1569,2,GET /products?id=22,GET /cart?product_id=22,/products,GET,id=22,,new_visitor,desktop,23,False
1569,3,GET /cart?product_id=22,END,/cart,GET,product_id=22,,new_visitor,desktop,23,True
1570,1,GET /products,GET /products?id=11,/products,GET,,,browser,tablet,0,False
1570,2,GET /products?id=11,GET /cart?product_id=11,/products,GET,id=11,,browser,tablet,0,False
1570,3,GET /cart?product_id=11,GET /home,/cart,GET,product_id=11,,browser,tablet,0,False
1570,4,GET /home,END,/home,GET,,,browser,tablet,0,True
1571,1,GET /products?id=55,GET /reviews?product_id=55,/products,GET,id=55,,indecisive,mobile,8,False
1571,2,GET /reviews?product_id=55,END,/reviews,GET,product_id=55,,indecisive,mobile,8,True
1572,1,GET /products,GET /products?id=110,/products,GET,,,returner,tablet,8,False
1572,2,GET /products?id=110,GET /reviews?product_id=110,/products,GET,id=110,,returner,tablet,8,False
1572,3,GET /reviews?product_id=110,GET /products?id=11,/reviews,GET,product_id=110,,returner,tablet,8,False
1572,4,GET /products?id=11,GET /products?id=33,/products,GET,id=11,,returner,tablet,8,False
1572,5,GET /products?id=33,GET /products?id=15,/products,GET,id=33,,returner,tablet,8,False
1572,6,GET /products?id=15,GET /cart?product_id=15,/products,GET,id=15,,returner,tablet,8,False
1572,7,GET /cart?product_id=15,END,/cart,GET,product_id=15,,returner,tablet,8,True
1573,1,GET /products,GET /products?id=39,/products,GET,,,returner,mobile,23,False
1573,2,GET /products?id=39,"POST /wishlist?product_id=39  body={""product_id"": 39}",/products,GET,id=39,,returner,mobile,23,False
1573,3,"POST /wishlist?product_id=39  body={""product_id"": 39}",GET /cart?product_id=39,/wishlist,POST,product_id=39,"{""product_id"": 39}",returner,mobile,23,False
1573,4,GET /cart?product_id=39,END,/cart,GET,product_id=39,,returner,mobile,23,True
1574,1,GET /search?q=wallet,GET /products?id=73,/search,GET,q=wallet,,buyer,desktop,2,False
1574,2,GET /products?id=73,GET /reviews?product_id=73,/products,GET,id=73,,buyer,desktop,2,False
1574,3,GET /reviews?product_id=73,END,/reviews,GET,product_id=73,,buyer,desktop,2,True
1575,1,GET /search?q=running shoes,GET /products?id=22,/search,GET,q=running shoes,,buyer,mobile,18,False
1575,2,GET /products?id=22,GET /reviews?product_id=22,/products,GET,id=22,,buyer,mobile,18,False
1575,3,GET /reviews?product_id=22,END,/reviews,GET,product_id=22,,buyer,mobile,18,True
1576,1,GET /products,GET /products?id=88,/products,GET,,,browser,desktop,5,False
1576,2,GET /products?id=88,GET /products?id=47,/products,GET,id=88,,browser,desktop,5,False
1576,3,GET /products?id=47,GET /products?id=61,/products,GET,id=47,,browser,desktop,5,False
1576,4,GET /products?id=61,GET /products?id=47,/products,GET,id=61,,browser,desktop,5,False
1576,5,GET /products?id=47,GET /products?id=105,/products,GET,id=47,,browser,desktop,5,False
1576,6,GET /products?id=105,GET /reviews?product_id=105,/products,GET,id=105,,browser,desktop,5,False
1576,7,GET /reviews?product_id=105,GET /products?id=11,/reviews,GET,product_id=105,,browser,desktop,5,False
1576,8,GET /products?id=11,GET /cart?product_id=11,/products,GET,id=11,,browser,desktop,5,False
1576,9,GET /cart?product_id=11,END,/cart,GET,product_id=11,,browser,desktop,5,True
1577,1,GET /search?q=red dress,GET /products?id=55,/search,GET,q=red dress,,browser,tablet,3,False
1577,2,GET /products?id=55,GET /cart?product_id=55,/products,GET,id=55,,browser,tablet,3,False
1577,3,GET /cart?product_id=55,END,/cart,GET,product_id=55,,browser,tablet,3,True
1578,1,GET /products,GET /products?id=47,/products,GET,,,browser,tablet,1,False
1578,2,GET /products?id=47,GET /cart?product_id=47,/products,GET,id=47,,browser,tablet,1,False
1578,3,GET /cart?product_id=47,END,/cart,GET,product_id=47,,browser,tablet,1,True
1579,1,GET /products?id=55,GET /cart?product_id=55,/products,GET,id=55,,new_visitor,mobile,0,False
1579,2,GET /cart?product_id=55,END,/cart,GET,product_id=55,,new_visitor,mobile,0,True
1580,1,GET /products/filter,"POST /products/filter  body={""gender"":""male"",""category"":""watch""}",/products/filter,GET,,,indecisive,tablet,2,False
1580,2,"POST /products/filter  body={""gender"":""male"",""category"":""watch""}",GET /products?id=73,/products/filter,POST,,"{""gender"":""male"",""category"":""watch""}",indecisive,tablet,2,False
1580,3,GET /products?id=73,GET /cart?product_id=73,/products,GET,id=73,,indecisive,tablet,2,False
1580,4,GET /cart?product_id=73,END,/cart,GET,product_id=73,,indecisive,tablet,2,True
1581,1,GET /products,GET /products?id=44,/products,GET,,,indecisive,desktop,15,False
1581,2,GET /products?id=44,GET /cart?product_id=44,/products,GET,id=44,,indecisive,desktop,15,False
1581,3,GET /cart?product_id=44,END,/cart,GET,product_id=44,,indecisive,desktop,15,True
1582,1,GET /products,GET /products?id=44,/products,GET,,,indecisive,tablet,17,False
1582,2,GET /products?id=44,GET /cart?product_id=44,/products,GET,id=44,,indecisive,tablet,17,False
1582,3,GET /cart?product_id=44,END,/cart,GET,product_id=44,,indecisive,tablet,17,True
1583,1,GET /products,GET /products?id=61,/products,GET,,,indecisive,mobile,16,False
1583,2,GET /products?id=61,GET /products?id=42,/products,GET,id=61,,indecisive,mobile,16,False
1583,3,GET /products?id=42,GET /products?id=11,/products,GET,id=42,,indecisive,mobile,16,False
1583,4,GET /products?id=11,GET /reviews?product_id=11,/products,GET,id=11,,indecisive,mobile,16,False
1583,5,GET /reviews?product_id=11,GET /products?id=42,/reviews,GET,product_id=11,,indecisive,mobile,16,False
1583,6,GET /products?id=42,GET /products?id=11,/products,GET,id=42,,indecisive,mobile,16,False
1583,7,GET /products?id=11,GET /products?id=105,/products,GET,id=11,,indecisive,mobile,16,False
1583,8,GET /products?id=105,GET /cart?product_id=105,/products,GET,id=105,,indecisive,mobile,16,False
1583,9,GET /cart?product_id=105,END,/cart,GET,product_id=105,,indecisive,mobile,16,True
1584,1,GET /products?id=11,GET /cart?product_id=11,/products,GET,id=11,,browser,desktop,5,False
1584,2,GET /cart?product_id=11,END,/cart,GET,product_id=11,,browser,desktop,5,True
1585,1,GET /products,GET /products?id=39,/products,GET,,,indecisive,desktop,2,False
1585,2,GET /products?id=39,GET /products?id=47,/products,GET,id=39,,indecisive,desktop,2,False
1585,3,GET /products?id=47,GET /reviews?product_id=47,/products,GET,id=47,,indecisive,desktop,2,False
1585,4,GET /reviews?product_id=47,END,/reviews,GET,product_id=47,,indecisive,desktop,2,True
1586,1,GET /search?q=office shirt,GET /products?id=73,/search,GET,q=office shirt,,new_visitor,mobile,5,False
1586,2,GET /products?id=73,GET /cart?product_id=73,/products,GET,id=73,,new_visitor,mobile,5,False
1586,3,GET /cart?product_id=73,END,/cart,GET,product_id=73,,new_visitor,mobile,5,True
1587,1,GET /products,GET /products?id=22,/products,GET,,,returner,mobile,21,False
1587,2,GET /products?id=22,GET /reviews?product_id=22,/products,GET,id=22,,returner,mobile,21,False
1587,3,GET /reviews?product_id=22,GET /products?id=22,/reviews,GET,product_id=22,,returner,mobile,21,False
1587,4,GET /products?id=22,GET /cart?product_id=22,/products,GET,id=22,,returner,mobile,21,False
1587,5,GET /cart?product_id=22,END,/cart,GET,product_id=22,,returner,mobile,21,True
1588,1,GET /products,GET /products?id=39,/products,GET,,,indecisive,mobile,8,False
1588,2,GET /products?id=39,GET /reviews?product_id=39,/products,GET,id=39,,indecisive,mobile,8,False
1588,3,GET /reviews?product_id=39,GET /products?id=15,/reviews,GET,product_id=39,,indecisive,mobile,8,False
1588,4,GET /products?id=15,GET /cart?product_id=15,/products,GET,id=15,,indecisive,mobile,8,False
1588,5,GET /cart?product_id=15,END,/cart,GET,product_id=15,,indecisive,mobile,8,True
1589,1,GET /products,GET /products?id=61,/products,GET,,,browser,mobile,4,False
1589,2,GET /products?id=61,GET /cart?product_id=61,/products,GET,id=61,,browser,mobile,4,False
1589,3,GET /cart?product_id=61,GET /checkout,/cart,GET,product_id=61,,browser,mobile,4,False
1589,4,GET /checkout,"POST /payment  body={""amount"": 49.99, ""method"": ""card""}",/checkout,GET,,,browser,mobile,4,False
1589,5,"POST /payment  body={""amount"": 49.99, ""method"": ""card""}",END,/payment,POST,,"{""amount"": 49.99, ""method"": ""card""}",browser,mobile,4,True
1590,1,GET /search?q=wallet,GET /products?id=47,/search,GET,q=wallet,,indecisive,mobile,12,False
1590,2,GET /products?id=47,GET /cart?product_id=47,/products,GET,id=47,,indecisive,mobile,12,False
1590,3,GET /cart?product_id=47,END,/cart,GET,product_id=47,,indecisive,mobile,12,True
1591,1,GET /products?id=15,GET /cart?product_id=15,/products,GET,id=15,,browser,tablet,13,False
1591,2,GET /cart?product_id=15,END,/cart,GET,product_id=15,,browser,tablet,13,True
1592,1,GET /products,GET /products?id=39,/products,GET,,,indecisive,mobile,5,False
1592,2,GET /products?id=39,GET /cart?product_id=39,/products,GET,id=39,,indecisive,mobile,5,False
1592,3,GET /cart?product_id=39,GET /checkout,/cart,GET,product_id=39,,indecisive,mobile,5,False
1592,4,GET /checkout,"POST /payment  body={""amount"": 49.99, ""method"": ""card""}",/checkout,GET,,,indecisive,mobile,5,False
1592,5,"POST /payment  body={""amount"": 49.99, ""method"": ""card""}",END,/payment,POST,,"{""amount"": 49.99, ""method"": ""card""}",indecisive,mobile,5,True
1593,1,GET /search?q=heels,GET /products?id=33,/search,GET,q=heels,,indecisive,desktop,13,False
1593,2,GET /products?id=33,GET /reviews?product_id=33,/products,GET,id=33,,indecisive,desktop,13,False
1593,3,GET /reviews?product_id=33,END,/reviews,GET,product_id=33,,indecisive,desktop,13,True
1594,1,GET /search?q=jacket,GET /products?id=120,/search,GET,q=jacket,,buyer,tablet,7,False
1594,2,GET /products?id=120,GET /cart?product_id=120,/products,GET,id=120,,buyer,tablet,7,False
1594,3,GET /cart?product_id=120,END,/cart,GET,product_id=120,,buyer,tablet,7,True
1595,1,GET /home,GET /category?type=women,/home,GET,,,new_visitor,tablet,15,False
1595,2,GET /category?type=women,GET /products?id=55,/category,GET,type=women,,new_visitor,tablet,15,False
1595,3,GET /products?id=55,GET /cart?product_id=55,/products,GET,id=55,,new_visitor,tablet,15,False
1595,4,GET /cart?product_id=55,END,/cart,GET,product_id=55,,new_visitor,tablet,15,True
1596,1,GET /search?q=sunglasses,GET /products?id=11,/search,GET,q=sunglasses,,browser,tablet,22,False
1596,2,GET /products?id=11,GET /cart?product_id=11,/products,GET,id=11,,browser,tablet,22,False
1596,3,GET /cart?product_id=11,END,/cart,GET,product_id=11,,browser,tablet,22,True
1597,1,GET /products,GET /products?id=42,/products,GET,,,browser,mobile,11,False
1597,2,GET /products?id=42,GET /cart?product_id=42,/products,GET,id=42,,browser,mobile,11,False
1597,3,GET /cart?product_id=42,END,/cart,GET,product_id=42,,browser,mobile,11,True
1598,1,GET /products,GET /products?id=39,/products,GET,,,returner,mobile,3,False
1598,2,GET /products?id=39,GET /cart?product_id=39,/products,GET,id=39,,returner,mobile,3,False
1598,3,GET /cart?product_id=39,END,/cart,GET,product_id=39,,returner,mobile,3,True
1599,1,GET /products,GET /products?id=105,/products,GET,,,buyer,desktop,14,False
1599,2,GET /products?id=105,GET /cart?product_id=105,/products,GET,id=105,,buyer,desktop,14,False
1599,3,GET /cart?product_id=105,END,/cart,GET,product_id=105,,buyer,desktop,14,True
1600,1,GET /products,GET /products?id=61,/products,GET,,,buyer,mobile,23,False
1600,2,GET /products?id=61,GET /cart?product_id=61,/products,GET,id=61,,buyer,mobile,23,False
1600,3,GET /cart?product_id=61,END,/cart,GET,product_id=61,,buyer,mobile,23,True
1601,1,GET /products/filter,"POST /products/filter  body={""gender"":""female"",""category"":""skirt""}",/products/filter,GET,,,browser,tablet,13,False
1601,2,"POST /products/filter  body={""gender"":""female"",""category"":""skirt""}",GET /products?id=120,/products/filter,POST,,"{""gender"":""female"",""category"":""skirt""}",browser,tablet,13,False
1601,3,GET /products?id=120,GET /reviews?product_id=120,/products,GET,id=120,,browser,tablet,13,False
1601,4,GET /reviews?product_id=120,END,/reviews,GET,product_id=120,,browser,tablet,13,True
1602,1,GET /products,GET /products?id=61,/products,GET,,,new_visitor,mobile,0,False
1602,2,GET /products?id=61,GET /cart?product_id=61,/products,GET,id=61,,new_visitor,mobile,0,False
1602,3,GET /cart?product_id=61,END,/cart,GET,product_id=61,,new_visitor,mobile,0,True
1603,1,GET /products/filter,"POST /products/filter  body={""gender"":""male"",""category"":""skirt"",""price"":""high""}",/products/filter,GET,,,browser,mobile,18,False
1603,2,"POST /products/filter  body={""gender"":""male"",""category"":""skirt"",""price"":""high""}",GET /products,/products/filter,POST,,"{""gender"":""male"",""category"":""skirt"",""price"":""high""}",browser,mobile,18,False
1603,3,GET /products,"POST /products/filter  body={""gender"":""male"",""category"":""skirt""}",/products,GET,,,browser,mobile,18,False
1603,4,"POST /products/filter  body={""gender"":""male"",""category"":""skirt""}",GET /products?id=73,/products/filter,POST,,"{""gender"":""male"",""category"":""skirt""}",browser,mobile,18,False
1603,5,GET /products?id=73,GET /cart?product_id=73,/products,GET,id=73,,browser,mobile,18,False
1603,6,GET /cart?product_id=73,END,/cart,GET,product_id=73,,browser,mobile,18,True
1604,1,GET /products,GET /products?id=22,/products,GET,,,returner,tablet,4,False
1604,2,GET /products?id=22,GET /cart?product_id=22,/products,GET,id=22,,returner,tablet,4,False
1604,3,GET /cart?product_id=22,GET /checkout,/cart,GET,product_id=22,,returner,tablet,4,False
1604,4,GET /checkout,"POST /payment  body={""amount"": 49.99, ""method"": ""card""}",/checkout,GET,,,returner,tablet,4,False
1604,5,"POST /payment  body={""amount"": 49.99, ""method"": ""card""}",END,/payment,POST,,"{""amount"": 49.99, ""method"": ""card""}",returner,tablet,4,True
1605,1,GET /products/filter,"POST /products/filter  body={""gender"":""female"",""category"":""shirt""}",/products/filter,GET,,,returner,desktop,23,False
1605,2,"POST /products/filter  body={""gender"":""female"",""category"":""shirt""}",GET /products?id=55,/products/filter,POST,,"{""gender"":""female"",""category"":""shirt""}",returner,desktop,23,False
1605,3,GET /products?id=55,GET /reviews?product_id=55,/products,GET,id=55,,returner,desktop,23,False
1605,4,GET /reviews?product_id=55,END,/reviews,GET,product_id=55,,returner,desktop,23,True
1606,1,GET /products,GET /products?id=73,/products,GET,,,buyer,mobile,20,False
1606,2,GET /products?id=73,GET /cart?product_id=73,/products,GET,id=73,,buyer,mobile,20,False
1606,3,GET /cart?product_id=73,END,/cart,GET,product_id=73,,buyer,mobile,20,True
1607,1,GET /products,GET /products?id=110,/products,GET,,,browser,desktop,13,False
1607,2,GET /products?id=110,GET /reviews?product_id=110,/products,GET,id=110,,browser,desktop,13,False
1607,3,GET /reviews?product_id=110,GET /products?id=110,/reviews,GET,product_id=110,,browser,desktop,13,False
1607,4,GET /products?id=110,GET /cart?product_id=110,/products,GET,id=110,,browser,desktop,13,False
1607,5,GET /cart?product_id=110,END,/cart,GET,product_id=110,,browser,desktop,13,True
1608,1,GET /products,GET /products?id=22,/products,GET,,,new_visitor,tablet,8,False
1608,2,GET /products?id=22,GET /reviews?product_id=22,/products,GET,id=22,,new_visitor,tablet,8,False
1608,3,GET /reviews?product_id=22,GET /products?id=11,/reviews,GET,product_id=22,,new_visitor,tablet,8,False
1608,4,GET /products?id=11,GET /cart?product_id=11,/products,GET,id=11,,new_visitor,tablet,8,False
1608,5,GET /cart?product_id=11,END,/cart,GET,product_id=11,,new_visitor,tablet,8,True
1609,1,GET /products?id=101,GET /reviews?product_id=101,/products,GET,id=101,,returner,mobile,8,False
1609,2,GET /reviews?product_id=101,END,/reviews,GET,product_id=101,,returner,mobile,8,True
1610,1,GET /search?q=red dress,GET /products?id=11,/search,GET,q=red dress,,buyer,tablet,6,False
1610,2,GET /products?id=11,GET /cart?product_id=11,/products,GET,id=11,,buyer,tablet,6,False
1610,3,GET /cart?product_id=11,END,/cart,GET,product_id=11,,buyer,tablet,6,True
1611,1,GET /products?id=47,GET /reviews?product_id=47,/products,GET,id=47,,returner,mobile,23,False
1611,2,GET /reviews?product_id=47,END,/reviews,GET,product_id=47,,returner,mobile,23,True
1612,1,GET /products,GET /products?id=101,/products,GET,,,returner,desktop,10,False
1612,2,GET /products?id=101,GET /reviews?product_id=101,/products,GET,id=101,,returner,desktop,10,False
1612,3,GET /reviews?product_id=101,GET /products?id=101,/reviews,GET,product_id=101,,returner,desktop,10,False
1612,4,GET /products?id=101,GET /cart?product_id=101,/products,GET,id=101,,returner,desktop,10,False
1612,5,GET /cart?product_id=101,END,/cart,GET,product_id=101,,returner,desktop,10,True
1613,1,GET /products,GET /products?id=105,/products,GET,,,returner,mobile,1,False
1613,2,GET /products?id=105,GET /cart?product_id=105,/products,GET,id=105,,returner,mobile,1,False
1613,3,GET /cart?product_id=105,GET /home,/cart,GET,product_id=105,,returner,mobile,1,False
1613,4,GET /home,END,/home,GET,,,returner,mobile,1,True
1614,1,GET /products,GET /products?id=39,/products,GET,,,buyer,desktop,3,False
1614,2,GET /products?id=39,GET /cart?product_id=39,/products,GET,id=39,,buyer,desktop,3,False
1614,3,GET /cart?product_id=39,END,/cart,GET,product_id=39,,buyer,desktop,3,True
1615,1,GET /products/filter,"POST /products/filter  body={""gender"":""unisex"",""category"":""skirt"",""price"":""low""}",/products/filter,GET,,,indecisive,mobile,7,False
1615,2,"POST /products/filter  body={""gender"":""unisex"",""category"":""skirt"",""price"":""low""}",GET /products?id=88,/products/filter,POST,,"{""gender"":""unisex"",""category"":""skirt"",""price"":""low""}",indecisive,mobile,7,False
1615,3,GET /products?id=88,GET /cart?product_id=88,/products,GET,id=88,,indecisive,mobile,7,False
1615,4,GET /cart?product_id=88,END,/cart,GET,product_id=88,,indecisive,mobile,7,True
1616,1,GET /products,GET /products?id=88,/products,GET,,,new_visitor,mobile,9,False
1616,2,GET /products?id=88,GET /cart?product_id=88,/products,GET,id=88,,new_visitor,mobile,9,False
1616,3,GET /cart?product_id=88,END,/cart,GET,product_id=88,,new_visitor,mobile,9,True
1617,1,GET /products,GET /products?id=44,/products,GET,,,browser,mobile,8,False
1617,2,GET /products?id=44,GET /cart?product_id=44,/products,GET,id=44,,browser,mobile,8,False
1617,3,GET /cart?product_id=44,END,/cart,GET,product_id=44,,browser,mobile,8,True
1618,1,GET /products/filter,"POST /products/filter  body={""gender"":""male"",""category"":""skirt"",""price"":""high""}",/products/filter,GET,,,returner,mobile,1,False
1618,2,"POST /products/filter  body={""gender"":""male"",""category"":""skirt"",""price"":""high""}",GET /products?id=22,/products/filter,POST,,"{""gender"":""male"",""category"":""skirt"",""price"":""high""}",returner,mobile,1,False
1618,3,GET /products?id=22,GET /cart?product_id=22,/products,GET,id=22,,returner,mobile,1,False
1618,4,GET /cart?product_id=22,END,/cart,GET,product_id=22,,returner,mobile,1,True
1619,1,GET /products/filter,"POST /products/filter  body={""gender"":""male"",""category"":""shirt"",""price"":""mid""}",/products/filter,GET,,,returner,tablet,6,False
1619,2,"POST /products/filter  body={""gender"":""male"",""category"":""shirt"",""price"":""mid""}",GET /products?id=55,/products/filter,POST,,"{""gender"":""male"",""category"":""shirt"",""price"":""mid""}",returner,tablet,6,False
1619,3,GET /products?id=55,GET /cart?product_id=55,/products,GET,id=55,,returner,tablet,6,False
1619,4,GET /cart?product_id=55,END,/cart,GET,product_id=55,,returner,tablet,6,True
1620,1,GET /home,GET /category?type=accessories,/home,GET,,,indecisive,desktop,23,False
1620,2,GET /category?type=accessories,GET /products?id=105,/category,GET,type=accessories,,indecisive,desktop,23,False
1620,3,GET /products?id=105,GET /cart?product_id=105,/products,GET,id=105,,indecisive,desktop,23,False
1620,4,GET /cart?product_id=105,END,/cart,GET,product_id=105,,indecisive,desktop,23,True
1621,1,GET /search?q=red dress,GET /products?id=22,/search,GET,q=red dress,,browser,tablet,12,False
1621,2,GET /products?id=22,GET /reviews?product_id=22,/products,GET,id=22,,browser,tablet,12,False
1621,3,GET /reviews?product_id=22,END,/reviews,GET,product_id=22,,browser,tablet,12,True
1622,1,GET /search?q=summer skirt,GET /products?id=11,/search,GET,q=summer skirt,,buyer,mobile,21,False
1622,2,GET /products?id=11,GET /cart?product_id=11,/products,GET,id=11,,buyer,mobile,21,False
1622,3,GET /cart?product_id=11,END,/cart,GET,product_id=11,,buyer,mobile,21,True
1623,1,GET /products,GET /products?id=73,/products,GET,,,buyer,tablet,20,False
1623,2,GET /products?id=73,GET /reviews?product_id=73,/products,GET,id=73,,buyer,tablet,20,False
1623,3,GET /reviews?product_id=73,END,/reviews,GET,product_id=73,,buyer,tablet,20,True
1624,1,GET /products,GET /products?id=33,/products,GET,,,new_visitor,tablet,23,False
1624,2,GET /products?id=33,GET /products?id=110,/products,GET,id=33,,new_visitor,tablet,23,False
1624,3,GET /products?id=110,GET /products?id=61,/products,GET,id=110,,new_visitor,tablet,23,False
1624,4,GET /products?id=61,GET /products?id=33,/products,GET,id=61,,new_visitor,tablet,23,False
1624,5,GET /products?id=33,GET /cart?product_id=33,/products,GET,id=33,,new_visitor,tablet,23,False
1624,6,GET /cart?product_id=33,END,/cart,GET,product_id=33,,new_visitor,tablet,23,True
1625,1,GET /products,GET /products?id=11,/products,GET,,,new_visitor,desktop,1,False
1625,2,GET /products?id=11,GET /products?id=88,/products,GET,id=11,,new_visitor,desktop,1,False
1625,3,GET /products?id=88,GET /reviews?product_id=88,/products,GET,id=88,,new_visitor,desktop,1,False
1625,4,GET /reviews?product_id=88,GET /products?id=47,/reviews,GET,product_id=88,,new_visitor,desktop,1,False
1625,5,GET /products?id=47,GET /products?id=61,/products,GET,id=47,,new_visitor,desktop,1,False
1625,6,GET /products?id=61,GET /products?id=120,/products,GET,id=61,,new_visitor,desktop,1,False
1625,7,GET /products?id=120,GET /products?id=55,/products,GET,id=120,,new_visitor,desktop,1,False
1625,8,GET /products?id=55,GET /cart?product_id=55,/products,GET,id=55,,new_visitor,desktop,1,False
1625,9,GET /cart?product_id=55,END,/cart,GET,product_id=55,,new_visitor,desktop,1,True
1626,1,GET /search?q=running shoes,GET /products?id=22,/search,GET,q=running shoes,,browser,desktop,3,False
1626,2,GET /products?id=22,GET /cart?product_id=22,/products,GET,id=22,,browser,desktop,3,False
1626,3,GET /cart?product_id=22,END,/cart,GET,product_id=22,,browser,desktop,3,True
1627,1,GET /products,GET /products?id=47,/products,GET,,,buyer,mobile,8,False
1627,2,GET /products?id=47,GET /products?id=47,/products,GET,id=47,,buyer,mobile,8,False
1627,3,GET /products?id=47,GET /products?id=73,/products,GET,id=47,,buyer,mobile,8,False
1627,4,GET /products?id=73,GET /reviews?product_id=73,/products,GET,id=73,,buyer,mobile,8,False
1627,5,GET /reviews?product_id=73,END,/reviews,GET,product_id=73,,buyer,mobile,8,True
1628,1,GET /products?id=110,GET /cart?product_id=110,/products,GET,id=110,,returner,desktop,15,False
1628,2,GET /cart?product_id=110,END,/cart,GET,product_id=110,,returner,desktop,15,True
1629,1,GET /search?q=office shirt,GET /products?id=22,/search,GET,q=office shirt,,buyer,mobile,18,False
1629,2,GET /products?id=22,GET /reviews?product_id=22,/products,GET,id=22,,buyer,mobile,18,False
1629,3,GET /reviews?product_id=22,END,/reviews,GET,product_id=22,,buyer,mobile,18,True
1630,1,GET /products,GET /products?id=61,/products,GET,,,returner,desktop,19,False
1630,2,GET /products?id=61,GET /reviews?product_id=61,/products,GET,id=61,,returner,desktop,19,False
1630,3,GET /reviews?product_id=61,GET /products?id=110,/reviews,GET,product_id=61,,returner,desktop,19,False
1630,4,GET /products?id=110,GET /cart?product_id=110,/products,GET,id=110,,returner,desktop,19,False
1630,5,GET /cart?product_id=110,END,/cart,GET,product_id=110,,returner,desktop,19,True
1631,1,GET /products?id=39,GET /cart?product_id=39,/products,GET,id=39,,indecisive,tablet,19,False
1631,2,GET /cart?product_id=39,END,/cart,GET,product_id=39,,indecisive,tablet,19,True
1632,1,GET /products/filter,"POST /products/filter  body={""gender"":""unisex"",""category"":""skirt""}",/products/filter,GET,,,returner,tablet,14,False
1632,2,"POST /products/filter  body={""gender"":""unisex"",""category"":""skirt""}",GET /products?id=44,/products/filter,POST,,"{""gender"":""unisex"",""category"":""skirt""}",returner,tablet,14,False
1632,3,GET /products?id=44,GET /cart?product_id=44,/products,GET,id=44,,returner,tablet,14,False
1632,4,GET /cart?product_id=44,END,/cart,GET,product_id=44,,returner,tablet,14,True
1633,1,GET /products,GET /products?id=55,/products,GET,,,buyer,tablet,17,False
1633,2,GET /products?id=55,GET /cart?product_id=55,/products,GET,id=55,,buyer,tablet,17,False
1633,3,GET /cart?product_id=55,END,/cart,GET,product_id=55,,buyer,tablet,17,True
1634,1,GET /products/filter,"POST /products/filter  body={""gender"":""female"",""category"":""sneakers"",""price"":""high""}",/products/filter,GET,,,buyer,tablet,12,False
1634,2,"POST /products/filter  body={""gender"":""female"",""category"":""sneakers"",""price"":""high""}",GET /products,/products/filter,POST,,"{""gender"":""female"",""category"":""sneakers"",""price"":""high""}",buyer,tablet,12,False
1634,3,GET /products,"POST /products/filter  body={""gender"":""female"",""category"":""sneakers""}",/products,GET,,,buyer,tablet,12,False
1634,4,"POST /products/filter  body={""gender"":""female"",""category"":""sneakers""}",GET /products?id=110,/products/filter,POST,,"{""gender"":""female"",""category"":""sneakers""}",buyer,tablet,12,False
1634,5,GET /products?id=110,GET /cart?product_id=110,/products,GET,id=110,,buyer,tablet,12,False
1634,6,GET /cart?product_id=110,END,/cart,GET,product_id=110,,buyer,tablet,12,True
1635,1,GET /search?q=jacket,GET /products?id=110,/search,GET,q=jacket,,browser,desktop,14,False
1635,2,GET /products?id=110,GET /reviews?product_id=110,/products,GET,id=110,,browser,desktop,14,False
1635,3,GET /reviews?product_id=110,END,/reviews,GET,product_id=110,,browser,desktop,14,True
1636,1,GET /products,GET /products?id=101,/products,GET,,,browser,mobile,5,False
1636,2,GET /products?id=101,GET /cart?product_id=101,/products,GET,id=101,,browser,mobile,5,False
1636,3,GET /cart?product_id=101,GET /checkout,/cart,GET,product_id=101,,browser,mobile,5,False
1636,4,GET /checkout,"POST /payment  body={""amount"": 49.99, ""method"": ""card""}",/checkout,GET,,,browser,mobile,5,False
1636,5,"POST /payment  body={""amount"": 49.99, ""method"": ""card""}",END,/payment,POST,,"{""amount"": 49.99, ""method"": ""card""}",browser,mobile,5,True
1637,1,GET /products/filter,"POST /products/filter  body={""gender"":""male"",""category"":""shirt""}",/products/filter,GET,,,returner,mobile,12,False
1637,2,"POST /products/filter  body={""gender"":""male"",""category"":""shirt""}",GET /products?id=120,/products/filter,POST,,"{""gender"":""male"",""category"":""shirt""}",returner,mobile,12,False
1637,3,GET /products?id=120,GET /reviews?product_id=120,/products,GET,id=120,,returner,mobile,12,False
1637,4,GET /reviews?product_id=120,END,/reviews,GET,product_id=120,,returner,mobile,12,True
1638,1,GET /search?q=men watch,GET /products?id=110,/search,GET,q=men watch,,buyer,tablet,23,False
1638,2,GET /products?id=110,GET /reviews?product_id=110,/products,GET,id=110,,buyer,tablet,23,False
1638,3,GET /reviews?product_id=110,END,/reviews,GET,product_id=110,,buyer,tablet,23,True
1639,1,GET /products?id=61,GET /cart?product_id=61,/products,GET,id=61,,browser,tablet,4,False
1639,2,GET /cart?product_id=61,END,/cart,GET,product_id=61,,browser,tablet,4,True
1640,1,GET /products?id=101,GET /cart?product_id=101,/products,GET,id=101,,indecisive,tablet,1,False
1640,2,GET /cart?product_id=101,END,/cart,GET,product_id=101,,indecisive,tablet,1,True
1641,1,GET /products/filter,"POST /products/filter  body={""gender"":""female"",""category"":""skirt""}",/products/filter,GET,,,indecisive,desktop,15,False
1641,2,"POST /products/filter  body={""gender"":""female"",""category"":""skirt""}",GET /products?id=15,/products/filter,POST,,"{""gender"":""female"",""category"":""skirt""}",indecisive,desktop,15,False
1641,3,GET /products?id=15,GET /cart?product_id=15,/products,GET,id=15,,indecisive,desktop,15,False
1641,4,GET /cart?product_id=15,END,/cart,GET,product_id=15,,indecisive,desktop,15,True
1642,1,GET /products,GET /products?id=47,/products,GET,,,indecisive,tablet,5,False
1642,2,GET /products?id=47,GET /cart?product_id=47,/products,GET,id=47,,indecisive,tablet,5,False
1642,3,GET /cart?product_id=47,END,/cart,GET,product_id=47,,indecisive,tablet,5,True
1643,1,GET /search?q=heels,GET /products?id=88,/search,GET,q=heels,,browser,desktop,22,False
1643,2,GET /products?id=88,GET /cart?product_id=88,/products,GET,id=88,,browser,desktop,22,False
1643,3,GET /cart?product_id=88,END,/cart,GET,product_id=88,,browser,desktop,22,True
1644,1,GET /products,GET /products?id=105,/products,GET,,,indecisive,mobile,1,False
1644,2,GET /products?id=105,GET /cart?product_id=105,/products,GET,id=105,,indecisive,mobile,1,False
1644,3,GET /cart?product_id=105,END,/cart,GET,product_id=105,,indecisive,mobile,1,True
1645,1,GET /products/filter,"POST /products/filter  body={""gender"":""male"",""category"":""sneakers""}",/products/filter,GET,,,indecisive,mobile,6,False
1645,2,"POST /products/filter  body={""gender"":""male"",""category"":""sneakers""}",GET /products?id=120,/products/filter,POST,,"{""gender"":""male"",""category"":""sneakers""}",indecisive,mobile,6,False
1645,3,GET /products?id=120,GET /reviews?product_id=120,/products,GET,id=120,,indecisive,mobile,6,False
1645,4,GET /reviews?product_id=120,END,/reviews,GET,product_id=120,,indecisive,mobile,6,True
1646,1,GET /products?id=105,GET /cart?product_id=105,/products,GET,id=105,,new_visitor,tablet,5,False
1646,2,GET /cart?product_id=105,END,/cart,GET,product_id=105,,new_visitor,tablet,5,True
1647,1,GET /home,GET /category?type=accessories,/home,GET,,,new_visitor,desktop,0,False
1647,2,GET /category?type=accessories,GET /products?id=105,/category,GET,type=accessories,,new_visitor,desktop,0,False
1647,3,GET /products?id=105,GET /cart?product_id=105,/products,GET,id=105,,new_visitor,desktop,0,False
1647,4,GET /cart?product_id=105,END,/cart,GET,product_id=105,,new_visitor,desktop,0,True
1648,1,GET /products,GET /products?id=33,/products,GET,,,browser,tablet,21,False
1648,2,GET /products?id=33,GET /products?id=33,/products,GET,id=33,,browser,tablet,21,False
1648,3,GET /products?id=33,GET /cart?product_id=33,/products,GET,id=33,,browser,tablet,21,False
1648,4,GET /cart?product_id=33,END,/cart,GET,product_id=33,,browser,tablet,21,True
1649,1,GET /products,GET /products?id=105,/products,GET,,,returner,mobile,15,False
1649,2,GET /products?id=105,GET /products?id=15,/products,GET,id=105,,returner,mobile,15,False
1649,3,GET /products?id=15,GET /products?id=42,/products,GET,id=15,,returner,mobile,15,False
1649,4,GET /products?id=42,GET /cart?product_id=42,/products,GET,id=42,,returner,mobile,15,False
1649,5,GET /cart?product_id=42,END,/cart,GET,product_id=42,,returner,mobile,15,True
1650,1,GET /products,GET /products?id=88,/products,GET,,,returner,tablet,18,False
1650,2,GET /products?id=88,GET /reviews?product_id=88,/products,GET,id=88,,returner,tablet,18,False
1650,3,GET /reviews?product_id=88,END,/reviews,GET,product_id=88,,returner,tablet,18,True
1651,1,GET /home,GET /category?type=women,/home,GET,,,buyer,desktop,22,False
1651,2,GET /category?type=women,GET /products?id=61,/category,GET,type=women,,buyer,desktop,22,False
1651,3,GET /products?id=61,GET /cart?product_id=61,/products,GET,id=61,,buyer,desktop,22,False
1651,4,GET /cart?product_id=61,END,/cart,GET,product_id=61,,buyer,desktop,22,True
1652,1,GET /products/filter,"POST /products/filter  body={""gender"":""female"",""category"":""watch"",""price"":""low""}",/products/filter,GET,,,returner,mobile,11,False
1652,2,"POST /products/filter  body={""gender"":""female"",""category"":""watch"",""price"":""low""}",GET /products?id=39,/products/filter,POST,,"{""gender"":""female"",""category"":""watch"",""price"":""low""}",returner,mobile,11,False
1652,3,GET /products?id=39,GET /cart?product_id=39,/products,GET,id=39,,returner,mobile,11,False
1652,4,GET /cart?product_id=39,END,/cart,GET,product_id=39,,returner,mobile,11,True
1653,1,GET /products,GET /products?id=55,/products,GET,,,indecisive,mobile,9,False
1653,2,GET /products?id=55,GET /reviews?product_id=55,/products,GET,id=55,,indecisive,mobile,9,False
1653,3,GET /reviews?product_id=55,GET /products?id=120,/reviews,GET,product_id=55,,indecisive,mobile,9,False
1653,4,GET /products?id=120,GET /cart?product_id=120,/products,GET,id=120,,indecisive,mobile,9,False
1653,5,GET /cart?product_id=120,END,/cart,GET,product_id=120,,indecisive,mobile,9,True
1654,1,GET /products/filter,"POST /products/filter  body={""gender"":""male"",""category"":""shirt""}",/products/filter,GET,,,returner,desktop,13,False
1654,2,"POST /products/filter  body={""gender"":""male"",""category"":""shirt""}",GET /products?id=55,/products/filter,POST,,"{""gender"":""male"",""category"":""shirt""}",returner,desktop,13,False
1654,3,GET /products?id=55,GET /reviews?product_id=55,/products,GET,id=55,,returner,desktop,13,False
1654,4,GET /reviews?product_id=55,END,/reviews,GET,product_id=55,,returner,desktop,13,True
1655,1,GET /search?q=jacket,GET /products?id=73,/search,GET,q=jacket,,buyer,desktop,13,False
1655,2,GET /products?id=73,GET /cart?product_id=73,/products,GET,id=73,,buyer,desktop,13,False
1655,3,GET /cart?product_id=73,END,/cart,GET,product_id=73,,buyer,desktop,13,True
1656,1,GET /products/filter,"POST /products/filter  body={""gender"":""unisex"",""category"":""sneakers"",""price"":""high""}",/products/filter,GET,,,new_visitor,desktop,12,False
1656,2,"POST /products/filter  body={""gender"":""unisex"",""category"":""sneakers"",""price"":""high""}",GET /products?id=55,/products/filter,POST,,"{""gender"":""unisex"",""category"":""sneakers"",""price"":""high""}",new_visitor,desktop,12,False
1656,3,GET /products?id=55,GET /cart?product_id=55,/products,GET,id=55,,new_visitor,desktop,12,False
1656,4,GET /cart?product_id=55,END,/cart,GET,product_id=55,,new_visitor,desktop,12,True
1657,1,GET /products,GET /products?id=105,/products,GET,,,browser,mobile,2,False
1657,2,GET /products?id=105,GET /reviews?product_id=105,/products,GET,id=105,,browser,mobile,2,False
1657,3,GET /reviews?product_id=105,GET /products?id=105,/reviews,GET,product_id=105,,browser,mobile,2,False
1657,4,GET /products?id=105,GET /cart?product_id=105,/products,GET,id=105,,browser,mobile,2,False
1657,5,GET /cart?product_id=105,END,/cart,GET,product_id=105,,browser,mobile,2,True
1658,1,GET /products,GET /products?id=55,/products,GET,,,browser,desktop,23,False
1658,2,GET /products?id=55,GET /cart?product_id=55,/products,GET,id=55,,browser,desktop,23,False
1658,3,GET /cart?product_id=55,GET /checkout,/cart,GET,product_id=55,,browser,desktop,23,False
1658,4,GET /checkout,"POST /payment  body={""amount"": 49.99, ""method"": ""card""}",/checkout,GET,,,browser,desktop,23,False
1658,5,"POST /payment  body={""amount"": 49.99, ""method"": ""card""}",END,/payment,POST,,"{""amount"": 49.99, ""method"": ""card""}",browser,desktop,23,True
1659,1,GET /products,GET /products?id=22,/products,GET,,,returner,tablet,18,False
1659,2,GET /products?id=22,GET /cart?product_id=22,/products,GET,id=22,,returner,tablet,18,False
1659,3,GET /cart?product_id=22,GET /home,/cart,GET,product_id=22,,returner,tablet,18,False
1659,4,GET /home,END,/home,GET,,,returner,tablet,18,True
1660,1,GET /products,GET /products?id=101,/products,GET,,,returner,mobile,7,False
1660,2,GET /products?id=101,GET /cart?product_id=101,/products,GET,id=101,,returner,mobile,7,False
1660,3,GET /cart?product_id=101,GET /checkout,/cart,GET,product_id=101,,returner,mobile,7,False
1660,4,GET /checkout,"POST /payment  body={""amount"": 49.99, ""method"": ""card""}",/checkout,GET,,,returner,mobile,7,False
1660,5,"POST /payment  body={""amount"": 49.99, ""method"": ""card""}",END,/payment,POST,,"{""amount"": 49.99, ""method"": ""card""}",returner,mobile,7,True
1661,1,GET /products?id=39,GET /reviews?product_id=39,/products,GET,id=39,,browser,mobile,15,False
1661,2,GET /reviews?product_id=39,END,/reviews,GET,product_id=39,,browser,mobile,15,True
1662,1,GET /products,GET /products?id=101,/products,GET,,,returner,desktop,20,False
1662,2,GET /products?id=101,"POST /wishlist?product_id=101  body={""product_id"": 101}",/products,GET,id=101,,returner,desktop,20,False
1662,3,"POST /wishlist?product_id=101  body={""product_id"": 101}",GET /cart?product_id=101,/wishlist,POST,product_id=101,"{""product_id"": 101}",returner,desktop,20,False
1662,4,GET /cart?product_id=101,END,/cart,GET,product_id=101,,returner,desktop,20,True
1663,1,GET /home,GET /category?type=men,/home,GET,,,browser,desktop,7,False
1663,2,GET /category?type=men,GET /products?id=22,/category,GET,type=men,,browser,desktop,7,False
1663,3,GET /products?id=22,GET /cart?product_id=22,/products,GET,id=22,,browser,desktop,7,False
1663,4,GET /cart?product_id=22,END,/cart,GET,product_id=22,,browser,desktop,7,True
1664,1,GET /products/filter,"POST /products/filter  body={""gender"":""male"",""category"":""skirt"",""price"":""low""}",/products/filter,GET,,,indecisive,desktop,21,False
1664,2,"POST /products/filter  body={""gender"":""male"",""category"":""skirt"",""price"":""low""}",GET /products?id=42,/products/filter,POST,,"{""gender"":""male"",""category"":""skirt"",""price"":""low""}",indecisive,desktop,21,False
1664,3,GET /products?id=42,GET /cart?product_id=42,/products,GET,id=42,,indecisive,desktop,21,False
1664,4,GET /cart?product_id=42,END,/cart,GET,product_id=42,,indecisive,desktop,21,True
1665,1,GET /products,GET /products?id=33,/products,GET,,,buyer,desktop,16,False
1665,2,GET /products?id=33,GET /cart?product_id=33,/products,GET,id=33,,buyer,desktop,16,False
1665,3,GET /cart?product_id=33,GET /home,/cart,GET,product_id=33,,buyer,desktop,16,False
1665,4,GET /home,END,/home,GET,,,buyer,desktop,16,True
1666,1,GET /products?id=11,GET /cart?product_id=11,/products,GET,id=11,,indecisive,mobile,18,False
1666,2,GET /cart?product_id=11,END,/cart,GET,product_id=11,,indecisive,mobile,18,True
1667,1,GET /products,GET /products?id=105,/products,GET,,,returner,mobile,19,False
1667,2,GET /products?id=105,GET /products?id=61,/products,GET,id=105,,returner,mobile,19,False
1667,3,GET /products?id=61,GET /reviews?product_id=61,/products,GET,id=61,,returner,mobile,19,False
1667,4,GET /reviews?product_id=61,END,/reviews,GET,product_id=61,,returner,mobile,19,True
1668,1,GET /search?q=office shirt,GET /products?id=73,/search,GET,q=office shirt,,returner,tablet,5,False
1668,2,GET /products?id=73,GET /cart?product_id=73,/products,GET,id=73,,returner,tablet,5,False
1668,3,GET /cart?product_id=73,END,/cart,GET,product_id=73,,returner,tablet,5,True
1669,1,GET /products,GET /products?id=61,/products,GET,,,returner,mobile,3,False
1669,2,GET /products?id=61,"POST /wishlist?product_id=61  body={""product_id"": 61}",/products,GET,id=61,,returner,mobile,3,False
1669,3,"POST /wishlist?product_id=61  body={""product_id"": 61}",GET /cart?product_id=61,/wishlist,POST,product_id=61,"{""product_id"": 61}",returner,mobile,3,False
1669,4,GET /cart?product_id=61,END,/cart,GET,product_id=61,,returner,mobile,3,True
1670,1,GET /products,GET /products?id=15,/products,GET,,,new_visitor,mobile,20,False
1670,2,GET /products?id=15,GET /products?id=73,/products,GET,id=15,,new_visitor,mobile,20,False
1670,3,GET /products?id=73,GET /products?id=33,/products,GET,id=73,,new_visitor,mobile,20,False
1670,4,GET /products?id=33,GET /cart?product_id=33,/products,GET,id=33,,new_visitor,mobile,20,False
1670,5,GET /cart?product_id=33,END,/cart,GET,product_id=33,,new_visitor,mobile,20,True
1671,1,GET /products,GET /products?id=61,/products,GET,,,browser,mobile,13,False
1671,2,GET /products?id=61,GET /cart?product_id=61,/products,GET,id=61,,browser,mobile,13,False
1671,3,GET /cart?product_id=61,END,/cart,GET,product_id=61,,browser,mobile,13,True
1672,1,GET /search?q=running shoes,GET /products?id=110,/search,GET,q=running shoes,,new_visitor,mobile,18,False
1672,2,GET /products?id=110,GET /cart?product_id=110,/products,GET,id=110,,new_visitor,mobile,18,False
1672,3,GET /cart?product_id=110,END,/cart,GET,product_id=110,,new_visitor,mobile,18,True
1673,1,GET /products,GET /products?id=11,/products,GET,,,indecisive,mobile,7,False
1673,2,GET /products?id=11,GET /reviews?product_id=11,/products,GET,id=11,,indecisive,mobile,7,False
1673,3,GET /reviews?product_id=11,GET /products?id=11,/reviews,GET,product_id=11,,indecisive,mobile,7,False
1673,4,GET /products?id=11,GET /cart?product_id=11,/products,GET,id=11,,indecisive,mobile,7,False
1673,5,GET /cart?product_id=11,END,/cart,GET,product_id=11,,indecisive,mobile,7,True
1674,1,GET /products/filter,"POST /products/filter  body={""gender"":""male"",""category"":""sneakers"",""price"":""high""}",/products/filter,GET,,,indecisive,mobile,17,False
1674,2,"POST /products/filter  body={""gender"":""male"",""category"":""sneakers"",""price"":""high""}",GET /products,/products/filter,POST,,"{""gender"":""male"",""category"":""sneakers"",""price"":""high""}",indecisive,mobile,17,False
1674,3,GET /products,"POST /products/filter  body={""gender"":""male"",""category"":""sneakers""}",/products,GET,,,indecisive,mobile,17,False
1674,4,"POST /products/filter  body={""gender"":""male"",""category"":""sneakers""}",GET /products?id=44,/products/filter,POST,,"{""gender"":""male"",""category"":""sneakers""}",indecisive,mobile,17,False
1674,5,GET /products?id=44,GET /cart?product_id=44,/products,GET,id=44,,indecisive,mobile,17,False
1674,6,GET /cart?product_id=44,END,/cart,GET,product_id=44,,indecisive,mobile,17,True
1675,1,GET /products,GET /products?id=55,/products,GET,,,indecisive,mobile,4,False
1675,2,GET /products?id=55,GET /products?id=55,/products,GET,id=55,,indecisive,mobile,4,False
1675,3,GET /products?id=55,GET /products?id=110,/products,GET,id=55,,indecisive,mobile,4,False
1675,4,GET /products?id=110,GET /products?id=55,/products,GET,id=110,,indecisive,mobile,4,False
1675,5,GET /products?id=55,GET /cart?product_id=55,/products,GET,id=55,,indecisive,mobile,4,False
1675,6,GET /cart?product_id=55,END,/cart,GET,product_id=55,,indecisive,mobile,4,True
1676,1,GET /products,GET /products?id=120,/products,GET,,,indecisive,desktop,5,False
1676,2,GET /products?id=120,GET /reviews?product_id=120,/products,GET,id=120,,indecisive,desktop,5,False
1676,3,GET /reviews?product_id=120,END,/reviews,GET,product_id=120,,indecisive,desktop,5,True
1677,1,GET /search?q=red dress,GET /products?id=105,/search,GET,q=red dress,,buyer,desktop,3,False
1677,2,GET /products?id=105,GET /reviews?product_id=105,/products,GET,id=105,,buyer,desktop,3,False
1677,3,GET /reviews?product_id=105,END,/reviews,GET,product_id=105,,buyer,desktop,3,True
1678,1,GET /products,GET /products?id=105,/products,GET,,,browser,desktop,20,False
1678,2,GET /products?id=105,GET /cart?product_id=105,/products,GET,id=105,,browser,desktop,20,False
1678,3,GET /cart?product_id=105,END,/cart,GET,product_id=105,,browser,desktop,20,True
1679,1,GET /products,GET /products?id=73,/products,GET,,,indecisive,tablet,14,False
1679,2,GET /products?id=73,GET /cart?product_id=73,/products,GET,id=73,,indecisive,tablet,14,False
1679,3,GET /cart?product_id=73,GET /home,/cart,GET,product_id=73,,indecisive,tablet,14,False
1679,4,GET /home,END,/home,GET,,,indecisive,tablet,14,True
1680,1,GET /products,GET /products?id=44,/products,GET,,,indecisive,mobile,5,False
1680,2,GET /products?id=44,GET /reviews?product_id=44,/products,GET,id=44,,indecisive,mobile,5,False
1680,3,GET /reviews?product_id=44,GET /products?id=44,/reviews,GET,product_id=44,,indecisive,mobile,5,False
1680,4,GET /products?id=44,GET /cart?product_id=44,/products,GET,id=44,,indecisive,mobile,5,False
1680,5,GET /cart?product_id=44,END,/cart,GET,product_id=44,,indecisive,mobile,5,True
1681,1,GET /search?q=sunglasses,GET /products?id=42,/search,GET,q=sunglasses,,browser,desktop,11,False
1681,2,GET /products?id=42,GET /reviews?product_id=42,/products,GET,id=42,,browser,desktop,11,False
1681,3,GET /reviews?product_id=42,END,/reviews,GET,product_id=42,,browser,desktop,11,True
1682,1,GET /products/filter,"POST /products/filter  body={""gender"":""female"",""category"":""dress""}",/products/filter,GET,,,buyer,tablet,23,False
1682,2,"POST /products/filter  body={""gender"":""female"",""category"":""dress""}",GET /products?id=42,/products/filter,POST,,"{""gender"":""female"",""category"":""dress""}",buyer,tablet,23,False
1682,3,GET /products?id=42,GET /cart?product_id=42,/products,GET,id=42,,buyer,tablet,23,False
1682,4,GET /cart?product_id=42,END,/cart,GET,product_id=42,,buyer,tablet,23,True
1683,1,GET /home,GET /category?type=women,/home,GET,,,new_visitor,mobile,16,False
1683,2,GET /category?type=women,GET /products?id=44,/category,GET,type=women,,new_visitor,mobile,16,False
1683,3,GET /products?id=44,GET /cart?product_id=44,/products,GET,id=44,,new_visitor,mobile,16,False
1683,4,GET /cart?product_id=44,END,/cart,GET,product_id=44,,new_visitor,mobile,16,True
1684,1,GET /products,GET /products?id=61,/products,GET,,,indecisive,mobile,6,False
1684,2,GET /products?id=61,GET /cart?product_id=61,/products,GET,id=61,,indecisive,mobile,6,False
1684,3,GET /cart?product_id=61,END,/cart,GET,product_id=61,,indecisive,mobile,6,True
1685,1,GET /search?q=summer skirt,GET /products?id=39,/search,GET,q=summer skirt,,buyer,desktop,8,False
1685,2,GET /products?id=39,GET /reviews?product_id=39,/products,GET,id=39,,buyer,desktop,8,False
1685,3,GET /reviews?product_id=39,END,/reviews,GET,product_id=39,,buyer,desktop,8,True
1686,1,GET /search?q=wallet,GET /products?id=105,/search,GET,q=wallet,,new_visitor,tablet,9,False
1686,2,GET /products?id=105,GET /reviews?product_id=105,/products,GET,id=105,,new_visitor,tablet,9,False
1686,3,GET /reviews?product_id=105,END,/reviews,GET,product_id=105,,new_visitor,tablet,9,True
1687,1,GET /products/filter,"POST /products/filter  body={""gender"":""female"",""category"":""shirt""}",/products/filter,GET,,,new_visitor,desktop,6,False
1687,2,"POST /products/filter  body={""gender"":""female"",""category"":""shirt""}",GET /products?id=55,/products/filter,POST,,"{""gender"":""female"",""category"":""shirt""}",new_visitor,desktop,6,False
1687,3,GET /products?id=55,GET /cart?product_id=55,/products,GET,id=55,,new_visitor,desktop,6,False
1687,4,GET /cart?product_id=55,END,/cart,GET,product_id=55,,new_visitor,desktop,6,True
1688,1,GET /products,GET /products?id=88,/products,GET,,,new_visitor,tablet,9,False
1688,2,GET /products?id=88,GET /reviews?product_id=88,/products,GET,id=88,,new_visitor,tablet,9,False
1688,3,GET /reviews?product_id=88,END,/reviews,GET,product_id=88,,new_visitor,tablet,9,True
1689,1,GET /search?q=men watch,GET /products?id=33,/search,GET,q=men watch,,returner,desktop,14,False
1689,2,GET /products?id=33,GET /cart?product_id=33,/products,GET,id=33,,returner,desktop,14,False
1689,3,GET /cart?product_id=33,END,/cart,GET,product_id=33,,returner,desktop,14,True
1690,1,GET /search?q=leather bag,GET /products?id=39,/search,GET,q=leather bag,,new_visitor,mobile,19,False
1690,2,GET /products?id=39,GET /cart?product_id=39,/products,GET,id=39,,new_visitor,mobile,19,False
1690,3,GET /cart?product_id=39,END,/cart,GET,product_id=39,,new_visitor,mobile,19,True
1691,1,GET /search?q=red dress,GET /products?id=15,/search,GET,q=red dress,,indecisive,tablet,2,False
1691,2,GET /products?id=15,GET /cart?product_id=15,/products,GET,id=15,,indecisive,tablet,2,False
1691,3,GET /cart?product_id=15,END,/cart,GET,product_id=15,,indecisive,tablet,2,True
1692,1,GET /products,GET /products?id=39,/products,GET,,,new_visitor,desktop,9,False
1692,2,GET /products?id=39,GET /products?id=101,/products,GET,id=39,,new_visitor,desktop,9,False
1692,3,GET /products?id=101,GET /products?id=42,/products,GET,id=101,,new_visitor,desktop,9,False
1692,4,GET /products?id=42,GET /products?id=55,/products,GET,id=42,,new_visitor,desktop,9,False
1692,5,GET /products?id=55,GET /cart?product_id=55,/products,GET,id=55,,new_visitor,desktop,9,False
1692,6,GET /cart?product_id=55,END,/cart,GET,product_id=55,,new_visitor,desktop,9,True
1693,1,GET /products/filter,"POST /products/filter  body={""gender"":""female"",""category"":""dress""}",/products/filter,GET,,,indecisive,desktop,5,False
1693,2,"POST /products/filter  body={""gender"":""female"",""category"":""dress""}",GET /products?id=39,/products/filter,POST,,"{""gender"":""female"",""category"":""dress""}",indecisive,desktop,5,False
1693,3,GET /products?id=39,GET /reviews?product_id=39,/products,GET,id=39,,indecisive,desktop,5,False
1693,4,GET /reviews?product_id=39,END,/reviews,GET,product_id=39,,indecisive,desktop,5,True
1694,1,GET /products,GET /products?id=33,/products,GET,,,indecisive,mobile,10,False
1694,2,GET /products?id=33,GET /cart?product_id=33,/products,GET,id=33,,indecisive,mobile,10,False
1694,3,GET /cart?product_id=33,END,/cart,GET,product_id=33,,indecisive,mobile,10,True
1695,1,GET /home,GET /category?type=men,/home,GET,,,indecisive,mobile,14,False
1695,2,GET /category?type=men,GET /products?id=15,/category,GET,type=men,,indecisive,mobile,14,False
1695,3,GET /products?id=15,GET /cart?product_id=15,/products,GET,id=15,,indecisive,mobile,14,False
1695,4,GET /cart?product_id=15,END,/cart,GET,product_id=15,,indecisive,mobile,14,True
1696,1,GET /products/filter,"POST /products/filter  body={""gender"":""female"",""category"":""watch"",""price"":""mid""}",/products/filter,GET,,,new_visitor,mobile,12,False
1696,2,"POST /products/filter  body={""gender"":""female"",""category"":""watch"",""price"":""mid""}",GET /products?id=55,/products/filter,POST,,"{""gender"":""female"",""category"":""watch"",""price"":""mid""}",new_visitor,mobile,12,False
1696,3,GET /products?id=55,GET /cart?product_id=55,/products,GET,id=55,,new_visitor,mobile,12,False
1696,4,GET /cart?product_id=55,END,/cart,GET,product_id=55,,new_visitor,mobile,12,True
1697,1,GET /products,GET /products?id=47,/products,GET,,,new_visitor,desktop,22,False
1697,2,GET /products?id=47,GET /products?id=105,/products,GET,id=47,,new_visitor,desktop,22,False
1697,3,GET /products?id=105,GET /products?id=105,/products,GET,id=105,,new_visitor,desktop,22,False
1697,4,GET /products?id=105,GET /products?id=33,/products,GET,id=105,,new_visitor,desktop,22,False
1697,5,GET /products?id=33,GET /reviews?product_id=33,/products,GET,id=33,,new_visitor,desktop,22,False
1697,6,GET /reviews?product_id=33,END,/reviews,GET,product_id=33,,new_visitor,desktop,22,True
1698,1,GET /products,GET /products?id=120,/products,GET,,,buyer,mobile,1,False
1698,2,GET /products?id=120,GET /cart?product_id=120,/products,GET,id=120,,buyer,mobile,1,False
1698,3,GET /cart?product_id=120,GET /home,/cart,GET,product_id=120,,buyer,mobile,1,False
1698,4,GET /home,END,/home,GET,,,buyer,mobile,1,True
1699,1,GET /products,GET /products?id=110,/products,GET,,,browser,desktop,13,False
1699,2,GET /products?id=110,GET /cart?product_id=110,/products,GET,id=110,,browser,desktop,13,False
1699,3,GET /cart?product_id=110,END,/cart,GET,product_id=110,,browser,desktop,13,True
1700,1,GET /products/filter,"POST /products/filter  body={""gender"":""female"",""category"":""shirt"",""price"":""low""}",/products/filter,GET,,,indecisive,tablet,12,False
1700,2,"POST /products/filter  body={""gender"":""female"",""category"":""shirt"",""price"":""low""}",GET /products?id=42,/products/filter,POST,,"{""gender"":""female"",""category"":""shirt"",""price"":""low""}",indecisive,tablet,12,False
1700,3,GET /products?id=42,GET /cart?product_id=42,/products,GET,id=42,,indecisive,tablet,12,False
1700,4,GET /cart?product_id=42,END,/cart,GET,product_id=42,,indecisive,tablet,12,True
1701,1,GET /products/filter,"POST /products/filter  body={""gender"":""male"",""category"":""skirt"",""price"":""high""}",/products/filter,GET,,,returner,desktop,4,False
1701,2,"POST /products/filter  body={""gender"":""male"",""category"":""skirt"",""price"":""high""}",GET /products,/products/filter,POST,,"{""gender"":""male"",""category"":""skirt"",""price"":""high""}",returner,desktop,4,False
1701,3,GET /products,"POST /products/filter  body={""gender"":""male"",""category"":""skirt""}",/products,GET,,,returner,desktop,4,False
1701,4,"POST /products/filter  body={""gender"":""male"",""category"":""skirt""}",GET /products?id=44,/products/filter,POST,,"{""gender"":""male"",""category"":""skirt""}",returner,desktop,4,False
1701,5,GET /products?id=44,GET /cart?product_id=44,/products,GET,id=44,,returner,desktop,4,False
1701,6,GET /cart?product_id=44,END,/cart,GET,product_id=44,,returner,desktop,4,True
1702,1,GET /products,GET /products?id=55,/products,GET,,,indecisive,tablet,0,False
1702,2,GET /products?id=55,GET /reviews?product_id=55,/products,GET,id=55,,indecisive,tablet,0,False
1702,3,GET /reviews?product_id=55,END,/reviews,GET,product_id=55,,indecisive,tablet,0,True
1703,1,GET /products/filter,"POST /products/filter  body={""gender"":""male"",""category"":""sneakers"",""price"":""low""}",/products/filter,GET,,,returner,tablet,9,False
1703,2,"POST /products/filter  body={""gender"":""male"",""category"":""sneakers"",""price"":""low""}",GET /products?id=33,/products/filter,POST,,"{""gender"":""male"",""category"":""sneakers"",""price"":""low""}",returner,tablet,9,False
1703,3,GET /products?id=33,GET /cart?product_id=33,/products,GET,id=33,,returner,tablet,9,False
1703,4,GET /cart?product_id=33,END,/cart,GET,product_id=33,,returner,tablet,9,True
1704,1,GET /search?q=wallet,GET /products?id=120,/search,GET,q=wallet,,returner,tablet,1,False
1704,2,GET /products?id=120,GET /cart?product_id=120,/products,GET,id=120,,returner,tablet,1,False
1704,3,GET /cart?product_id=120,END,/cart,GET,product_id=120,,returner,tablet,1,True
1705,1,GET /products,GET /products?id=11,/products,GET,,,browser,desktop,19,False
1705,2,GET /products?id=11,GET /cart?product_id=11,/products,GET,id=11,,browser,desktop,19,False
1705,3,GET /cart?product_id=11,END,/cart,GET,product_id=11,,browser,desktop,19,True
1706,1,GET /products?id=105,GET /cart?product_id=105,/products,GET,id=105,,browser,mobile,3,False
1706,2,GET /cart?product_id=105,END,/cart,GET,product_id=105,,browser,mobile,3,True
1707,1,GET /products,GET /products?id=39,/products,GET,,,browser,mobile,23,False
1707,2,GET /products?id=39,GET /reviews?product_id=39,/products,GET,id=39,,browser,mobile,23,False
1707,3,GET /reviews?product_id=39,GET /products?id=42,/reviews,GET,product_id=39,,browser,mobile,23,False
1707,4,GET /products?id=42,GET /cart?product_id=42,/products,GET,id=42,,browser,mobile,23,False
1707,5,GET /cart?product_id=42,END,/cart,GET,product_id=42,,browser,mobile,23,True
1708,1,GET /products,GET /products?id=22,/products,GET,,,browser,desktop,1,False
1708,2,GET /products?id=22,GET /cart?product_id=22,/products,GET,id=22,,browser,desktop,1,False
1708,3,GET /cart?product_id=22,END,/cart,GET,product_id=22,,browser,desktop,1,True
1709,1,GET /products,GET /products?id=101,/products,GET,,,indecisive,tablet,19,False
1709,2,GET /products?id=101,GET /cart?product_id=101,/products,GET,id=101,,indecisive,tablet,19,False
1709,3,GET /cart?product_id=101,GET /home,/cart,GET,product_id=101,,indecisive,tablet,19,False
1709,4,GET /home,END,/home,GET,,,indecisive,tablet,19,True
1710,1,GET /products,GET /products?id=110,/products,GET,,,indecisive,tablet,5,False
1710,2,GET /products?id=110,GET /reviews?product_id=110,/products,GET,id=110,,indecisive,tablet,5,False
1710,3,GET /reviews?product_id=110,GET /products?id=55,/reviews,GET,product_id=110,,indecisive,tablet,5,False
1710,4,GET /products?id=55,GET /cart?product_id=55,/products,GET,id=55,,indecisive,tablet,5,False
1710,5,GET /cart?product_id=55,END,/cart,GET,product_id=55,,indecisive,tablet,5,True
1711,1,GET /products,GET /products?id=105,/products,GET,,,buyer,desktop,4,False
1711,2,GET /products?id=105,GET /cart?product_id=105,/products,GET,id=105,,buyer,desktop,4,False
1711,3,GET /cart?product_id=105,GET /checkout,/cart,GET,product_id=105,,buyer,desktop,4,False
1711,4,GET /checkout,"POST /payment  body={""amount"": 49.99, ""method"": ""card""}",/checkout,GET,,,buyer,desktop,4,False
1711,5,"POST /payment  body={""amount"": 49.99, ""method"": ""card""}",END,/payment,POST,,"{""amount"": 49.99, ""method"": ""card""}",buyer,desktop,4,True
1712,1,GET /home,GET /category?type=women,/home,GET,,,returner,tablet,3,False
1712,2,GET /category?type=women,GET /products?id=61,/category,GET,type=women,,returner,tablet,3,False
1712,3,GET /products?id=61,GET /cart?product_id=61,/products,GET,id=61,,returner,tablet,3,False
1712,4,GET /cart?product_id=61,END,/cart,GET,product_id=61,,returner,tablet,3,True
1713,1,GET /products?id=33,GET /reviews?product_id=33,/products,GET,id=33,,returner,tablet,15,False
1713,2,GET /reviews?product_id=33,END,/reviews,GET,product_id=33,,returner,tablet,15,True
1714,1,GET /products/filter,"POST /products/filter  body={""gender"":""male"",""category"":""skirt"",""price"":""high""}",/products/filter,GET,,,returner,mobile,2,False
1714,2,"POST /products/filter  body={""gender"":""male"",""category"":""skirt"",""price"":""high""}",GET /products?id=11,/products/filter,POST,,"{""gender"":""male"",""category"":""skirt"",""price"":""high""}",returner,mobile,2,False
1714,3,GET /products?id=11,GET /cart?product_id=11,/products,GET,id=11,,returner,mobile,2,False
1714,4,GET /cart?product_id=11,END,/cart,GET,product_id=11,,returner,mobile,2,True
1715,1,GET /products,GET /products?id=120,/products,GET,,,buyer,tablet,2,False
1715,2,GET /products?id=120,GET /cart?product_id=120,/products,GET,id=120,,buyer,tablet,2,False
1715,3,GET /cart?product_id=120,END,/cart,GET,product_id=120,,buyer,tablet,2,True
1716,1,GET /search?q=heels,GET /products?id=88,/search,GET,q=heels,,browser,tablet,6,False
1716,2,GET /products?id=88,GET /reviews?product_id=88,/products,GET,id=88,,browser,tablet,6,False
1716,3,GET /reviews?product_id=88,END,/reviews,GET,product_id=88,,browser,tablet,6,True
1717,1,GET /products/filter,"POST /products/filter  body={""gender"":""unisex"",""category"":""watch""}",/products/filter,GET,,,returner,mobile,10,False
1717,2,"POST /products/filter  body={""gender"":""unisex"",""category"":""watch""}",GET /products?id=33,/products/filter,POST,,"{""gender"":""unisex"",""category"":""watch""}",returner,mobile,10,False
1717,3,GET /products?id=33,GET /cart?product_id=33,/products,GET,id=33,,returner,mobile,10,False
1717,4,GET /cart?product_id=33,END,/cart,GET,product_id=33,,returner,mobile,10,True
1718,1,GET /products,GET /products?id=55,/products,GET,,,indecisive,tablet,14,False
1718,2,GET /products?id=55,GET /reviews?product_id=55,/products,GET,id=55,,indecisive,tablet,14,False
1718,3,GET /reviews?product_id=55,GET /products?id=55,/reviews,GET,product_id=55,,indecisive,tablet,14,False
1718,4,GET /products?id=55,GET /cart?product_id=55,/products,GET,id=55,,indecisive,tablet,14,False
1718,5,GET /cart?product_id=55,END,/cart,GET,product_id=55,,indecisive,tablet,14,True
1719,1,GET /search?q=wallet,GET /products?id=88,/search,GET,q=wallet,,buyer,mobile,11,False
1719,2,GET /products?id=88,GET /cart?product_id=88,/products,GET,id=88,,buyer,mobile,11,False
1719,3,GET /cart?product_id=88,END,/cart,GET,product_id=88,,buyer,mobile,11,True
1720,1,GET /products/filter,"POST /products/filter  body={""gender"":""female"",""category"":""shirt""}",/products/filter,GET,,,returner,mobile,2,False
1720,2,"POST /products/filter  body={""gender"":""female"",""category"":""shirt""}",GET /products?id=55,/products/filter,POST,,"{""gender"":""female"",""category"":""shirt""}",returner,mobile,2,False
1720,3,GET /products?id=55,GET /cart?product_id=55,/products,GET,id=55,,returner,mobile,2,False
1720,4,GET /cart?product_id=55,END,/cart,GET,product_id=55,,returner,mobile,2,True
1721,1,GET /products,GET /products?id=11,/products,GET,,,buyer,desktop,3,False
1721,2,GET /products?id=11,GET /cart?product_id=11,/products,GET,id=11,,buyer,desktop,3,False
1721,3,GET /cart?product_id=11,GET /checkout,/cart,GET,product_id=11,,buyer,desktop,3,False
1721,4,GET /checkout,"POST /payment  body={""amount"": 49.99, ""method"": ""card""}",/checkout,GET,,,buyer,desktop,3,False
1721,5,"POST /payment  body={""amount"": 49.99, ""method"": ""card""}",END,/payment,POST,,"{""amount"": 49.99, ""method"": ""card""}",buyer,desktop,3,True
1722,1,GET /products/filter,"POST /products/filter  body={""gender"":""male"",""category"":""watch""}",/products/filter,GET,,,browser,desktop,5,False
1722,2,"POST /products/filter  body={""gender"":""male"",""category"":""watch""}",GET /products?id=39,/products/filter,POST,,"{""gender"":""male"",""category"":""watch""}",browser,desktop,5,False
1722,3,GET /products?id=39,GET /cart?product_id=39,/products,GET,id=39,,browser,desktop,5,False
1722,4,GET /cart?product_id=39,END,/cart,GET,product_id=39,,browser,desktop,5,True
1723,1,GET /products,GET /products?id=105,/products,GET,,,indecisive,mobile,17,False
1723,2,GET /products?id=105,GET /cart?product_id=105,/products,GET,id=105,,indecisive,mobile,17,False
1723,3,GET /cart?product_id=105,END,/cart,GET,product_id=105,,indecisive,mobile,17,True
1724,1,GET /home,GET /category?type=women,/home,GET,,,returner,tablet,13,False
1724,2,GET /category?type=women,GET /products?id=55,/category,GET,type=women,,returner,tablet,13,False
1724,3,GET /products?id=55,GET /cart?product_id=55,/products,GET,id=55,,returner,tablet,13,False
1724,4,GET /cart?product_id=55,END,/cart,GET,product_id=55,,returner,tablet,13,True
1725,1,GET /products,GET /products?id=101,/products,GET,,,indecisive,desktop,3,False
1725,2,GET /products?id=101,GET /reviews?product_id=101,/products,GET,id=101,,indecisive,desktop,3,False
1725,3,GET /reviews?product_id=101,END,/reviews,GET,product_id=101,,indecisive,desktop,3,True
1726,1,GET /products,GET /products?id=73,/products,GET,,,returner,mobile,9,False
1726,2,GET /products?id=73,GET /cart?product_id=73,/products,GET,id=73,,returner,mobile,9,False
1726,3,GET /cart?product_id=73,END,/cart,GET,product_id=73,,returner,mobile,9,True
1727,1,GET /home,GET /category?type=women,/home,GET,,,new_visitor,tablet,15,False
1727,2,GET /category?type=women,GET /products?id=73,/category,GET,type=women,,new_visitor,tablet,15,False
1727,3,GET /products?id=73,GET /cart?product_id=73,/products,GET,id=73,,new_visitor,tablet,15,False
1727,4,GET /cart?product_id=73,END,/cart,GET,product_id=73,,new_visitor,tablet,15,True
1728,1,GET /products?id=11,GET /cart?product_id=11,/products,GET,id=11,,browser,tablet,7,False
1728,2,GET /cart?product_id=11,END,/cart,GET,product_id=11,,browser,tablet,7,True
1729,1,GET /products/filter,"POST /products/filter  body={""gender"":""unisex"",""category"":""skirt"",""price"":""high""}",/products/filter,GET,,,browser,tablet,8,False
1729,2,"POST /products/filter  body={""gender"":""unisex"",""category"":""skirt"",""price"":""high""}",GET /products?id=11,/products/filter,POST,,"{""gender"":""unisex"",""category"":""skirt"",""price"":""high""}",browser,tablet,8,False
1729,3,GET /products?id=11,GET /cart?product_id=11,/products,GET,id=11,,browser,tablet,8,False
1729,4,GET /cart?product_id=11,END,/cart,GET,product_id=11,,browser,tablet,8,True
1730,1,GET /search?q=heels,GET /products?id=55,/search,GET,q=heels,,new_visitor,tablet,22,False
1730,2,GET /products?id=55,GET /cart?product_id=55,/products,GET,id=55,,new_visitor,tablet,22,False
1730,3,GET /cart?product_id=55,END,/cart,GET,product_id=55,,new_visitor,tablet,22,True
1731,1,GET /products/filter,"POST /products/filter  body={""gender"":""female"",""category"":""dress"",""price"":""mid""}",/products/filter,GET,,,buyer,tablet,22,False
1731,2,"POST /products/filter  body={""gender"":""female"",""category"":""dress"",""price"":""mid""}",GET /products?id=39,/products/filter,POST,,"{""gender"":""female"",""category"":""dress"",""price"":""mid""}",buyer,tablet,22,False
1731,3,GET /products?id=39,GET /cart?product_id=39,/products,GET,id=39,,buyer,tablet,22,False
1731,4,GET /cart?product_id=39,END,/cart,GET,product_id=39,,buyer,tablet,22,True
1732,1,GET /products/filter,"POST /products/filter  body={""gender"":""female"",""category"":""skirt"",""price"":""mid""}",/products/filter,GET,,,indecisive,tablet,19,False
1732,2,"POST /products/filter  body={""gender"":""female"",""category"":""skirt"",""price"":""mid""}",GET /products?id=120,/products/filter,POST,,"{""gender"":""female"",""category"":""skirt"",""price"":""mid""}",indecisive,tablet,19,False
1732,3,GET /products?id=120,GET /cart?product_id=120,/products,GET,id=120,,indecisive,tablet,19,False
1732,4,GET /cart?product_id=120,END,/cart,GET,product_id=120,,indecisive,tablet,19,True
1733,1,GET /products,GET /products?id=47,/products,GET,,,indecisive,tablet,7,False
1733,2,GET /products?id=47,GET /cart?product_id=47,/products,GET,id=47,,indecisive,tablet,7,False
1733,3,GET /cart?product_id=47,END,/cart,GET,product_id=47,,indecisive,tablet,7,True
1734,1,GET /products?id=120,GET /cart?product_id=120,/products,GET,id=120,,indecisive,desktop,4,False
1734,2,GET /cart?product_id=120,END,/cart,GET,product_id=120,,indecisive,desktop,4,True
1735,1,GET /products,GET /products?id=42,/products,GET,,,browser,mobile,8,False
1735,2,GET /products?id=42,GET /products?id=39,/products,GET,id=42,,browser,mobile,8,False
1735,3,GET /products?id=39,GET /reviews?product_id=39,/products,GET,id=39,,browser,mobile,8,False
1735,4,GET /reviews?product_id=39,GET /products?id=120,/reviews,GET,product_id=39,,browser,mobile,8,False
1735,5,GET /products?id=120,GET /reviews?product_id=120,/products,GET,id=120,,browser,mobile,8,False
1735,6,GET /reviews?product_id=120,GET /products?id=42,/reviews,GET,product_id=120,,browser,mobile,8,False
1735,7,GET /products?id=42,GET /cart?product_id=42,/products,GET,id=42,,browser,mobile,8,False
1735,8,GET /cart?product_id=42,END,/cart,GET,product_id=42,,browser,mobile,8,True
1736,1,GET /products/filter,"POST /products/filter  body={""gender"":""female"",""category"":""skirt"",""price"":""high""}",/products/filter,GET,,,new_visitor,tablet,9,False
1736,2,"POST /products/filter  body={""gender"":""female"",""category"":""skirt"",""price"":""high""}",GET /products,/products/filter,POST,,"{""gender"":""female"",""category"":""skirt"",""price"":""high""}",new_visitor,tablet,9,False
1736,3,GET /products,"POST /products/filter  body={""gender"":""female"",""category"":""skirt""}",/products,GET,,,new_visitor,tablet,9,False
1736,4,"POST /products/filter  body={""gender"":""female"",""category"":""skirt""}",GET /products?id=55,/products/filter,POST,,"{""gender"":""female"",""category"":""skirt""}",new_visitor,tablet,9,False
1736,5,GET /products?id=55,GET /cart?product_id=55,/products,GET,id=55,,new_visitor,tablet,9,False
1736,6,GET /cart?product_id=55,END,/cart,GET,product_id=55,,new_visitor,tablet,9,True
1737,1,GET /products/filter,"POST /products/filter  body={""gender"":""male"",""category"":""shirt""}",/products/filter,GET,,,browser,desktop,23,False
1737,2,"POST /products/filter  body={""gender"":""male"",""category"":""shirt""}",GET /products?id=15,/products/filter,POST,,"{""gender"":""male"",""category"":""shirt""}",browser,desktop,23,False
1737,3,GET /products?id=15,GET /reviews?product_id=15,/products,GET,id=15,,browser,desktop,23,False
1737,4,GET /reviews?product_id=15,END,/reviews,GET,product_id=15,,browser,desktop,23,True
1738,1,GET /search?q=office shirt,GET /products?id=22,/search,GET,q=office shirt,,returner,desktop,11,False
1738,2,GET /products?id=22,GET /cart?product_id=22,/products,GET,id=22,,returner,desktop,11,False
1738,3,GET /cart?product_id=22,END,/cart,GET,product_id=22,,returner,desktop,11,True
1739,1,GET /products,GET /products?id=55,/products,GET,,,indecisive,tablet,21,False
1739,2,GET /products?id=55,GET /products?id=15,/products,GET,id=55,,indecisive,tablet,21,False
1739,3,GET /products?id=15,GET /reviews?product_id=15,/products,GET,id=15,,indecisive,tablet,21,False
1739,4,GET /reviews?product_id=15,GET /products?id=42,/reviews,GET,product_id=15,,indecisive,tablet,21,False
1739,5,GET /products?id=42,GET /products?id=61,/products,GET,id=42,,indecisive,tablet,21,False
1739,6,GET /products?id=61,GET /reviews?product_id=61,/products,GET,id=61,,indecisive,tablet,21,False
1739,7,GET /reviews?product_id=61,GET /products?id=105,/reviews,GET,product_id=61,,indecisive,tablet,21,False
1739,8,GET /products?id=105,GET /products?id=11,/products,GET,id=105,,indecisive,tablet,21,False
1739,9,GET /products?id=11,GET /cart?product_id=11,/products,GET,id=11,,indecisive,tablet,21,False
1739,10,GET /cart?product_id=11,END,/cart,GET,product_id=11,,indecisive,tablet,21,True
1740,1,GET /products,GET /products?id=101,/products,GET,,,indecisive,mobile,23,False
1740,2,GET /products?id=101,GET /cart?product_id=101,/products,GET,id=101,,indecisive,mobile,23,False
1740,3,GET /cart?product_id=101,END,/cart,GET,product_id=101,,indecisive,mobile,23,True
1741,1,GET /home,GET /category?type=men,/home,GET,,,indecisive,tablet,21,False
1741,2,GET /category?type=men,GET /products?id=39,/category,GET,type=men,,indecisive,tablet,21,False
1741,3,GET /products?id=39,GET /cart?product_id=39,/products,GET,id=39,,indecisive,tablet,21,False
1741,4,GET /cart?product_id=39,END,/cart,GET,product_id=39,,indecisive,tablet,21,True
1742,1,GET /products/filter,"POST /products/filter  body={""gender"":""male"",""category"":""sneakers""}",/products/filter,GET,,,buyer,desktop,21,False
1742,2,"POST /products/filter  body={""gender"":""male"",""category"":""sneakers""}",GET /products?id=105,/products/filter,POST,,"{""gender"":""male"",""category"":""sneakers""}",buyer,desktop,21,False
1742,3,GET /products?id=105,GET /reviews?product_id=105,/products,GET,id=105,,buyer,desktop,21,False
1742,4,GET /reviews?product_id=105,END,/reviews,GET,product_id=105,,buyer,desktop,21,True
1743,1,GET /products,GET /products?id=33,/products,GET,,,indecisive,desktop,6,False
1743,2,GET /products?id=33,GET /reviews?product_id=33,/products,GET,id=33,,indecisive,desktop,6,False
1743,3,GET /reviews?product_id=33,END,/reviews,GET,product_id=33,,indecisive,desktop,6,True
1744,1,GET /home,GET /category?type=men,/home,GET,,,browser,desktop,14,False
1744,2,GET /category?type=men,GET /products?id=22,/category,GET,type=men,,browser,desktop,14,False
1744,3,GET /products?id=22,GET /cart?product_id=22,/products,GET,id=22,,browser,desktop,14,False
1744,4,GET /cart?product_id=22,END,/cart,GET,product_id=22,,browser,desktop,14,True
1745,1,GET /products,GET /products?id=61,/products,GET,,,browser,mobile,15,False
1745,2,GET /products?id=61,GET /reviews?product_id=61,/products,GET,id=61,,browser,mobile,15,False
1745,3,GET /reviews?product_id=61,GET /products?id=110,/reviews,GET,product_id=61,,browser,mobile,15,False
1745,4,GET /products?id=110,GET /cart?product_id=110,/products,GET,id=110,,browser,mobile,15,False
1745,5,GET /cart?product_id=110,END,/cart,GET,product_id=110,,browser,mobile,15,True
1746,1,GET /products,GET /products?id=73,/products,GET,,,buyer,tablet,9,False
1746,2,GET /products?id=73,GET /products?id=22,/products,GET,id=73,,buyer,tablet,9,False
1746,3,GET /products?id=22,GET /products?id=120,/products,GET,id=22,,buyer,tablet,9,False
1746,4,GET /products?id=120,GET /products?id=22,/products,GET,id=120,,buyer,tablet,9,False
1746,5,GET /products?id=22,GET /cart?product_id=22,/products,GET,id=22,,buyer,tablet,9,False
1746,6,GET /cart?product_id=22,END,/cart,GET,product_id=22,,buyer,tablet,9,True
1747,1,GET /products,GET /products?id=22,/products,GET,,,indecisive,mobile,14,False
1747,2,GET /products?id=22,GET /reviews?product_id=22,/products,GET,id=22,,indecisive,mobile,14,False
1747,3,GET /reviews?product_id=22,END,/reviews,GET,product_id=22,,indecisive,mobile,14,True
1748,1,GET /products/filter,"POST /products/filter  body={""gender"":""male"",""category"":""shirt"",""price"":""low""}",/products/filter,GET,,,browser,mobile,15,False
1748,2,"POST /products/filter  body={""gender"":""male"",""category"":""shirt"",""price"":""low""}",GET /products?id=44,/products/filter,POST,,"{""gender"":""male"",""category"":""shirt"",""price"":""low""}",browser,mobile,15,False
1748,3,GET /products?id=44,GET /cart?product_id=44,/products,GET,id=44,,browser,mobile,15,False
1748,4,GET /cart?product_id=44,END,/cart,GET,product_id=44,,browser,mobile,15,True
1749,1,GET /products,GET /products?id=47,/products,GET,,,indecisive,mobile,11,False
1749,2,GET /products?id=47,GET /products?id=15,/products,GET,id=47,,indecisive,mobile,11,False
1749,3,GET /products?id=15,GET /products?id=61,/products,GET,id=15,,indecisive,mobile,11,False
1749,4,GET /products?id=61,GET /reviews?product_id=61,/products,GET,id=61,,indecisive,mobile,11,False
1749,5,GET /reviews?product_id=61,GET /products?id=88,/reviews,GET,product_id=61,,indecisive,mobile,11,False
1749,6,GET /products?id=88,GET /reviews?product_id=88,/products,GET,id=88,,indecisive,mobile,11,False
1749,7,GET /reviews?product_id=88,GET /cart?product_id=88,/reviews,GET,product_id=88,,indecisive,mobile,11,False
1749,8,GET /cart?product_id=88,END,/cart,GET,product_id=88,,indecisive,mobile,11,True
1750,1,GET /products,GET /products?id=101,/products,GET,,,indecisive,mobile,21,False
1750,2,GET /products?id=101,GET /products?id=55,/products,GET,id=101,,indecisive,mobile,21,False
1750,3,GET /products?id=55,GET /products?id=15,/products,GET,id=55,,indecisive,mobile,21,False
1750,4,GET /products?id=15,GET /reviews?product_id=15,/products,GET,id=15,,indecisive,mobile,21,False
1750,5,GET /reviews?product_id=15,END,/reviews,GET,product_id=15,,indecisive,mobile,21,True
1751,1,GET /home,GET /category?type=accessories,/home,GET,,,new_visitor,desktop,5,False
1751,2,GET /category?type=accessories,GET /products?id=110,/category,GET,type=accessories,,new_visitor,desktop,5,False
1751,3,GET /products?id=110,GET /cart?product_id=110,/products,GET,id=110,,new_visitor,desktop,5,False
1751,4,GET /cart?product_id=110,END,/cart,GET,product_id=110,,new_visitor,desktop,5,True
1752,1,GET /products,GET /products?id=15,/products,GET,,,new_visitor,mobile,21,False
1752,2,GET /products?id=15,GET /cart?product_id=15,/products,GET,id=15,,new_visitor,mobile,21,False
1752,3,GET /cart?product_id=15,GET /checkout,/cart,GET,product_id=15,,new_visitor,mobile,21,False
1752,4,GET /checkout,"POST /payment  body={""amount"": 49.99, ""method"": ""card""}",/checkout,GET,,,new_visitor,mobile,21,False
1752,5,"POST /payment  body={""amount"": 49.99, ""method"": ""card""}",END,/payment,POST,,"{""amount"": 49.99, ""method"": ""card""}",new_visitor,mobile,21,True
1753,1,GET /products,GET /products?id=22,/products,GET,,,buyer,desktop,17,False
1753,2,GET /products?id=22,GET /cart?product_id=22,/products,GET,id=22,,buyer,desktop,17,False
1753,3,GET /cart?product_id=22,END,/cart,GET,product_id=22,,buyer,desktop,17,True
1754,1,GET /home,GET /category?type=men,/home,GET,,,new_visitor,tablet,14,False
1754,2,GET /category?type=men,GET /products?id=33,/category,GET,type=men,,new_visitor,tablet,14,False
1754,3,GET /products?id=33,GET /cart?product_id=33,/products,GET,id=33,,new_visitor,tablet,14,False
1754,4,GET /cart?product_id=33,END,/cart,GET,product_id=33,,new_visitor,tablet,14,True
1755,1,GET /search?q=office shirt,GET /products?id=39,/search,GET,q=office shirt,,browser,mobile,16,False
1755,2,GET /products?id=39,GET /cart?product_id=39,/products,GET,id=39,,browser,mobile,16,False
1755,3,GET /cart?product_id=39,END,/cart,GET,product_id=39,,browser,mobile,16,True
1756,1,GET /search?q=heels,GET /products?id=110,/search,GET,q=heels,,returner,desktop,13,False
1756,2,GET /products?id=110,GET /reviews?product_id=110,/products,GET,id=110,,returner,desktop,13,False
1756,3,GET /reviews?product_id=110,END,/reviews,GET,product_id=110,,returner,desktop,13,True
1757,1,GET /products?id=105,GET /cart?product_id=105,/products,GET,id=105,,browser,tablet,0,False
1757,2,GET /cart?product_id=105,END,/cart,GET,product_id=105,,browser,tablet,0,True
1758,1,GET /products,GET /products?id=39,/products,GET,,,buyer,tablet,9,False
1758,2,GET /products?id=39,GET /cart?product_id=39,/products,GET,id=39,,buyer,tablet,9,False
1758,3,GET /cart?product_id=39,GET /home,/cart,GET,product_id=39,,buyer,tablet,9,False
1758,4,GET /home,END,/home,GET,,,buyer,tablet,9,True
1759,1,GET /products,GET /products?id=22,/products,GET,,,buyer,tablet,17,False
1759,2,GET /products?id=22,GET /reviews?product_id=22,/products,GET,id=22,,buyer,tablet,17,False
1759,3,GET /reviews?product_id=22,GET /products?id=44,/reviews,GET,product_id=22,,buyer,tablet,17,False
1759,4,GET /products?id=44,GET /cart?product_id=44,/products,GET,id=44,,buyer,tablet,17,False
1759,5,GET /cart?product_id=44,END,/cart,GET,product_id=44,,buyer,tablet,17,True
1760,1,GET /products,GET /products?id=110,/products,GET,,,returner,mobile,12,False
1760,2,GET /products?id=110,GET /reviews?product_id=110,/products,GET,id=110,,returner,mobile,12,False
1760,3,GET /reviews?product_id=110,GET /products?id=110,/reviews,GET,product_id=110,,returner,mobile,12,False
1760,4,GET /products?id=110,GET /cart?product_id=110,/products,GET,id=110,,returner,mobile,12,False
1760,5,GET /cart?product_id=110,END,/cart,GET,product_id=110,,returner,mobile,12,True
1761,1,GET /products,GET /products?id=15,/products,GET,,,new_visitor,desktop,1,False
1761,2,GET /products?id=15,GET /reviews?product_id=15,/products,GET,id=15,,new_visitor,desktop,1,False
1761,3,GET /reviews?product_id=15,END,/reviews,GET,product_id=15,,new_visitor,desktop,1,True
1762,1,GET /products,GET /products?id=22,/products,GET,,,browser,desktop,19,False
1762,2,GET /products?id=22,GET /cart?product_id=22,/products,GET,id=22,,browser,desktop,19,False
1762,3,GET /cart?product_id=22,END,/cart,GET,product_id=22,,browser,desktop,19,True
1763,1,GET /products,GET /products?id=44,/products,GET,,,indecisive,mobile,3,False
1763,2,GET /products?id=44,GET /cart?product_id=44,/products,GET,id=44,,indecisive,mobile,3,False
1763,3,GET /cart?product_id=44,GET /checkout,/cart,GET,product_id=44,,indecisive,mobile,3,False
1763,4,GET /checkout,"POST /payment  body={""amount"": 49.99, ""method"": ""card""}",/checkout,GET,,,indecisive,mobile,3,False
1763,5,"POST /payment  body={""amount"": 49.99, ""method"": ""card""}",END,/payment,POST,,"{""amount"": 49.99, ""method"": ""card""}",indecisive,mobile,3,True
1764,1,GET /home,GET /category?type=men,/home,GET,,,buyer,tablet,4,False
1764,2,GET /category?type=men,GET /products?id=15,/category,GET,type=men,,buyer,tablet,4,False
1764,3,GET /products?id=15,GET /cart?product_id=15,/products,GET,id=15,,buyer,tablet,4,False
1764,4,GET /cart?product_id=15,END,/cart,GET,product_id=15,,buyer,tablet,4,True
1765,1,GET /products/filter,"POST /products/filter  body={""gender"":""male"",""category"":""watch"",""price"":""high""}",/products/filter,GET,,,buyer,tablet,20,False
1765,2,"POST /products/filter  body={""gender"":""male"",""category"":""watch"",""price"":""high""}",GET /products,/products/filter,POST,,"{""gender"":""male"",""category"":""watch"",""price"":""high""}",buyer,tablet,20,False
1765,3,GET /products,"POST /products/filter  body={""gender"":""male"",""category"":""watch""}",/products,GET,,,buyer,tablet,20,False
1765,4,"POST /products/filter  body={""gender"":""male"",""category"":""watch""}",GET /products?id=22,/products/filter,POST,,"{""gender"":""male"",""category"":""watch""}",buyer,tablet,20,False
1765,5,GET /products?id=22,GET /cart?product_id=22,/products,GET,id=22,,buyer,tablet,20,False
1765,6,GET /cart?product_id=22,END,/cart,GET,product_id=22,,buyer,tablet,20,True
1766,1,GET /products,GET /products?id=55,/products,GET,,,browser,desktop,19,False
1766,2,GET /products?id=55,GET /reviews?product_id=55,/products,GET,id=55,,browser,desktop,19,False
1766,3,GET /reviews?product_id=55,GET /products?id=55,/reviews,GET,product_id=55,,browser,desktop,19,False
1766,4,GET /products?id=55,GET /cart?product_id=55,/products,GET,id=55,,browser,desktop,19,False
1766,5,GET /cart?product_id=55,END,/cart,GET,product_id=55,,browser,desktop,19,True
1767,1,GET /products,GET /products?id=55,/products,GET,,,browser,mobile,4,False
1767,2,GET /products?id=55,GET /products?id=11,/products,GET,id=55,,browser,mobile,4,False
1767,3,GET /products?id=11,GET /cart?product_id=11,/products,GET,id=11,,browser,mobile,4,False
1767,4,GET /cart?product_id=11,END,/cart,GET,product_id=11,,browser,mobile,4,True
1768,1,GET /search?q=red dress,GET /products?id=55,/search,GET,q=red dress,,returner,mobile,16,False
1768,2,GET /products?id=55,GET /cart?product_id=55,/products,GET,id=55,,returner,mobile,16,False
1768,3,GET /cart?product_id=55,END,/cart,GET,product_id=55,,returner,mobile,16,True
1769,1,GET /products?id=11,GET /reviews?product_id=11,/products,GET,id=11,,indecisive,desktop,15,False
1769,2,GET /reviews?product_id=11,END,/reviews,GET,product_id=11,,indecisive,desktop,15,True
1770,1,GET /products,GET /products?id=55,/products,GET,,,new_visitor,desktop,19,False
1770,2,GET /products?id=55,GET /reviews?product_id=55,/products,GET,id=55,,new_visitor,desktop,19,False
1770,3,GET /reviews?product_id=55,GET /products?id=55,/reviews,GET,product_id=55,,new_visitor,desktop,19,False
1770,4,GET /products?id=55,GET /cart?product_id=55,/products,GET,id=55,,new_visitor,desktop,19,False
1770,5,GET /cart?product_id=55,END,/cart,GET,product_id=55,,new_visitor,desktop,19,True
1771,1,GET /products,GET /products?id=61,/products,GET,,,returner,mobile,20,False
1771,2,GET /products?id=61,GET /reviews?product_id=61,/products,GET,id=61,,returner,mobile,20,False
1771,3,GET /reviews?product_id=61,END,/reviews,GET,product_id=61,,returner,mobile,20,True
1772,1,GET /products,GET /products?id=88,/products,GET,,,buyer,mobile,16,False
1772,2,GET /products?id=88,GET /cart?product_id=88,/products,GET,id=88,,buyer,mobile,16,False
1772,3,GET /cart?product_id=88,GET /checkout,/cart,GET,product_id=88,,buyer,mobile,16,False
1772,4,GET /checkout,"POST /payment  body={""amount"": 49.99, ""method"": ""card""}",/checkout,GET,,,buyer,mobile,16,False
1772,5,"POST /payment  body={""amount"": 49.99, ""method"": ""card""}",END,/payment,POST,,"{""amount"": 49.99, ""method"": ""card""}",buyer,mobile,16,True
1773,1,GET /products/filter,"POST /products/filter  body={""gender"":""female"",""category"":""watch""}",/products/filter,GET,,,returner,desktop,9,False
1773,2,"POST /products/filter  body={""gender"":""female"",""category"":""watch""}",GET /products?id=39,/products/filter,POST,,"{""gender"":""female"",""category"":""watch""}",returner,desktop,9,False
1773,3,GET /products?id=39,GET /cart?product_id=39,/products,GET,id=39,,returner,desktop,9,False
1773,4,GET /cart?product_id=39,END,/cart,GET,product_id=39,,returner,desktop,9,True
1774,1,GET /products,GET /products?id=55,/products,GET,,,indecisive,desktop,12,False
1774,2,GET /products?id=55,"POST /wishlist?product_id=55  body={""product_id"": 55}",/products,GET,id=55,,indecisive,desktop,12,False
1774,3,"POST /wishlist?product_id=55  body={""product_id"": 55}",GET /cart?product_id=55,/wishlist,POST,product_id=55,"{""product_id"": 55}",indecisive,desktop,12,False
1774,4,GET /cart?product_id=55,END,/cart,GET,product_id=55,,indecisive,desktop,12,True
1775,1,GET /products,GET /products?id=22,/products,GET,,,returner,desktop,13,False
1775,2,GET /products?id=22,GET /cart?product_id=22,/products,GET,id=22,,returner,desktop,13,False
1775,3,GET /cart?product_id=22,END,/cart,GET,product_id=22,,returner,desktop,13,True
1776,1,GET /products,GET /products?id=110,/products,GET,,,new_visitor,desktop,0,False
1776,2,GET /products?id=110,GET /products?id=44,/products,GET,id=110,,new_visitor,desktop,0,False
1776,3,GET /products?id=44,GET /reviews?product_id=44,/products,GET,id=44,,new_visitor,desktop,0,False
1776,4,GET /reviews?product_id=44,END,/reviews,GET,product_id=44,,new_visitor,desktop,0,True
1777,1,GET /products,GET /products?id=15,/products,GET,,,indecisive,mobile,14,False
1777,2,GET /products?id=15,GET /products?id=42,/products,GET,id=15,,indecisive,mobile,14,False
1777,3,GET /products?id=42,GET /products?id=73,/products,GET,id=42,,indecisive,mobile,14,False
1777,4,GET /products?id=73,GET /products?id=39,/products,GET,id=73,,indecisive,mobile,14,False
1777,5,GET /products?id=39,GET /reviews?product_id=39,/products,GET,id=39,,indecisive,mobile,14,False
1777,6,GET /reviews?product_id=39,GET /products?id=88,/reviews,GET,product_id=39,,indecisive,mobile,14,False
1777,7,GET /products?id=88,GET /reviews?product_id=88,/products,GET,id=88,,indecisive,mobile,14,False
1777,8,GET /reviews?product_id=88,GET /products?id=39,/reviews,GET,product_id=88,,indecisive,mobile,14,False
1777,9,GET /products?id=39,GET /cart?product_id=39,/products,GET,id=39,,indecisive,mobile,14,False
1777,10,GET /cart?product_id=39,END,/cart,GET,product_id=39,,indecisive,mobile,14,True
1778,1,GET /products,GET /products?id=61,/products,GET,,,new_visitor,desktop,14,False
1778,2,GET /products?id=61,"POST /wishlist?product_id=61  body={""product_id"": 61}",/products,GET,id=61,,new_visitor,desktop,14,False
1778,3,"POST /wishlist?product_id=61  body={""product_id"": 61}",GET /cart?product_id=61,/wishlist,POST,product_id=61,"{""product_id"": 61}",new_visitor,desktop,14,False
1778,4,GET /cart?product_id=61,END,/cart,GET,product_id=61,,new_visitor,desktop,14,True
1779,1,GET /products,GET /products?id=47,/products,GET,,,indecisive,tablet,9,False
1779,2,GET /products?id=47,GET /reviews?product_id=47,/products,GET,id=47,,indecisive,tablet,9,False
1779,3,GET /reviews?product_id=47,GET /products?id=44,/reviews,GET,product_id=47,,indecisive,tablet,9,False
1779,4,GET /products?id=44,GET /cart?product_id=44,/products,GET,id=44,,indecisive,tablet,9,False
1779,5,GET /cart?product_id=44,END,/cart,GET,product_id=44,,indecisive,tablet,9,True
1780,1,GET /products,GET /products?id=15,/products,GET,,,returner,desktop,19,False
1780,2,GET /products?id=15,GET /reviews?product_id=15,/products,GET,id=15,,returner,desktop,19,False
1780,3,GET /reviews?product_id=15,GET /products?id=15,/reviews,GET,product_id=15,,returner,desktop,19,False
1780,4,GET /products?id=15,GET /cart?product_id=15,/products,GET,id=15,,returner,desktop,19,False
1780,5,GET /cart?product_id=15,END,/cart,GET,product_id=15,,returner,desktop,19,True
1781,1,GET /products,GET /products?id=39,/products,GET,,,buyer,tablet,10,False
1781,2,GET /products?id=39,GET /products?id=101,/products,GET,id=39,,buyer,tablet,10,False
1781,3,GET /products?id=101,GET /products?id=47,/products,GET,id=101,,buyer,tablet,10,False
1781,4,GET /products?id=47,GET /products?id=44,/products,GET,id=47,,buyer,tablet,10,False
1781,5,GET /products?id=44,GET /cart?product_id=44,/products,GET,id=44,,buyer,tablet,10,False
1781,6,GET /cart?product_id=44,END,/cart,GET,product_id=44,,buyer,tablet,10,True
1782,1,GET /products,GET /products?id=120,/products,GET,,,buyer,mobile,3,False
1782,2,GET /products?id=120,GET /reviews?product_id=120,/products,GET,id=120,,buyer,mobile,3,False
1782,3,GET /reviews?product_id=120,GET /products?id=120,/reviews,GET,product_id=120,,buyer,mobile,3,False
1782,4,GET /products?id=120,GET /cart?product_id=120,/products,GET,id=120,,buyer,mobile,3,False
1782,5,GET /cart?product_id=120,END,/cart,GET,product_id=120,,buyer,mobile,3,True
1783,1,GET /products?id=11,GET /cart?product_id=11,/products,GET,id=11,,returner,desktop,7,False
1783,2,GET /cart?product_id=11,END,/cart,GET,product_id=11,,returner,desktop,7,True
1784,1,GET /products,GET /products?id=105,/products,GET,,,buyer,tablet,12,False
1784,2,GET /products?id=105,GET /cart?product_id=105,/products,GET,id=105,,buyer,tablet,12,False
1784,3,GET /cart?product_id=105,GET /checkout,/cart,GET,product_id=105,,buyer,tablet,12,False
1784,4,GET /checkout,"POST /payment  body={""amount"": 49.99, ""method"": ""card""}",/checkout,GET,,,buyer,tablet,12,False
1784,5,"POST /payment  body={""amount"": 49.99, ""method"": ""card""}",END,/payment,POST,,"{""amount"": 49.99, ""method"": ""card""}",buyer,tablet,12,True
1785,1,GET /products/filter,"POST /products/filter  body={""gender"":""female"",""category"":""skirt""}",/products/filter,GET,,,browser,mobile,19,False
1785,2,"POST /products/filter  body={""gender"":""female"",""category"":""skirt""}",GET /products?id=39,/products/filter,POST,,"{""gender"":""female"",""category"":""skirt""}",browser,mobile,19,False
1785,3,GET /products?id=39,GET /cart?product_id=39,/products,GET,id=39,,browser,mobile,19,False
1785,4,GET /cart?product_id=39,END,/cart,GET,product_id=39,,browser,mobile,19,True
1786,1,GET /products,GET /products?id=33,/products,GET,,,new_visitor,tablet,0,False
1786,2,GET /products?id=33,GET /reviews?product_id=33,/products,GET,id=33,,new_visitor,tablet,0,False
1786,3,GET /reviews?product_id=33,GET /products?id=55,/reviews,GET,product_id=33,,new_visitor,tablet,0,False
1786,4,GET /products?id=55,GET /cart?product_id=55,/products,GET,id=55,,new_visitor,tablet,0,False
1786,5,GET /cart?product_id=55,END,/cart,GET,product_id=55,,new_visitor,tablet,0,True
1787,1,GET /products?id=88,GET /cart?product_id=88,/products,GET,id=88,,returner,desktop,4,False
1787,2,GET /cart?product_id=88,END,/cart,GET,product_id=88,,returner,desktop,4,True
1788,1,GET /products/filter,"POST /products/filter  body={""gender"":""female"",""category"":""dress""}",/products/filter,GET,,,returner,desktop,21,False
1788,2,"POST /products/filter  body={""gender"":""female"",""category"":""dress""}",GET /products?id=88,/products/filter,POST,,"{""gender"":""female"",""category"":""dress""}",returner,desktop,21,False
1788,3,GET /products?id=88,GET /cart?product_id=88,/products,GET,id=88,,returner,desktop,21,False
1788,4,GET /cart?product_id=88,END,/cart,GET,product_id=88,,returner,desktop,21,True
1789,1,GET /products,GET /products?id=55,/products,GET,,,browser,tablet,0,False
1789,2,GET /products?id=55,GET /products?id=88,/products,GET,id=55,,browser,tablet,0,False
1789,3,GET /products?id=88,GET /products?id=44,/products,GET,id=88,,browser,tablet,0,False
1789,4,GET /products?id=44,GET /products?id=61,/products,GET,id=44,,browser,tablet,0,False
1789,5,GET /products?id=61,GET /reviews?product_id=61,/products,GET,id=61,,browser,tablet,0,False
1789,6,GET /reviews?product_id=61,END,/reviews,GET,product_id=61,,browser,tablet,0,True
1790,1,GET /home,GET /category?type=women,/home,GET,,,indecisive,desktop,18,False
1790,2,GET /category?type=women,GET /products?id=47,/category,GET,type=women,,indecisive,desktop,18,False
1790,3,GET /products?id=47,GET /cart?product_id=47,/products,GET,id=47,,indecisive,desktop,18,False
1790,4,GET /cart?product_id=47,END,/cart,GET,product_id=47,,indecisive,desktop,18,True
1791,1,GET /products?id=120,GET /cart?product_id=120,/products,GET,id=120,,buyer,tablet,23,False
1791,2,GET /cart?product_id=120,END,/cart,GET,product_id=120,,buyer,tablet,23,True
1792,1,GET /home,GET /category?type=men,/home,GET,,,buyer,tablet,15,False
1792,2,GET /category?type=men,GET /products?id=39,/category,GET,type=men,,buyer,tablet,15,False
1792,3,GET /products?id=39,GET /cart?product_id=39,/products,GET,id=39,,buyer,tablet,15,False
1792,4,GET /cart?product_id=39,END,/cart,GET,product_id=39,,buyer,tablet,15,True
1793,1,GET /search?q=heels,GET /products?id=47,/search,GET,q=heels,,new_visitor,mobile,2,False
1793,2,GET /products?id=47,GET /cart?product_id=47,/products,GET,id=47,,new_visitor,mobile,2,False
1793,3,GET /cart?product_id=47,END,/cart,GET,product_id=47,,new_visitor,mobile,2,True
1794,1,GET /products,GET /products?id=22,/products,GET,,,new_visitor,mobile,4,False
1794,2,GET /products?id=22,GET /cart?product_id=22,/products,GET,id=22,,new_visitor,mobile,4,False
1794,3,GET /cart?product_id=22,GET /home,/cart,GET,product_id=22,,new_visitor,mobile,4,False
1794,4,GET /home,END,/home,GET,,,new_visitor,mobile,4,True
1795,1,GET /products/filter,"POST /products/filter  body={""gender"":""unisex"",""category"":""watch"",""price"":""high""}",/products/filter,GET,,,browser,mobile,15,False
1795,2,"POST /products/filter  body={""gender"":""unisex"",""category"":""watch"",""price"":""high""}",GET /products?id=42,/products/filter,POST,,"{""gender"":""unisex"",""category"":""watch"",""price"":""high""}",browser,mobile,15,False
1795,3,GET /products?id=42,GET /cart?product_id=42,/products,GET,id=42,,browser,mobile,15,False
1795,4,GET /cart?product_id=42,END,/cart,GET,product_id=42,,browser,mobile,15,True
1796,1,GET /search?q=office shirt,GET /products?id=47,/search,GET,q=office shirt,,buyer,desktop,8,False
1796,2,GET /products?id=47,GET /cart?product_id=47,/products,GET,id=47,,buyer,desktop,8,False
1796,3,GET /cart?product_id=47,END,/cart,GET,product_id=47,,buyer,desktop,8,True
1797,1,GET /home,GET /category?type=women,/home,GET,,,buyer,desktop,2,False
1797,2,GET /category?type=women,GET /products?id=88,/category,GET,type=women,,buyer,desktop,2,False
1797,3,GET /products?id=88,GET /cart?product_id=88,/products,GET,id=88,,buyer,desktop,2,False
1797,4,GET /cart?product_id=88,END,/cart,GET,product_id=88,,buyer,desktop,2,True
1798,1,GET /products/filter,"POST /products/filter  body={""gender"":""unisex"",""category"":""skirt""}",/products/filter,GET,,,new_visitor,tablet,16,False
1798,2,"POST /products/filter  body={""gender"":""unisex"",""category"":""skirt""}",GET /products?id=55,/products/filter,POST,,"{""gender"":""unisex"",""category"":""skirt""}",new_visitor,tablet,16,False
1798,3,GET /products?id=55,GET /cart?product_id=55,/products,GET,id=55,,new_visitor,tablet,16,False
1798,4,GET /cart?product_id=55,END,/cart,GET,product_id=55,,new_visitor,tablet,16,True
1799,1,GET /products,GET /products?id=44,/products,GET,,,new_visitor,desktop,8,False
1799,2,GET /products?id=44,GET /reviews?product_id=44,/products,GET,id=44,,new_visitor,desktop,8,False
1799,3,GET /reviews?product_id=44,GET /products?id=44,/reviews,GET,product_id=44,,new_visitor,desktop,8,False
1799,4,GET /products?id=44,GET /cart?product_id=44,/products,GET,id=44,,new_visitor,desktop,8,False
1799,5,GET /cart?product_id=44,END,/cart,GET,product_id=44,,new_visitor,desktop,8,True
1800,1,GET /products/filter,"POST /products/filter  body={""gender"":""female"",""category"":""dress"",""price"":""mid""}",/products/filter,GET,,,indecisive,desktop,8,False
1800,2,"POST /products/filter  body={""gender"":""female"",""category"":""dress"",""price"":""mid""}",GET /products?id=33,/products/filter,POST,,"{""gender"":""female"",""category"":""dress"",""price"":""mid""}",indecisive,desktop,8,False
1800,3,GET /products?id=33,GET /cart?product_id=33,/products,GET,id=33,,indecisive,desktop,8,False
1800,4,GET /cart?product_id=33,END,/cart,GET,product_id=33,,indecisive,desktop,8,True
1801,1,GET /products,GET /products?id=44,/products,GET,,,browser,mobile,15,False
1801,2,GET /products?id=44,GET /cart?product_id=44,/products,GET,id=44,,browser,mobile,15,False
1801,3,GET /cart?product_id=44,END,/cart,GET,product_id=44,,browser,mobile,15,True
1802,1,GET /products,GET /products?id=47,/products,GET,,,browser,desktop,19,False
1802,2,GET /products?id=47,GET /cart?product_id=47,/products,GET,id=47,,browser,desktop,19,False
1802,3,GET /cart?product_id=47,GET /checkout,/cart,GET,product_id=47,,browser,desktop,19,False
1802,4,GET /checkout,"POST /payment  body={""amount"": 49.99, ""method"": ""card""}",/checkout,GET,,,browser,desktop,19,False
1802,5,"POST /payment  body={""amount"": 49.99, ""method"": ""card""}",END,/payment,POST,,"{""amount"": 49.99, ""method"": ""card""}",browser,desktop,19,True
1803,1,GET /products/filter,"POST /products/filter  body={""gender"":""female"",""category"":""skirt"",""price"":""low""}",/products/filter,GET,,,new_visitor,desktop,4,False
1803,2,"POST /products/filter  body={""gender"":""female"",""category"":""skirt"",""price"":""low""}",GET /products?id=120,/products/filter,POST,,"{""gender"":""female"",""category"":""skirt"",""price"":""low""}",new_visitor,desktop,4,False
1803,3,GET /products?id=120,GET /cart?product_id=120,/products,GET,id=120,,new_visitor,desktop,4,False
1803,4,GET /cart?product_id=120,END,/cart,GET,product_id=120,,new_visitor,desktop,4,True
1804,1,GET /products/filter,"POST /products/filter  body={""gender"":""male"",""category"":""shirt""}",/products/filter,GET,,,new_visitor,mobile,20,False
1804,2,"POST /products/filter  body={""gender"":""male"",""category"":""shirt""}",GET /products?id=11,/products/filter,POST,,"{""gender"":""male"",""category"":""shirt""}",new_visitor,mobile,20,False
1804,3,GET /products?id=11,GET /reviews?product_id=11,/products,GET,id=11,,new_visitor,mobile,20,False
1804,4,GET /reviews?product_id=11,END,/reviews,GET,product_id=11,,new_visitor,mobile,20,True
1805,1,GET /products,GET /products?id=88,/products,GET,,,browser,mobile,0,False
1805,2,GET /products?id=88,GET /cart?product_id=88,/products,GET,id=88,,browser,mobile,0,False
1805,3,GET /cart?product_id=88,GET /checkout,/cart,GET,product_id=88,,browser,mobile,0,False
1805,4,GET /checkout,"POST /payment  body={""amount"": 49.99, ""method"": ""card""}",/checkout,GET,,,browser,mobile,0,False
1805,5,"POST /payment  body={""amount"": 49.99, ""method"": ""card""}",END,/payment,POST,,"{""amount"": 49.99, ""method"": ""card""}",browser,mobile,0,True
1806,1,GET /products,GET /products?id=42,/products,GET,,,new_visitor,tablet,12,False
1806,2,GET /products?id=42,GET /reviews?product_id=42,/products,GET,id=42,,new_visitor,tablet,12,False
1806,3,GET /reviews?product_id=42,GET /products?id=42,/reviews,GET,product_id=42,,new_visitor,tablet,12,False
1806,4,GET /products?id=42,GET /cart?product_id=42,/products,GET,id=42,,new_visitor,tablet,12,False
1806,5,GET /cart?product_id=42,END,/cart,GET,product_id=42,,new_visitor,tablet,12,True
1807,1,GET /search?q=heels,GET /products?id=61,/search,GET,q=heels,,new_visitor,desktop,1,False
1807,2,GET /products?id=61,GET /cart?product_id=61,/products,GET,id=61,,new_visitor,desktop,1,False
1807,3,GET /cart?product_id=61,END,/cart,GET,product_id=61,,new_visitor,desktop,1,True
1808,1,GET /home,GET /category?type=women,/home,GET,,,returner,tablet,13,False
1808,2,GET /category?type=women,GET /products?id=55,/category,GET,type=women,,returner,tablet,13,False
1808,3,GET /products?id=55,GET /cart?product_id=55,/products,GET,id=55,,returner,tablet,13,False
1808,4,GET /cart?product_id=55,END,/cart,GET,product_id=55,,returner,tablet,13,True
1809,1,GET /products/filter,"POST /products/filter  body={""gender"":""male"",""category"":""sneakers""}",/products/filter,GET,,,browser,tablet,11,False
1809,2,"POST /products/filter  body={""gender"":""male"",""category"":""sneakers""}",GET /products?id=44,/products/filter,POST,,"{""gender"":""male"",""category"":""sneakers""}",browser,tablet,11,False
1809,3,GET /products?id=44,GET /reviews?product_id=44,/products,GET,id=44,,browser,tablet,11,False
1809,4,GET /reviews?product_id=44,END,/reviews,GET,product_id=44,,browser,tablet,11,True
1810,1,GET /products,GET /products?id=105,/products,GET,,,buyer,mobile,2,False
1810,2,GET /products?id=105,GET /products?id=44,/products,GET,id=105,,buyer,mobile,2,False
1810,3,GET /products?id=44,GET /reviews?product_id=44,/products,GET,id=44,,buyer,mobile,2,False
1810,4,GET /reviews?product_id=44,END,/reviews,GET,product_id=44,,buyer,mobile,2,True
1811,1,GET /products,GET /products?id=47,/products,GET,,,browser,tablet,7,False
1811,2,GET /products?id=47,GET /cart?product_id=47,/products,GET,id=47,,browser,tablet,7,False
1811,3,GET /cart?product_id=47,GET /home,/cart,GET,product_id=47,,browser,tablet,7,False
1811,4,GET /home,END,/home,GET,,,browser,tablet,7,True
1812,1,GET /products,GET /products?id=44,/products,GET,,,browser,mobile,14,False
1812,2,GET /products?id=44,GET /cart?product_id=44,/products,GET,id=44,,browser,mobile,14,False
1812,3,GET /cart?product_id=44,END,/cart,GET,product_id=44,,browser,mobile,14,True
1813,1,GET /products?id=61,GET /cart?product_id=61,/products,GET,id=61,,new_visitor,tablet,7,False
1813,2,GET /cart?product_id=61,END,/cart,GET,product_id=61,,new_visitor,tablet,7,True
1814,1,GET /products,GET /products?id=47,/products,GET,,,returner,tablet,3,False
1814,2,GET /products?id=47,GET /reviews?product_id=47,/products,GET,id=47,,returner,tablet,3,False
1814,3,GET /reviews?product_id=47,GET /products?id=47,/reviews,GET,product_id=47,,returner,tablet,3,False
1814,4,GET /products?id=47,GET /cart?product_id=47,/products,GET,id=47,,returner,tablet,3,False
1814,5,GET /cart?product_id=47,END,/cart,GET,product_id=47,,returner,tablet,3,True
1815,1,GET /search?q=office shirt,GET /products?id=11,/search,GET,q=office shirt,,indecisive,tablet,6,False
1815,2,GET /products?id=11,GET /reviews?product_id=11,/products,GET,id=11,,indecisive,tablet,6,False
1815,3,GET /reviews?product_id=11,END,/reviews,GET,product_id=11,,indecisive,tablet,6,True
1816,1,GET /products?id=22,GET /reviews?product_id=22,/products,GET,id=22,,returner,tablet,9,False
1816,2,GET /reviews?product_id=22,END,/reviews,GET,product_id=22,,returner,tablet,9,True
1817,1,GET /products/filter,"POST /products/filter  body={""gender"":""unisex"",""category"":""watch"",""price"":""low""}",/products/filter,GET,,,buyer,tablet,8,False
1817,2,"POST /products/filter  body={""gender"":""unisex"",""category"":""watch"",""price"":""low""}",GET /products?id=44,/products/filter,POST,,"{""gender"":""unisex"",""category"":""watch"",""price"":""low""}",buyer,tablet,8,False
1817,3,GET /products?id=44,GET /cart?product_id=44,/products,GET,id=44,,buyer,tablet,8,False
1817,4,GET /cart?product_id=44,END,/cart,GET,product_id=44,,buyer,tablet,8,True
1818,1,GET /products?id=120,GET /cart?product_id=120,/products,GET,id=120,,indecisive,desktop,22,False
1818,2,GET /cart?product_id=120,END,/cart,GET,product_id=120,,indecisive,desktop,22,True
1819,1,GET /products/filter,"POST /products/filter  body={""gender"":""unisex"",""category"":""watch"",""price"":""mid""}",/products/filter,GET,,,buyer,mobile,16,False
1819,2,"POST /products/filter  body={""gender"":""unisex"",""category"":""watch"",""price"":""mid""}",GET /products?id=55,/products/filter,POST,,"{""gender"":""unisex"",""category"":""watch"",""price"":""mid""}",buyer,mobile,16,False
1819,3,GET /products?id=55,GET /cart?product_id=55,/products,GET,id=55,,buyer,mobile,16,False
1819,4,GET /cart?product_id=55,END,/cart,GET,product_id=55,,buyer,mobile,16,True
1820,1,GET /products,GET /products?id=11,/products,GET,,,indecisive,tablet,4,False
1820,2,GET /products?id=11,GET /cart?product_id=11,/products,GET,id=11,,indecisive,tablet,4,False
1820,3,GET /cart?product_id=11,END,/cart,GET,product_id=11,,indecisive,tablet,4,True
1821,1,GET /search?q=red dress,GET /products?id=15,/search,GET,q=red dress,,returner,mobile,0,False
1821,2,GET /products?id=15,GET /reviews?product_id=15,/products,GET,id=15,,returner,mobile,0,False
1821,3,GET /reviews?product_id=15,END,/reviews,GET,product_id=15,,returner,mobile,0,True
1822,1,GET /products/filter,"POST /products/filter  body={""gender"":""female"",""category"":""skirt"",""price"":""high""}",/products/filter,GET,,,indecisive,tablet,12,False
1822,2,"POST /products/filter  body={""gender"":""female"",""category"":""skirt"",""price"":""high""}",GET /products?id=101,/products/filter,POST,,"{""gender"":""female"",""category"":""skirt"",""price"":""high""}",indecisive,tablet,12,False
1822,3,GET /products?id=101,GET /cart?product_id=101,/products,GET,id=101,,indecisive,tablet,12,False
1822,4,GET /cart?product_id=101,END,/cart,GET,product_id=101,,indecisive,tablet,12,True
1823,1,GET /search?q=red dress,GET /products?id=11,/search,GET,q=red dress,,returner,mobile,12,False
1823,2,GET /products?id=11,GET /cart?product_id=11,/products,GET,id=11,,returner,mobile,12,False
1823,3,GET /cart?product_id=11,END,/cart,GET,product_id=11,,returner,mobile,12,True
1824,1,GET /products,GET /products?id=44,/products,GET,,,buyer,desktop,5,False
1824,2,GET /products?id=44,GET /reviews?product_id=44,/products,GET,id=44,,buyer,desktop,5,False
1824,3,GET /reviews?product_id=44,GET /products?id=44,/reviews,GET,product_id=44,,buyer,desktop,5,False
1824,4,GET /products?id=44,GET /cart?product_id=44,/products,GET,id=44,,buyer,desktop,5,False
1824,5,GET /cart?product_id=44,END,/cart,GET,product_id=44,,buyer,desktop,5,True
1825,1,GET /products,GET /products?id=42,/products,GET,,,indecisive,mobile,17,False
1825,2,GET /products?id=42,GET /cart?product_id=42,/products,GET,id=42,,indecisive,mobile,17,False
1825,3,GET /cart?product_id=42,GET /checkout,/cart,GET,product_id=42,,indecisive,mobile,17,False
1825,4,GET /checkout,"POST /payment  body={""amount"": 49.99, ""method"": ""card""}",/checkout,GET,,,indecisive,mobile,17,False
1825,5,"POST /payment  body={""amount"": 49.99, ""method"": ""card""}",END,/payment,POST,,"{""amount"": 49.99, ""method"": ""card""}",indecisive,mobile,17,True
1826,1,GET /products,GET /products?id=88,/products,GET,,,new_visitor,desktop,8,False
1826,2,GET /products?id=88,GET /cart?product_id=88,/products,GET,id=88,,new_visitor,desktop,8,False
1826,3,GET /cart?product_id=88,GET /home,/cart,GET,product_id=88,,new_visitor,desktop,8,False
1826,4,GET /home,END,/home,GET,,,new_visitor,desktop,8,True
1827,1,GET /products/filter,"POST /products/filter  body={""gender"":""male"",""category"":""sneakers"",""price"":""high""}",/products/filter,GET,,,browser,desktop,23,False
1827,2,"POST /products/filter  body={""gender"":""male"",""category"":""sneakers"",""price"":""high""}",GET /products,/products/filter,POST,,"{""gender"":""male"",""category"":""sneakers"",""price"":""high""}",browser,desktop,23,False
1827,3,GET /products,"POST /products/filter  body={""gender"":""male"",""category"":""sneakers""}",/products,GET,,,browser,desktop,23,False
1827,4,"POST /products/filter  body={""gender"":""male"",""category"":""sneakers""}",GET /products?id=44,/products/filter,POST,,"{""gender"":""male"",""category"":""sneakers""}",browser,desktop,23,False
1827,5,GET /products?id=44,GET /cart?product_id=44,/products,GET,id=44,,browser,desktop,23,False
1827,6,GET /cart?product_id=44,END,/cart,GET,product_id=44,,browser,desktop,23,True
1828,1,GET /products?id=22,GET /reviews?product_id=22,/products,GET,id=22,,browser,tablet,12,False
1828,2,GET /reviews?product_id=22,END,/reviews,GET,product_id=22,,browser,tablet,12,True
1829,1,GET /home,GET /category?type=accessories,/home,GET,,,new_visitor,desktop,13,False
1829,2,GET /category?type=accessories,GET /products?id=110,/category,GET,type=accessories,,new_visitor,desktop,13,False
1829,3,GET /products?id=110,GET /cart?product_id=110,/products,GET,id=110,,new_visitor,desktop,13,False
1829,4,GET /cart?product_id=110,END,/cart,GET,product_id=110,,new_visitor,desktop,13,True
1830,1,GET /products,GET /products?id=11,/products,GET,,,buyer,desktop,14,False
1830,2,GET /products?id=11,GET /cart?product_id=11,/products,GET,id=11,,buyer,desktop,14,False
1830,3,GET /cart?product_id=11,GET /checkout,/cart,GET,product_id=11,,buyer,desktop,14,False
1830,4,GET /checkout,"POST /payment  body={""amount"": 49.99, ""method"": ""card""}",/checkout,GET,,,buyer,desktop,14,False
1830,5,"POST /payment  body={""amount"": 49.99, ""method"": ""card""}",END,/payment,POST,,"{""amount"": 49.99, ""method"": ""card""}",buyer,desktop,14,True
1831,1,GET /products,GET /products?id=15,/products,GET,,,buyer,mobile,8,False
1831,2,GET /products?id=15,GET /cart?product_id=15,/products,GET,id=15,,buyer,mobile,8,False
1831,3,GET /cart?product_id=15,GET /home,/cart,GET,product_id=15,,buyer,mobile,8,False
1831,4,GET /home,END,/home,GET,,,buyer,mobile,8,True
1832,1,GET /products/filter,"POST /products/filter  body={""gender"":""unisex"",""category"":""sneakers"",""price"":""low""}",/products/filter,GET,,,browser,mobile,17,False
1832,2,"POST /products/filter  body={""gender"":""unisex"",""category"":""sneakers"",""price"":""low""}",GET /products?id=15,/products/filter,POST,,"{""gender"":""unisex"",""category"":""sneakers"",""price"":""low""}",browser,mobile,17,False
1832,3,GET /products?id=15,GET /cart?product_id=15,/products,GET,id=15,,browser,mobile,17,False
1832,4,GET /cart?product_id=15,END,/cart,GET,product_id=15,,browser,mobile,17,True
1833,1,GET /products/filter,"POST /products/filter  body={""gender"":""unisex"",""category"":""watch"",""price"":""low""}",/products/filter,GET,,,indecisive,desktop,21,False
1833,2,"POST /products/filter  body={""gender"":""unisex"",""category"":""watch"",""price"":""low""}",GET /products?id=55,/products/filter,POST,,"{""gender"":""unisex"",""category"":""watch"",""price"":""low""}",indecisive,desktop,21,False
1833,3,GET /products?id=55,GET /cart?product_id=55,/products,GET,id=55,,indecisive,desktop,21,False
1833,4,GET /cart?product_id=55,END,/cart,GET,product_id=55,,indecisive,desktop,21,True
1834,1,GET /products/filter,"POST /products/filter  body={""gender"":""male"",""category"":""dress""}",/products/filter,GET,,,indecisive,tablet,21,False
1834,2,"POST /products/filter  body={""gender"":""male"",""category"":""dress""}",GET /products?id=110,/products/filter,POST,,"{""gender"":""male"",""category"":""dress""}",indecisive,tablet,21,False
1834,3,GET /products?id=110,GET /cart?product_id=110,/products,GET,id=110,,indecisive,tablet,21,False
1834,4,GET /cart?product_id=110,END,/cart,GET,product_id=110,,indecisive,tablet,21,True
1835,1,GET /search?q=office shirt,GET /products?id=120,/search,GET,q=office shirt,,browser,desktop,0,False
1835,2,GET /products?id=120,GET /reviews?product_id=120,/products,GET,id=120,,browser,desktop,0,False
1835,3,GET /reviews?product_id=120,END,/reviews,GET,product_id=120,,browser,desktop,0,True
1836,1,GET /products,GET /products?id=47,/products,GET,,,new_visitor,mobile,13,False
1836,2,GET /products?id=47,GET /cart?product_id=47,/products,GET,id=47,,new_visitor,mobile,13,False
1836,3,GET /cart?product_id=47,END,/cart,GET,product_id=47,,new_visitor,mobile,13,True
1837,1,GET /products?id=110,GET /cart?product_id=110,/products,GET,id=110,,new_visitor,tablet,10,False
1837,2,GET /cart?product_id=110,END,/cart,GET,product_id=110,,new_visitor,tablet,10,True
1838,1,GET /products,GET /products?id=73,/products,GET,,,indecisive,desktop,15,False
1838,2,GET /products?id=73,GET /cart?product_id=73,/products,GET,id=73,,indecisive,desktop,15,False
1838,3,GET /cart?product_id=73,END,/cart,GET,product_id=73,,indecisive,desktop,15,True
1839,1,GET /products/filter,"POST /products/filter  body={""gender"":""unisex"",""category"":""skirt"",""price"":""mid""}",/products/filter,GET,,,new_visitor,tablet,1,False
1839,2,"POST /products/filter  body={""gender"":""unisex"",""category"":""skirt"",""price"":""mid""}",GET /products?id=110,/products/filter,POST,,"{""gender"":""unisex"",""category"":""skirt"",""price"":""mid""}",new_visitor,tablet,1,False
1839,3,GET /products?id=110,GET /cart?product_id=110,/products,GET,id=110,,new_visitor,tablet,1,False
1839,4,GET /cart?product_id=110,END,/cart,GET,product_id=110,,new_visitor,tablet,1,True
1840,1,GET /home,GET /category?type=women,/home,GET,,,new_visitor,desktop,1,False
1840,2,GET /category?type=women,GET /products?id=42,/category,GET,type=women,,new_visitor,desktop,1,False
1840,3,GET /products?id=42,GET /cart?product_id=42,/products,GET,id=42,,new_visitor,desktop,1,False
1840,4,GET /cart?product_id=42,END,/cart,GET,product_id=42,,new_visitor,desktop,1,True
1841,1,GET /products,GET /products?id=39,/products,GET,,,indecisive,desktop,0,False
1841,2,GET /products?id=39,GET /reviews?product_id=39,/products,GET,id=39,,indecisive,desktop,0,False
1841,3,GET /reviews?product_id=39,GET /products?id=39,/reviews,GET,product_id=39,,indecisive,desktop,0,False
1841,4,GET /products?id=39,GET /cart?product_id=39,/products,GET,id=39,,indecisive,desktop,0,False
1841,5,GET /cart?product_id=39,END,/cart,GET,product_id=39,,indecisive,desktop,0,True
1842,1,GET /products,GET /products?id=55,/products,GET,,,new_visitor,tablet,1,False
1842,2,GET /products?id=55,GET /products?id=47,/products,GET,id=55,,new_visitor,tablet,1,False
1842,3,GET /products?id=47,GET /products?id=110,/products,GET,id=47,,new_visitor,tablet,1,False
1842,4,GET /products?id=110,GET /cart?product_id=110,/products,GET,id=110,,new_visitor,tablet,1,False
1842,5,GET /cart?product_id=110,END,/cart,GET,product_id=110,,new_visitor,tablet,1,True
1843,1,GET /products/filter,"POST /products/filter  body={""gender"":""male"",""category"":""sneakers"",""price"":""low""}",/products/filter,GET,,,browser,mobile,6,False
1843,2,"POST /products/filter  body={""gender"":""male"",""category"":""sneakers"",""price"":""low""}",GET /products?id=105,/products/filter,POST,,"{""gender"":""male"",""category"":""sneakers"",""price"":""low""}",browser,mobile,6,False
1843,3,GET /products?id=105,GET /cart?product_id=105,/products,GET,id=105,,browser,mobile,6,False
1843,4,GET /cart?product_id=105,END,/cart,GET,product_id=105,,browser,mobile,6,True
1844,1,GET /products/filter,"POST /products/filter  body={""gender"":""male"",""category"":""shirt""}",/products/filter,GET,,,indecisive,mobile,0,False
1844,2,"POST /products/filter  body={""gender"":""male"",""category"":""shirt""}",GET /products?id=39,/products/filter,POST,,"{""gender"":""male"",""category"":""shirt""}",indecisive,mobile,0,False
1844,3,GET /products?id=39,GET /cart?product_id=39,/products,GET,id=39,,indecisive,mobile,0,False
1844,4,GET /cart?product_id=39,END,/cart,GET,product_id=39,,indecisive,mobile,0,True
1845,1,GET /products,GET /products?id=39,/products,GET,,,returner,desktop,19,False
1845,2,GET /products?id=39,GET /cart?product_id=39,/products,GET,id=39,,returner,desktop,19,False
1845,3,GET /cart?product_id=39,END,/cart,GET,product_id=39,,returner,desktop,19,True
1846,1,GET /products,GET /products?id=88,/products,GET,,,buyer,tablet,0,False
1846,2,GET /products?id=88,GET /reviews?product_id=88,/products,GET,id=88,,buyer,tablet,0,False
1846,3,GET /reviews?product_id=88,END,/reviews,GET,product_id=88,,buyer,tablet,0,True
1847,1,GET /home,GET /category?type=accessories,/home,GET,,,new_visitor,tablet,23,False
1847,2,GET /category?type=accessories,GET /products?id=110,/category,GET,type=accessories,,new_visitor,tablet,23,False
1847,3,GET /products?id=110,GET /cart?product_id=110,/products,GET,id=110,,new_visitor,tablet,23,False
1847,4,GET /cart?product_id=110,END,/cart,GET,product_id=110,,new_visitor,tablet,23,True
1848,1,GET /products,GET /products?id=61,/products,GET,,,buyer,desktop,18,False
1848,2,GET /products?id=61,GET /cart?product_id=61,/products,GET,id=61,,buyer,desktop,18,False
1848,3,GET /cart?product_id=61,END,/cart,GET,product_id=61,,buyer,desktop,18,True
1849,1,GET /home,GET /category?type=accessories,/home,GET,,,browser,mobile,7,False
1849,2,GET /category?type=accessories,GET /products?id=120,/category,GET,type=accessories,,browser,mobile,7,False
1849,3,GET /products?id=120,GET /cart?product_id=120,/products,GET,id=120,,browser,mobile,7,False
1849,4,GET /cart?product_id=120,END,/cart,GET,product_id=120,,browser,mobile,7,True
1850,1,GET /products/filter,"POST /products/filter  body={""gender"":""female"",""category"":""watch"",""price"":""high""}",/products/filter,GET,,,new_visitor,tablet,3,False
1850,2,"POST /products/filter  body={""gender"":""female"",""category"":""watch"",""price"":""high""}",GET /products,/products/filter,POST,,"{""gender"":""female"",""category"":""watch"",""price"":""high""}",new_visitor,tablet,3,False
1850,3,GET /products,"POST /products/filter  body={""gender"":""female"",""category"":""watch""}",/products,GET,,,new_visitor,tablet,3,False
1850,4,"POST /products/filter  body={""gender"":""female"",""category"":""watch""}",GET /products?id=120,/products/filter,POST,,"{""gender"":""female"",""category"":""watch""}",new_visitor,tablet,3,False
1850,5,GET /products?id=120,GET /cart?product_id=120,/products,GET,id=120,,new_visitor,tablet,3,False
1850,6,GET /cart?product_id=120,END,/cart,GET,product_id=120,,new_visitor,tablet,3,True
1851,1,GET /products/filter,"POST /products/filter  body={""gender"":""female"",""category"":""watch"",""price"":""high""}",/products/filter,GET,,,new_visitor,tablet,14,False
1851,2,"POST /products/filter  body={""gender"":""female"",""category"":""watch"",""price"":""high""}",GET /products?id=11,/products/filter,POST,,"{""gender"":""female"",""category"":""watch"",""price"":""high""}",new_visitor,tablet,14,False
1851,3,GET /products?id=11,GET /cart?product_id=11,/products,GET,id=11,,new_visitor,tablet,14,False
1851,4,GET /cart?product_id=11,END,/cart,GET,product_id=11,,new_visitor,tablet,14,True
1852,1,GET /products/filter,"POST /products/filter  body={""gender"":""male"",""category"":""skirt"",""price"":""mid""}",/products/filter,GET,,,indecisive,mobile,11,False
1852,2,"POST /products/filter  body={""gender"":""male"",""category"":""skirt"",""price"":""mid""}",GET /products?id=110,/products/filter,POST,,"{""gender"":""male"",""category"":""skirt"",""price"":""mid""}",indecisive,mobile,11,False
1852,3,GET /products?id=110,GET /cart?product_id=110,/products,GET,id=110,,indecisive,mobile,11,False
1852,4,GET /cart?product_id=110,END,/cart,GET,product_id=110,,indecisive,mobile,11,True
1853,1,GET /products/filter,"POST /products/filter  body={""gender"":""female"",""category"":""shirt""}",/products/filter,GET,,,returner,desktop,2,False
1853,2,"POST /products/filter  body={""gender"":""female"",""category"":""shirt""}",GET /products?id=120,/products/filter,POST,,"{""gender"":""female"",""category"":""shirt""}",returner,desktop,2,False
1853,3,GET /products?id=120,GET /reviews?product_id=120,/products,GET,id=120,,returner,desktop,2,False
1853,4,GET /reviews?product_id=120,END,/reviews,GET,product_id=120,,returner,desktop,2,True
1854,1,GET /products,GET /products?id=11,/products,GET,,,new_visitor,mobile,14,False
1854,2,GET /products?id=11,GET /cart?product_id=11,/products,GET,id=11,,new_visitor,mobile,14,False
1854,3,GET /cart?product_id=11,GET /home,/cart,GET,product_id=11,,new_visitor,mobile,14,False
1854,4,GET /home,END,/home,GET,,,new_visitor,mobile,14,True
1855,1,GET /products/filter,"POST /products/filter  body={""gender"":""male"",""category"":""watch"",""price"":""mid""}",/products/filter,GET,,,new_visitor,mobile,17,False
1855,2,"POST /products/filter  body={""gender"":""male"",""category"":""watch"",""price"":""mid""}",GET /products?id=15,/products/filter,POST,,"{""gender"":""male"",""category"":""watch"",""price"":""mid""}",new_visitor,mobile,17,False
1855,3,GET /products?id=15,GET /cart?product_id=15,/products,GET,id=15,,new_visitor,mobile,17,False
1855,4,GET /cart?product_id=15,END,/cart,GET,product_id=15,,new_visitor,mobile,17,True
1856,1,GET /products,GET /products?id=105,/products,GET,,,indecisive,desktop,10,False
1856,2,GET /products?id=105,GET /cart?product_id=105,/products,GET,id=105,,indecisive,desktop,10,False
1856,3,GET /cart?product_id=105,END,/cart,GET,product_id=105,,indecisive,desktop,10,True
1857,1,GET /products,GET /products?id=73,/products,GET,,,buyer,tablet,15,False
1857,2,GET /products?id=73,GET /products?id=110,/products,GET,id=73,,buyer,tablet,15,False
1857,3,GET /products?id=110,GET /cart?product_id=110,/products,GET,id=110,,buyer,tablet,15,False
1857,4,GET /cart?product_id=110,END,/cart,GET,product_id=110,,buyer,tablet,15,True
1858,1,GET /products,GET /products?id=120,/products,GET,,,browser,desktop,8,False
1858,2,GET /products?id=120,GET /cart?product_id=120,/products,GET,id=120,,browser,desktop,8,False
1858,3,GET /cart?product_id=120,GET /checkout,/cart,GET,product_id=120,,browser,desktop,8,False
1858,4,GET /checkout,"POST /payment  body={""amount"": 49.99, ""method"": ""card""}",/checkout,GET,,,browser,desktop,8,False
1858,5,"POST /payment  body={""amount"": 49.99, ""method"": ""card""}",END,/payment,POST,,"{""amount"": 49.99, ""method"": ""card""}",browser,desktop,8,True
1859,1,GET /products/filter,"POST /products/filter  body={""gender"":""female"",""category"":""watch"",""price"":""high""}",/products/filter,GET,,,browser,mobile,1,False
1859,2,"POST /products/filter  body={""gender"":""female"",""category"":""watch"",""price"":""high""}",GET /products,/products/filter,POST,,"{""gender"":""female"",""category"":""watch"",""price"":""high""}",browser,mobile,1,False
1859,3,GET /products,"POST /products/filter  body={""gender"":""female"",""category"":""watch""}",/products,GET,,,browser,mobile,1,False
1859,4,"POST /products/filter  body={""gender"":""female"",""category"":""watch""}",GET /products?id=73,/products/filter,POST,,"{""gender"":""female"",""category"":""watch""}",browser,mobile,1,False
1859,5,GET /products?id=73,GET /cart?product_id=73,/products,GET,id=73,,browser,mobile,1,False
1859,6,GET /cart?product_id=73,END,/cart,GET,product_id=73,,browser,mobile,1,True
1860,1,GET /products,GET /products?id=105,/products,GET,,,browser,mobile,16,False
1860,2,GET /products?id=105,GET /reviews?product_id=105,/products,GET,id=105,,browser,mobile,16,False
1860,3,GET /reviews?product_id=105,GET /products?id=39,/reviews,GET,product_id=105,,browser,mobile,16,False
1860,4,GET /products?id=39,GET /products?id=61,/products,GET,id=39,,browser,mobile,16,False
1860,5,GET /products?id=61,GET /products?id=101,/products,GET,id=61,,browser,mobile,16,False
1860,6,GET /products?id=101,GET /products?id=11,/products,GET,id=101,,browser,mobile,16,False
1860,7,GET /products?id=11,GET /products?id=22,/products,GET,id=11,,browser,mobile,16,False
1860,8,GET /products?id=22,GET /cart?product_id=22,/products,GET,id=22,,browser,mobile,16,False
1860,9,GET /cart?product_id=22,END,/cart,GET,product_id=22,,browser,mobile,16,True
1861,1,GET /products,GET /products?id=110,/products,GET,,,browser,mobile,23,False
1861,2,GET /products?id=110,GET /reviews?product_id=110,/products,GET,id=110,,browser,mobile,23,False
1861,3,GET /reviews?product_id=110,GET /products?id=105,/reviews,GET,product_id=110,,browser,mobile,23,False
1861,4,GET /products?id=105,GET /cart?product_id=105,/products,GET,id=105,,browser,mobile,23,False
1861,5,GET /cart?product_id=105,END,/cart,GET,product_id=105,,browser,mobile,23,True
1862,1,GET /products/filter,"POST /products/filter  body={""gender"":""male"",""category"":""dress"",""price"":""mid""}",/products/filter,GET,,,returner,tablet,13,False
1862,2,"POST /products/filter  body={""gender"":""male"",""category"":""dress"",""price"":""mid""}",GET /products?id=47,/products/filter,POST,,"{""gender"":""male"",""category"":""dress"",""price"":""mid""}",returner,tablet,13,False
1862,3,GET /products?id=47,GET /cart?product_id=47,/products,GET,id=47,,returner,tablet,13,False
1862,4,GET /cart?product_id=47,END,/cart,GET,product_id=47,,returner,tablet,13,True
1863,1,GET /products,GET /products?id=110,/products,GET,,,buyer,mobile,18,False
1863,2,GET /products?id=110,GET /products?id=101,/products,GET,id=110,,buyer,mobile,18,False
1863,3,GET /products?id=101,GET /products?id=33,/products,GET,id=101,,buyer,mobile,18,False
1863,4,GET /products?id=33,GET /products?id=110,/products,GET,id=33,,buyer,mobile,18,False
1863,5,GET /products?id=110,GET /cart?product_id=110,/products,GET,id=110,,buyer,mobile,18,False
1863,6,GET /cart?product_id=110,END,/cart,GET,product_id=110,,buyer,mobile,18,True
1864,1,GET /products/filter,"POST /products/filter  body={""gender"":""male"",""category"":""shirt"",""price"":""low""}",/products/filter,GET,,,new_visitor,desktop,3,False
1864,2,"POST /products/filter  body={""gender"":""male"",""category"":""shirt"",""price"":""low""}",GET /products?id=105,/products/filter,POST,,"{""gender"":""male"",""category"":""shirt"",""price"":""low""}",new_visitor,desktop,3,False
1864,3,GET /products?id=105,GET /cart?product_id=105,/products,GET,id=105,,new_visitor,desktop,3,False
1864,4,GET /cart?product_id=105,END,/cart,GET,product_id=105,,new_visitor,desktop,3,True
1865,1,GET /products/filter,"POST /products/filter  body={""gender"":""female"",""category"":""dress"",""price"":""low""}",/products/filter,GET,,,indecisive,desktop,12,False
1865,2,"POST /products/filter  body={""gender"":""female"",""category"":""dress"",""price"":""low""}",GET /products?id=88,/products/filter,POST,,"{""gender"":""female"",""category"":""dress"",""price"":""low""}",indecisive,desktop,12,False
1865,3,GET /products?id=88,GET /cart?product_id=88,/products,GET,id=88,,indecisive,desktop,12,False
1865,4,GET /cart?product_id=88,END,/cart,GET,product_id=88,,indecisive,desktop,12,True
1866,1,GET /products,GET /products?id=33,/products,GET,,,returner,tablet,8,False
1866,2,GET /products?id=33,GET /products?id=55,/products,GET,id=33,,returner,tablet,8,False
1866,3,GET /products?id=55,GET /products?id=39,/products,GET,id=55,,returner,tablet,8,False
1866,4,GET /products?id=39,GET /products?id=22,/products,GET,id=39,,returner,tablet,8,False
1866,5,GET /products?id=22,GET /cart?product_id=22,/products,GET,id=22,,returner,tablet,8,False
1866,6,GET /cart?product_id=22,END,/cart,GET,product_id=22,,returner,tablet,8,True
1867,1,GET /search?q=running shoes,GET /products?id=22,/search,GET,q=running shoes,,indecisive,desktop,15,False
1867,2,GET /products?id=22,GET /cart?product_id=22,/products,GET,id=22,,indecisive,desktop,15,False
1867,3,GET /cart?product_id=22,END,/cart,GET,product_id=22,,indecisive,desktop,15,True
1868,1,GET /products,GET /products?id=15,/products,GET,,,indecisive,tablet,3,False
1868,2,GET /products?id=15,GET /reviews?product_id=15,/products,GET,id=15,,indecisive,tablet,3,False
1868,3,GET /reviews?product_id=15,GET /products?id=61,/reviews,GET,product_id=15,,indecisive,tablet,3,False
1868,4,GET /products?id=61,GET /cart?product_id=61,/products,GET,id=61,,indecisive,tablet,3,False
1868,5,GET /cart?product_id=61,END,/cart,GET,product_id=61,,indecisive,tablet,3,True
1869,1,GET /products/filter,"POST /products/filter  body={""gender"":""female"",""category"":""skirt"",""price"":""high""}",/products/filter,GET,,,browser,mobile,17,False
1869,2,"POST /products/filter  body={""gender"":""female"",""category"":""skirt"",""price"":""high""}",GET /products,/products/filter,POST,,"{""gender"":""female"",""category"":""skirt"",""price"":""high""}",browser,mobile,17,False
1869,3,GET /products,"POST /products/filter  body={""gender"":""female"",""category"":""skirt""}",/products,GET,,,browser,mobile,17,False
1869,4,"POST /products/filter  body={""gender"":""female"",""category"":""skirt""}",GET /products?id=44,/products/filter,POST,,"{""gender"":""female"",""category"":""skirt""}",browser,mobile,17,False
1869,5,GET /products?id=44,GET /cart?product_id=44,/products,GET,id=44,,browser,mobile,17,False
1869,6,GET /cart?product_id=44,END,/cart,GET,product_id=44,,browser,mobile,17,True
1870,1,GET /products,GET /products?id=42,/products,GET,,,new_visitor,tablet,6,False
1870,2,GET /products?id=42,GET /cart?product_id=42,/products,GET,id=42,,new_visitor,tablet,6,False
1870,3,GET /cart?product_id=42,END,/cart,GET,product_id=42,,new_visitor,tablet,6,True
1871,1,GET /products,GET /products?id=61,/products,GET,,,indecisive,tablet,13,False
1871,2,GET /products?id=61,GET /cart?product_id=61,/products,GET,id=61,,indecisive,tablet,13,False
1871,3,GET /cart?product_id=61,GET /checkout,/cart,GET,product_id=61,,indecisive,tablet,13,False
1871,4,GET /checkout,"POST /payment  body={""amount"": 49.99, ""method"": ""card""}",/checkout,GET,,,indecisive,tablet,13,False
1871,5,"POST /payment  body={""amount"": 49.99, ""method"": ""card""}",END,/payment,POST,,"{""amount"": 49.99, ""method"": ""card""}",indecisive,tablet,13,True
1872,1,GET /products,GET /products?id=55,/products,GET,,,returner,desktop,3,False
1872,2,GET /products?id=55,"POST /wishlist?product_id=55  body={""product_id"": 55}",/products,GET,id=55,,returner,desktop,3,False
1872,3,"POST /wishlist?product_id=55  body={""product_id"": 55}",GET /cart?product_id=55,/wishlist,POST,product_id=55,"{""product_id"": 55}",returner,desktop,3,False
1872,4,GET /cart?product_id=55,END,/cart,GET,product_id=55,,returner,desktop,3,True
1873,1,GET /products/filter,"POST /products/filter  body={""gender"":""female"",""category"":""shirt"",""price"":""low""}",/products/filter,GET,,,returner,desktop,15,False
1873,2,"POST /products/filter  body={""gender"":""female"",""category"":""shirt"",""price"":""low""}",GET /products?id=39,/products/filter,POST,,"{""gender"":""female"",""category"":""shirt"",""price"":""low""}",returner,desktop,15,False
1873,3,GET /products?id=39,GET /cart?product_id=39,/products,GET,id=39,,returner,desktop,15,False
1873,4,GET /cart?product_id=39,END,/cart,GET,product_id=39,,returner,desktop,15,True
1874,1,GET /products,GET /products?id=33,/products,GET,,,browser,tablet,7,False
1874,2,GET /products?id=33,GET /cart?product_id=33,/products,GET,id=33,,browser,tablet,7,False
1874,3,GET /cart?product_id=33,GET /checkout,/cart,GET,product_id=33,,browser,tablet,7,False
1874,4,GET /checkout,"POST /payment  body={""amount"": 49.99, ""method"": ""card""}",/checkout,GET,,,browser,tablet,7,False
1874,5,"POST /payment  body={""amount"": 49.99, ""method"": ""card""}",END,/payment,POST,,"{""amount"": 49.99, ""method"": ""card""}",browser,tablet,7,True
1875,1,GET /products/filter,"POST /products/filter  body={""gender"":""unisex"",""category"":""watch"",""price"":""low""}",/products/filter,GET,,,buyer,tablet,10,False
1875,2,"POST /products/filter  body={""gender"":""unisex"",""category"":""watch"",""price"":""low""}",GET /products?id=33,/products/filter,POST,,"{""gender"":""unisex"",""category"":""watch"",""price"":""low""}",buyer,tablet,10,False
1875,3,GET /products?id=33,GET /cart?product_id=33,/products,GET,id=33,,buyer,tablet,10,False
1875,4,GET /cart?product_id=33,END,/cart,GET,product_id=33,,buyer,tablet,10,True
1876,1,GET /products?id=33,GET /cart?product_id=33,/products,GET,id=33,,browser,desktop,3,False
1876,2,GET /cart?product_id=33,END,/cart,GET,product_id=33,,browser,desktop,3,True
1877,1,GET /products,GET /products?id=42,/products,GET,,,new_visitor,tablet,20,False
1877,2,GET /products?id=42,GET /cart?product_id=42,/products,GET,id=42,,new_visitor,tablet,20,False
1877,3,GET /cart?product_id=42,END,/cart,GET,product_id=42,,new_visitor,tablet,20,True
1878,1,GET /products,GET /products?id=15,/products,GET,,,new_visitor,desktop,7,False
1878,2,GET /products?id=15,GET /reviews?product_id=15,/products,GET,id=15,,new_visitor,desktop,7,False
1878,3,GET /reviews?product_id=15,GET /products?id=15,/reviews,GET,product_id=15,,new_visitor,desktop,7,False
1878,4,GET /products?id=15,GET /cart?product_id=15,/products,GET,id=15,,new_visitor,desktop,7,False
1878,5,GET /cart?product_id=15,END,/cart,GET,product_id=15,,new_visitor,desktop,7,True
1879,1,GET /products,GET /products?id=120,/products,GET,,,returner,mobile,15,False
1879,2,GET /products?id=120,GET /cart?product_id=120,/products,GET,id=120,,returner,mobile,15,False
1879,3,GET /cart?product_id=120,GET /home,/cart,GET,product_id=120,,returner,mobile,15,False
1879,4,GET /home,END,/home,GET,,,returner,mobile,15,True
1880,1,GET /products,GET /products?id=88,/products,GET,,,indecisive,mobile,6,False
1880,2,GET /products?id=88,GET /products?id=42,/products,GET,id=88,,indecisive,mobile,6,False
1880,3,GET /products?id=42,GET /cart?product_id=42,/products,GET,id=42,,indecisive,mobile,6,False
1880,4,GET /cart?product_id=42,END,/cart,GET,product_id=42,,indecisive,mobile,6,True
1881,1,GET /products/filter,"POST /products/filter  body={""gender"":""female"",""category"":""skirt""}",/products/filter,GET,,,returner,tablet,19,False
1881,2,"POST /products/filter  body={""gender"":""female"",""category"":""skirt""}",GET /products?id=15,/products/filter,POST,,"{""gender"":""female"",""category"":""skirt""}",returner,tablet,19,False
1881,3,GET /products?id=15,GET /cart?product_id=15,/products,GET,id=15,,returner,tablet,19,False
1881,4,GET /cart?product_id=15,END,/cart,GET,product_id=15,,returner,tablet,19,True
1882,1,GET /products,GET /products?id=39,/products,GET,,,new_visitor,desktop,20,False
1882,2,GET /products?id=39,GET /products?id=120,/products,GET,id=39,,new_visitor,desktop,20,False
1882,3,GET /products?id=120,GET /products?id=73,/products,GET,id=120,,new_visitor,desktop,20,False
1882,4,GET /products?id=73,GET /products?id=22,/products,GET,id=73,,new_visitor,desktop,20,False
1882,5,GET /products?id=22,GET /reviews?product_id=22,/products,GET,id=22,,new_visitor,desktop,20,False
1882,6,GET /reviews?product_id=22,END,/reviews,GET,product_id=22,,new_visitor,desktop,20,True
1883,1,GET /search?q=heels,GET /products?id=39,/search,GET,q=heels,,indecisive,tablet,15,False
1883,2,GET /products?id=39,GET /reviews?product_id=39,/products,GET,id=39,,indecisive,tablet,15,False
1883,3,GET /reviews?product_id=39,END,/reviews,GET,product_id=39,,indecisive,tablet,15,True
1884,1,GET /products,GET /products?id=55,/products,GET,,,new_visitor,desktop,9,False
1884,2,GET /products?id=55,GET /reviews?product_id=55,/products,GET,id=55,,new_visitor,desktop,9,False
1884,3,GET /reviews?product_id=55,END,/reviews,GET,product_id=55,,new_visitor,desktop,9,True
1885,1,GET /products/filter,"POST /products/filter  body={""gender"":""unisex"",""category"":""sneakers"",""price"":""low""}",/products/filter,GET,,,indecisive,desktop,14,False
1885,2,"POST /products/filter  body={""gender"":""unisex"",""category"":""sneakers"",""price"":""low""}",GET /products?id=73,/products/filter,POST,,"{""gender"":""unisex"",""category"":""sneakers"",""price"":""low""}",indecisive,desktop,14,False
1885,3,GET /products?id=73,GET /cart?product_id=73,/products,GET,id=73,,indecisive,desktop,14,False
1885,4,GET /cart?product_id=73,END,/cart,GET,product_id=73,,indecisive,desktop,14,True
1886,1,GET /products,GET /products?id=101,/products,GET,,,returner,desktop,21,False
1886,2,GET /products?id=101,GET /reviews?product_id=101,/products,GET,id=101,,returner,desktop,21,False
1886,3,GET /reviews?product_id=101,END,/reviews,GET,product_id=101,,returner,desktop,21,True
1887,1,GET /search?q=leather bag,GET /products?id=42,/search,GET,q=leather bag,,returner,desktop,19,False
1887,2,GET /products?id=42,GET /cart?product_id=42,/products,GET,id=42,,returner,desktop,19,False
1887,3,GET /cart?product_id=42,END,/cart,GET,product_id=42,,returner,desktop,19,True
1888,1,GET /products/filter,"POST /products/filter  body={""gender"":""male"",""category"":""skirt""}",/products/filter,GET,,,indecisive,desktop,16,False
1888,2,"POST /products/filter  body={""gender"":""male"",""category"":""skirt""}",GET /products?id=33,/products/filter,POST,,"{""gender"":""male"",""category"":""skirt""}",indecisive,desktop,16,False
1888,3,GET /products?id=33,GET /cart?product_id=33,/products,GET,id=33,,indecisive,desktop,16,False
1888,4,GET /cart?product_id=33,END,/cart,GET,product_id=33,,indecisive,desktop,16,True
1889,1,GET /search?q=wallet,GET /products?id=105,/search,GET,q=wallet,,indecisive,tablet,10,False
1889,2,GET /products?id=105,GET /cart?product_id=105,/products,GET,id=105,,indecisive,tablet,10,False
1889,3,GET /cart?product_id=105,END,/cart,GET,product_id=105,,indecisive,tablet,10,True
1890,1,GET /products/filter,"POST /products/filter  body={""gender"":""unisex"",""category"":""dress"",""price"":""high""}",/products/filter,GET,,,returner,desktop,1,False
1890,2,"POST /products/filter  body={""gender"":""unisex"",""category"":""dress"",""price"":""high""}",GET /products?id=44,/products/filter,POST,,"{""gender"":""unisex"",""category"":""dress"",""price"":""high""}",returner,desktop,1,False
1890,3,GET /products?id=44,GET /cart?product_id=44,/products,GET,id=44,,returner,desktop,1,False
1890,4,GET /cart?product_id=44,END,/cart,GET,product_id=44,,returner,desktop,1,True
1891,1,GET /products/filter,"POST /products/filter  body={""gender"":""female"",""category"":""watch"",""price"":""mid""}",/products/filter,GET,,,indecisive,desktop,13,False
1891,2,"POST /products/filter  body={""gender"":""female"",""category"":""watch"",""price"":""mid""}",GET /products?id=55,/products/filter,POST,,"{""gender"":""female"",""category"":""watch"",""price"":""mid""}",indecisive,desktop,13,False
1891,3,GET /products?id=55,GET /cart?product_id=55,/products,GET,id=55,,indecisive,desktop,13,False
1891,4,GET /cart?product_id=55,END,/cart,GET,product_id=55,,indecisive,desktop,13,True
1892,1,GET /products,GET /products?id=42,/products,GET,,,new_visitor,tablet,10,False
1892,2,GET /products?id=42,GET /reviews?product_id=42,/products,GET,id=42,,new_visitor,tablet,10,False
1892,3,GET /reviews?product_id=42,END,/reviews,GET,product_id=42,,new_visitor,tablet,10,True
1893,1,GET /products,GET /products?id=33,/products,GET,,,browser,desktop,2,False
1893,2,GET /products?id=33,GET /cart?product_id=33,/products,GET,id=33,,browser,desktop,2,False
1893,3,GET /cart?product_id=33,GET /checkout,/cart,GET,product_id=33,,browser,desktop,2,False
1893,4,GET /checkout,"POST /payment  body={""amount"": 49.99, ""method"": ""card""}",/checkout,GET,,,browser,desktop,2,False
1893,5,"POST /payment  body={""amount"": 49.99, ""method"": ""card""}",END,/payment,POST,,"{""amount"": 49.99, ""method"": ""card""}",browser,desktop,2,True
1894,1,GET /products,GET /products?id=88,/products,GET,,,indecisive,tablet,2,False
1894,2,GET /products?id=88,GET /reviews?product_id=88,/products,GET,id=88,,indecisive,tablet,2,False
1894,3,GET /reviews?product_id=88,GET /products?id=88,/reviews,GET,product_id=88,,indecisive,tablet,2,False
1894,4,GET /products?id=88,GET /cart?product_id=88,/products,GET,id=88,,indecisive,tablet,2,False
1894,5,GET /cart?product_id=88,END,/cart,GET,product_id=88,,indecisive,tablet,2,True
1895,1,GET /products?id=101,GET /reviews?product_id=101,/products,GET,id=101,,indecisive,tablet,6,False
1895,2,GET /reviews?product_id=101,END,/reviews,GET,product_id=101,,indecisive,tablet,6,True
1896,1,GET /products,GET /products?id=33,/products,GET,,,buyer,desktop,5,False
1896,2,GET /products?id=33,GET /reviews?product_id=33,/products,GET,id=33,,buyer,desktop,5,False
1896,3,GET /reviews?product_id=33,GET /products?id=105,/reviews,GET,product_id=33,,buyer,desktop,5,False
1896,4,GET /products?id=105,GET /cart?product_id=105,/products,GET,id=105,,buyer,desktop,5,False
1896,5,GET /cart?product_id=105,END,/cart,GET,product_id=105,,buyer,desktop,5,True
1897,1,GET /products/filter,"POST /products/filter  body={""gender"":""female"",""category"":""skirt"",""price"":""low""}",/products/filter,GET,,,buyer,tablet,23,False
1897,2,"POST /products/filter  body={""gender"":""female"",""category"":""skirt"",""price"":""low""}",GET /products?id=55,/products/filter,POST,,"{""gender"":""female"",""category"":""skirt"",""price"":""low""}",buyer,tablet,23,False
1897,3,GET /products?id=55,GET /cart?product_id=55,/products,GET,id=55,,buyer,tablet,23,False
1897,4,GET /cart?product_id=55,END,/cart,GET,product_id=55,,buyer,tablet,23,True
1898,1,GET /products,GET /products?id=22,/products,GET,,,new_visitor,desktop,15,False
1898,2,GET /products?id=22,GET /cart?product_id=22,/products,GET,id=22,,new_visitor,desktop,15,False
1898,3,GET /cart?product_id=22,END,/cart,GET,product_id=22,,new_visitor,desktop,15,True
1899,1,GET /products/filter,"POST /products/filter  body={""gender"":""male"",""category"":""skirt""}",/products/filter,GET,,,buyer,tablet,22,False
1899,2,"POST /products/filter  body={""gender"":""male"",""category"":""skirt""}",GET /products?id=101,/products/filter,POST,,"{""gender"":""male"",""category"":""skirt""}",buyer,tablet,22,False
1899,3,GET /products?id=101,GET /cart?product_id=101,/products,GET,id=101,,buyer,tablet,22,False
1899,4,GET /cart?product_id=101,END,/cart,GET,product_id=101,,buyer,tablet,22,True
1900,1,GET /products,GET /products?id=47,/products,GET,,,buyer,tablet,8,False
1900,2,GET /products?id=47,GET /reviews?product_id=47,/products,GET,id=47,,buyer,tablet,8,False
1900,3,GET /reviews?product_id=47,GET /products?id=105,/reviews,GET,product_id=47,,buyer,tablet,8,False
1900,4,GET /products?id=105,GET /products?id=42,/products,GET,id=105,,buyer,tablet,8,False
1900,5,GET /products?id=42,GET /cart?product_id=42,/products,GET,id=42,,buyer,tablet,8,False
1900,6,GET /cart?product_id=42,END,/cart,GET,product_id=42,,buyer,tablet,8,True
1901,1,GET /products,GET /products?id=88,/products,GET,,,buyer,mobile,23,False
1901,2,GET /products?id=88,GET /products?id=22,/products,GET,id=88,,buyer,mobile,23,False
1901,3,GET /products?id=22,GET /products?id=33,/products,GET,id=22,,buyer,mobile,23,False
1901,4,GET /products?id=33,GET /cart?product_id=33,/products,GET,id=33,,buyer,mobile,23,False
1901,5,GET /cart?product_id=33,END,/cart,GET,product_id=33,,buyer,mobile,23,True
1902,1,GET /search?q=summer skirt,GET /products?id=15,/search,GET,q=summer skirt,,browser,desktop,8,False
1902,2,GET /products?id=15,GET /cart?product_id=15,/products,GET,id=15,,browser,desktop,8,False
1902,3,GET /cart?product_id=15,END,/cart,GET,product_id=15,,browser,desktop,8,True
1903,1,GET /products/filter,"POST /products/filter  body={""gender"":""female"",""category"":""dress""}",/products/filter,GET,,,new_visitor,desktop,12,False
1903,2,"POST /products/filter  body={""gender"":""female"",""category"":""dress""}",GET /products?id=15,/products/filter,POST,,"{""gender"":""female"",""category"":""dress""}",new_visitor,desktop,12,False
1903,3,GET /products?id=15,GET /cart?product_id=15,/products,GET,id=15,,new_visitor,desktop,12,False
1903,4,GET /cart?product_id=15,END,/cart,GET,product_id=15,,new_visitor,desktop,12,True
1904,1,GET /home,GET /category?type=women,/home,GET,,,returner,desktop,22,False
1904,2,GET /category?type=women,GET /products?id=55,/category,GET,type=women,,returner,desktop,22,False
1904,3,GET /products?id=55,GET /cart?product_id=55,/products,GET,id=55,,returner,desktop,22,False
1904,4,GET /cart?product_id=55,END,/cart,GET,product_id=55,,returner,desktop,22,True
1905,1,GET /search?q=office shirt,GET /products?id=55,/search,GET,q=office shirt,,browser,desktop,23,False
1905,2,GET /products?id=55,GET /cart?product_id=55,/products,GET,id=55,,browser,desktop,23,False
1905,3,GET /cart?product_id=55,END,/cart,GET,product_id=55,,browser,desktop,23,True
1906,1,GET /products?id=101,GET /reviews?product_id=101,/products,GET,id=101,,returner,mobile,18,False
1906,2,GET /reviews?product_id=101,END,/reviews,GET,product_id=101,,returner,mobile,18,True
1907,1,GET /home,GET /category?type=accessories,/home,GET,,,returner,desktop,15,False
1907,2,GET /category?type=accessories,GET /products?id=110,/category,GET,type=accessories,,returner,desktop,15,False
1907,3,GET /products?id=110,GET /cart?product_id=110,/products,GET,id=110,,returner,desktop,15,False
1907,4,GET /cart?product_id=110,END,/cart,GET,product_id=110,,returner,desktop,15,True
1908,1,GET /products?id=55,GET /cart?product_id=55,/products,GET,id=55,,indecisive,mobile,20,False
1908,2,GET /cart?product_id=55,END,/cart,GET,product_id=55,,indecisive,mobile,20,True
1909,1,GET /products/filter,"POST /products/filter  body={""gender"":""female"",""category"":""sneakers""}",/products/filter,GET,,,buyer,desktop,18,False
1909,2,"POST /products/filter  body={""gender"":""female"",""category"":""sneakers""}",GET /products?id=120,/products/filter,POST,,"{""gender"":""female"",""category"":""sneakers""}",buyer,desktop,18,False
1909,3,GET /products?id=120,GET /cart?product_id=120,/products,GET,id=120,,buyer,desktop,18,False
1909,4,GET /cart?product_id=120,END,/cart,GET,product_id=120,,buyer,desktop,18,True
1910,1,GET /products,GET /products?id=44,/products,GET,,,new_visitor,tablet,18,False
1910,2,GET /products?id=44,GET /cart?product_id=44,/products,GET,id=44,,new_visitor,tablet,18,False
1910,3,GET /cart?product_id=44,GET /checkout,/cart,GET,product_id=44,,new_visitor,tablet,18,False
1910,4,GET /checkout,"POST /payment  body={""amount"": 49.99, ""method"": ""card""}",/checkout,GET,,,new_visitor,tablet,18,False
1910,5,"POST /payment  body={""amount"": 49.99, ""method"": ""card""}",END,/payment,POST,,"{""amount"": 49.99, ""method"": ""card""}",new_visitor,tablet,18,True
1911,1,GET /products/filter,"POST /products/filter  body={""gender"":""male"",""category"":""dress"",""price"":""low""}",/products/filter,GET,,,returner,desktop,13,False
1911,2,"POST /products/filter  body={""gender"":""male"",""category"":""dress"",""price"":""low""}",GET /products?id=33,/products/filter,POST,,"{""gender"":""male"",""category"":""dress"",""price"":""low""}",returner,desktop,13,False
1911,3,GET /products?id=33,GET /cart?product_id=33,/products,GET,id=33,,returner,desktop,13,False
1911,4,GET /cart?product_id=33,END,/cart,GET,product_id=33,,returner,desktop,13,True
1912,1,GET /products,GET /products?id=88,/products,GET,,,new_visitor,tablet,13,False
1912,2,GET /products?id=88,GET /products?id=120,/products,GET,id=88,,new_visitor,tablet,13,False
1912,3,GET /products?id=120,GET /products?id=120,/products,GET,id=120,,new_visitor,tablet,13,False
1912,4,GET /products?id=120,GET /products?id=33,/products,GET,id=120,,new_visitor,tablet,13,False
1912,5,GET /products?id=33,GET /products?id=11,/products,GET,id=33,,new_visitor,tablet,13,False
1912,6,GET /products?id=11,GET /cart?product_id=11,/products,GET,id=11,,new_visitor,tablet,13,False
1912,7,GET /cart?product_id=11,END,/cart,GET,product_id=11,,new_visitor,tablet,13,True
1913,1,GET /products,GET /products?id=101,/products,GET,,,browser,mobile,13,False
1913,2,GET /products?id=101,"POST /wishlist?product_id=101  body={""product_id"": 101}",/products,GET,id=101,,browser,mobile,13,False
1913,3,"POST /wishlist?product_id=101  body={""product_id"": 101}",GET /cart?product_id=101,/wishlist,POST,product_id=101,"{""product_id"": 101}",browser,mobile,13,False
1913,4,GET /cart?product_id=101,END,/cart,GET,product_id=101,,browser,mobile,13,True
1914,1,GET /home,GET /category?type=women,/home,GET,,,buyer,mobile,5,False
1914,2,GET /category?type=women,GET /products?id=44,/category,GET,type=women,,buyer,mobile,5,False
1914,3,GET /products?id=44,GET /cart?product_id=44,/products,GET,id=44,,buyer,mobile,5,False
1914,4,GET /cart?product_id=44,END,/cart,GET,product_id=44,,buyer,mobile,5,True
1915,1,GET /products,GET /products?id=105,/products,GET,,,buyer,desktop,3,False
1915,2,GET /products?id=105,GET /cart?product_id=105,/products,GET,id=105,,buyer,desktop,3,False
1915,3,GET /cart?product_id=105,END,/cart,GET,product_id=105,,buyer,desktop,3,True
1916,1,GET /products,GET /products?id=105,/products,GET,,,new_visitor,desktop,4,False
1916,2,GET /products?id=105,GET /cart?product_id=105,/products,GET,id=105,,new_visitor,desktop,4,False
1916,3,GET /cart?product_id=105,GET /checkout,/cart,GET,product_id=105,,new_visitor,desktop,4,False
1916,4,GET /checkout,"POST /payment  body={""amount"": 49.99, ""method"": ""card""}",/checkout,GET,,,new_visitor,desktop,4,False
1916,5,"POST /payment  body={""amount"": 49.99, ""method"": ""card""}",END,/payment,POST,,"{""amount"": 49.99, ""method"": ""card""}",new_visitor,desktop,4,True
1917,1,GET /products,GET /products?id=22,/products,GET,,,returner,mobile,9,False
1917,2,GET /products?id=22,GET /reviews?product_id=22,/products,GET,id=22,,returner,mobile,9,False
1917,3,GET /reviews?product_id=22,END,/reviews,GET,product_id=22,,returner,mobile,9,True
1918,1,GET /products,GET /products?id=73,/products,GET,,,indecisive,tablet,10,False
1918,2,GET /products?id=73,GET /products?id=61,/products,GET,id=73,,indecisive,tablet,10,False
1918,3,GET /products?id=61,GET /products?id=22,/products,GET,id=61,,indecisive,tablet,10,False
1918,4,GET /products?id=22,GET /cart?product_id=22,/products,GET,id=22,,indecisive,tablet,10,False
1918,5,GET /cart?product_id=22,END,/cart,GET,product_id=22,,indecisive,tablet,10,True
1919,1,GET /products/filter,"POST /products/filter  body={""gender"":""male"",""category"":""sneakers""}",/products/filter,GET,,,buyer,tablet,22,False
1919,2,"POST /products/filter  body={""gender"":""male"",""category"":""sneakers""}",GET /products?id=110,/products/filter,POST,,"{""gender"":""male"",""category"":""sneakers""}",buyer,tablet,22,False
1919,3,GET /products?id=110,GET /reviews?product_id=110,/products,GET,id=110,,buyer,tablet,22,False
1919,4,GET /reviews?product_id=110,END,/reviews,GET,product_id=110,,buyer,tablet,22,True
1920,1,GET /products,GET /products?id=61,/products,GET,,,buyer,desktop,23,False
1920,2,GET /products?id=61,"POST /wishlist?product_id=61  body={""product_id"": 61}",/products,GET,id=61,,buyer,desktop,23,False
1920,3,"POST /wishlist?product_id=61  body={""product_id"": 61}",GET /cart?product_id=61,/wishlist,POST,product_id=61,"{""product_id"": 61}",buyer,desktop,23,False
1920,4,GET /cart?product_id=61,END,/cart,GET,product_id=61,,buyer,desktop,23,True
1921,1,GET /products/filter,"POST /products/filter  body={""gender"":""female"",""category"":""sneakers"",""price"":""high""}",/products/filter,GET,,,buyer,tablet,22,False
1921,2,"POST /products/filter  body={""gender"":""female"",""category"":""sneakers"",""price"":""high""}",GET /products,/products/filter,POST,,"{""gender"":""female"",""category"":""sneakers"",""price"":""high""}",buyer,tablet,22,False
1921,3,GET /products,"POST /products/filter  body={""gender"":""female"",""category"":""sneakers""}",/products,GET,,,buyer,tablet,22,False
1921,4,"POST /products/filter  body={""gender"":""female"",""category"":""sneakers""}",GET /products?id=105,/products/filter,POST,,"{""gender"":""female"",""category"":""sneakers""}",buyer,tablet,22,False
1921,5,GET /products?id=105,GET /cart?product_id=105,/products,GET,id=105,,buyer,tablet,22,False
1921,6,GET /cart?product_id=105,END,/cart,GET,product_id=105,,buyer,tablet,22,True
1922,1,GET /products,GET /products?id=42,/products,GET,,,buyer,mobile,15,False
1922,2,GET /products?id=42,GET /cart?product_id=42,/products,GET,id=42,,buyer,mobile,15,False
1922,3,GET /cart?product_id=42,END,/cart,GET,product_id=42,,buyer,mobile,15,True
1923,1,GET /products,GET /products?id=110,/products,GET,,,buyer,mobile,22,False
1923,2,GET /products?id=110,GET /cart?product_id=110,/products,GET,id=110,,buyer,mobile,22,False
1923,3,GET /cart?product_id=110,END,/cart,GET,product_id=110,,buyer,mobile,22,True
1924,1,GET /products,GET /products?id=39,/products,GET,,,browser,tablet,14,False
1924,2,GET /products?id=39,GET /products?id=11,/products,GET,id=39,,browser,tablet,14,False
1924,3,GET /products?id=11,GET /cart?product_id=11,/products,GET,id=11,,browser,tablet,14,False
1924,4,GET /cart?product_id=11,END,/cart,GET,product_id=11,,browser,tablet,14,True
1925,1,GET /products/filter,"POST /products/filter  body={""gender"":""male"",""category"":""watch"",""price"":""high""}",/products/filter,GET,,,browser,mobile,8,False
1925,2,"POST /products/filter  body={""gender"":""male"",""category"":""watch"",""price"":""high""}",GET /products?id=39,/products/filter,POST,,"{""gender"":""male"",""category"":""watch"",""price"":""high""}",browser,mobile,8,False
1925,3,GET /products?id=39,GET /cart?product_id=39,/products,GET,id=39,,browser,mobile,8,False
1925,4,GET /cart?product_id=39,END,/cart,GET,product_id=39,,browser,mobile,8,True
1926,1,GET /home,GET /category?type=accessories,/home,GET,,,new_visitor,desktop,8,False
1926,2,GET /category?type=accessories,GET /products?id=105,/category,GET,type=accessories,,new_visitor,desktop,8,False
1926,3,GET /products?id=105,GET /cart?product_id=105,/products,GET,id=105,,new_visitor,desktop,8,False
1926,4,GET /cart?product_id=105,END,/cart,GET,product_id=105,,new_visitor,desktop,8,True
1927,1,GET /products,GET /products?id=88,/products,GET,,,browser,tablet,4,False
1927,2,GET /products?id=88,GET /cart?product_id=88,/products,GET,id=88,,browser,tablet,4,False
1927,3,GET /cart?product_id=88,END,/cart,GET,product_id=88,,browser,tablet,4,True
1928,1,GET /products,GET /products?id=101,/products,GET,,,indecisive,tablet,3,False
1928,2,GET /products?id=101,GET /cart?product_id=101,/products,GET,id=101,,indecisive,tablet,3,False
1928,3,GET /cart?product_id=101,END,/cart,GET,product_id=101,,indecisive,tablet,3,True
1929,1,GET /products?id=120,GET /cart?product_id=120,/products,GET,id=120,,new_visitor,tablet,8,False
1929,2,GET /cart?product_id=120,END,/cart,GET,product_id=120,,new_visitor,tablet,8,True
1930,1,GET /products,GET /products?id=61,/products,GET,,,browser,mobile,6,False
1930,2,GET /products?id=61,GET /cart?product_id=61,/products,GET,id=61,,browser,mobile,6,False
1930,3,GET /cart?product_id=61,END,/cart,GET,product_id=61,,browser,mobile,6,True
1931,1,GET /products,GET /products?id=44,/products,GET,,,returner,mobile,10,False
1931,2,GET /products?id=44,GET /cart?product_id=44,/products,GET,id=44,,returner,mobile,10,False
1931,3,GET /cart?product_id=44,END,/cart,GET,product_id=44,,returner,mobile,10,True
1932,1,GET /search?q=men watch,GET /products?id=55,/search,GET,q=men watch,,returner,desktop,21,False
1932,2,GET /products?id=55,GET /reviews?product_id=55,/products,GET,id=55,,returner,desktop,21,False
1932,3,GET /reviews?product_id=55,END,/reviews,GET,product_id=55,,returner,desktop,21,True
1933,1,GET /search?q=heels,GET /products?id=120,/search,GET,q=heels,,buyer,tablet,12,False
1933,2,GET /products?id=120,GET /cart?product_id=120,/products,GET,id=120,,buyer,tablet,12,False
1933,3,GET /cart?product_id=120,END,/cart,GET,product_id=120,,buyer,tablet,12,True
1934,1,GET /products/filter,"POST /products/filter  body={""gender"":""female"",""category"":""watch"",""price"":""mid""}",/products/filter,GET,,,indecisive,desktop,16,False
1934,2,"POST /products/filter  body={""gender"":""female"",""category"":""watch"",""price"":""mid""}",GET /products?id=73,/products/filter,POST,,"{""gender"":""female"",""category"":""watch"",""price"":""mid""}",indecisive,desktop,16,False
1934,3,GET /products?id=73,GET /cart?product_id=73,/products,GET,id=73,,indecisive,desktop,16,False
1934,4,GET /cart?product_id=73,END,/cart,GET,product_id=73,,indecisive,desktop,16,True
1935,1,GET /products/filter,"POST /products/filter  body={""gender"":""male"",""category"":""sneakers"",""price"":""high""}",/products/filter,GET,,,indecisive,tablet,4,False
1935,2,"POST /products/filter  body={""gender"":""male"",""category"":""sneakers"",""price"":""high""}",GET /products,/products/filter,POST,,"{""gender"":""male"",""category"":""sneakers"",""price"":""high""}",indecisive,tablet,4,False
1935,3,GET /products,"POST /products/filter  body={""gender"":""male"",""category"":""sneakers""}",/products,GET,,,indecisive,tablet,4,False
1935,4,"POST /products/filter  body={""gender"":""male"",""category"":""sneakers""}",GET /products?id=15,/products/filter,POST,,"{""gender"":""male"",""category"":""sneakers""}",indecisive,tablet,4,False
1935,5,GET /products?id=15,GET /cart?product_id=15,/products,GET,id=15,,indecisive,tablet,4,False
1935,6,GET /cart?product_id=15,END,/cart,GET,product_id=15,,indecisive,tablet,4,True
1936,1,GET /products,GET /products?id=73,/products,GET,,,browser,tablet,13,False
1936,2,GET /products?id=73,GET /reviews?product_id=73,/products,GET,id=73,,browser,tablet,13,False
1936,3,GET /reviews?product_id=73,GET /products?id=73,/reviews,GET,product_id=73,,browser,tablet,13,False
1936,4,GET /products?id=73,GET /cart?product_id=73,/products,GET,id=73,,browser,tablet,13,False
1936,5,GET /cart?product_id=73,END,/cart,GET,product_id=73,,browser,tablet,13,True
1937,1,GET /products,GET /products?id=39,/products,GET,,,browser,desktop,14,False
1937,2,GET /products?id=39,GET /cart?product_id=39,/products,GET,id=39,,browser,desktop,14,False
1937,3,GET /cart?product_id=39,GET /checkout,/cart,GET,product_id=39,,browser,desktop,14,False
1937,4,GET /checkout,"POST /payment  body={""amount"": 49.99, ""method"": ""card""}",/checkout,GET,,,browser,desktop,14,False
1937,5,"POST /payment  body={""amount"": 49.99, ""method"": ""card""}",END,/payment,POST,,"{""amount"": 49.99, ""method"": ""card""}",browser,desktop,14,True
1938,1,GET /home,GET /category?type=women,/home,GET,,,returner,mobile,19,False
1938,2,GET /category?type=women,GET /products?id=55,/category,GET,type=women,,returner,mobile,19,False
1938,3,GET /products?id=55,GET /cart?product_id=55,/products,GET,id=55,,returner,mobile,19,False
1938,4,GET /cart?product_id=55,END,/cart,GET,product_id=55,,returner,mobile,19,True
1939,1,GET /products?id=88,GET /cart?product_id=88,/products,GET,id=88,,indecisive,mobile,23,False
1939,2,GET /cart?product_id=88,END,/cart,GET,product_id=88,,indecisive,mobile,23,True
1940,1,GET /products,GET /products?id=55,/products,GET,,,new_visitor,mobile,0,False
1940,2,GET /products?id=55,GET /products?id=39,/products,GET,id=55,,new_visitor,mobile,0,False
1940,3,GET /products?id=39,GET /products?id=15,/products,GET,id=39,,new_visitor,mobile,0,False
1940,4,GET /products?id=15,GET /cart?product_id=15,/products,GET,id=15,,new_visitor,mobile,0,False
1940,5,GET /cart?product_id=15,END,/cart,GET,product_id=15,,new_visitor,mobile,0,True
1941,1,GET /products,GET /products?id=15,/products,GET,,,browser,tablet,8,False
1941,2,GET /products?id=15,GET /cart?product_id=15,/products,GET,id=15,,browser,tablet,8,False
1941,3,GET /cart?product_id=15,END,/cart,GET,product_id=15,,browser,tablet,8,True
1942,1,GET /products,GET /products?id=15,/products,GET,,,returner,mobile,22,False
1942,2,GET /products?id=15,"POST /wishlist?product_id=15  body={""product_id"": 15}",/products,GET,id=15,,returner,mobile,22,False
1942,3,"POST /wishlist?product_id=15  body={""product_id"": 15}",GET /cart?product_id=15,/wishlist,POST,product_id=15,"{""product_id"": 15}",returner,mobile,22,False
1942,4,GET /cart?product_id=15,END,/cart,GET,product_id=15,,returner,mobile,22,True
1943,1,GET /products,GET /products?id=110,/products,GET,,,browser,tablet,0,False
1943,2,GET /products?id=110,GET /products?id=120,/products,GET,id=110,,browser,tablet,0,False
1943,3,GET /products?id=120,GET /products?id=73,/products,GET,id=120,,browser,tablet,0,False
1943,4,GET /products?id=73,GET /products?id=120,/products,GET,id=73,,browser,tablet,0,False
1943,5,GET /products?id=120,GET /products?id=55,/products,GET,id=120,,browser,tablet,0,False
1943,6,GET /products?id=55,GET /reviews?product_id=55,/products,GET,id=55,,browser,tablet,0,False
1943,7,GET /reviews?product_id=55,GET /products?id=44,/reviews,GET,product_id=55,,browser,tablet,0,False
1943,8,GET /products?id=44,GET /cart?product_id=44,/products,GET,id=44,,browser,tablet,0,False
1943,9,GET /cart?product_id=44,END,/cart,GET,product_id=44,,browser,tablet,0,True
1944,1,GET /products,GET /products?id=44,/products,GET,,,browser,desktop,3,False
1944,2,GET /products?id=44,GET /cart?product_id=44,/products,GET,id=44,,browser,desktop,3,False
1944,3,GET /cart?product_id=44,END,/cart,GET,product_id=44,,browser,desktop,3,True
1945,1,GET /products,GET /products?id=42,/products,GET,,,new_visitor,desktop,6,False
1945,2,GET /products?id=42,GET /reviews?product_id=42,/products,GET,id=42,,new_visitor,desktop,6,False
1945,3,GET /reviews?product_id=42,GET /products?id=42,/reviews,GET,product_id=42,,new_visitor,desktop,6,False
1945,4,GET /products?id=42,GET /cart?product_id=42,/products,GET,id=42,,new_visitor,desktop,6,False
1945,5,GET /cart?product_id=42,END,/cart,GET,product_id=42,,new_visitor,desktop,6,True
1946,1,GET /products,GET /products?id=73,/products,GET,,,indecisive,tablet,10,False
1946,2,GET /products?id=73,GET /reviews?product_id=73,/products,GET,id=73,,indecisive,tablet,10,False
1946,3,GET /reviews?product_id=73,GET /products?id=39,/reviews,GET,product_id=73,,indecisive,tablet,10,False
1946,4,GET /products?id=39,GET /cart?product_id=39,/products,GET,id=39,,indecisive,tablet,10,False
1946,5,GET /cart?product_id=39,END,/cart,GET,product_id=39,,indecisive,tablet,10,True
1947,1,GET /search?q=red dress,GET /products?id=47,/search,GET,q=red dress,,new_visitor,mobile,21,False
1947,2,GET /products?id=47,GET /cart?product_id=47,/products,GET,id=47,,new_visitor,mobile,21,False
1947,3,GET /cart?product_id=47,END,/cart,GET,product_id=47,,new_visitor,mobile,21,True
1948,1,GET /products,GET /products?id=47,/products,GET,,,buyer,tablet,4,False
1948,2,GET /products?id=47,GET /cart?product_id=47,/products,GET,id=47,,buyer,tablet,4,False
1948,3,GET /cart?product_id=47,GET /checkout,/cart,GET,product_id=47,,buyer,tablet,4,False
1948,4,GET /checkout,"POST /payment  body={""amount"": 49.99, ""method"": ""card""}",/checkout,GET,,,buyer,tablet,4,False
1948,5,"POST /payment  body={""amount"": 49.99, ""method"": ""card""}",END,/payment,POST,,"{""amount"": 49.99, ""method"": ""card""}",buyer,tablet,4,True
1949,1,GET /products/filter,"POST /products/filter  body={""gender"":""female"",""category"":""watch""}",/products/filter,GET,,,buyer,desktop,1,False
1949,2,"POST /products/filter  body={""gender"":""female"",""category"":""watch""}",GET /products?id=73,/products/filter,POST,,"{""gender"":""female"",""category"":""watch""}",buyer,desktop,1,False
1949,3,GET /products?id=73,GET /cart?product_id=73,/products,GET,id=73,,buyer,desktop,1,False
1949,4,GET /cart?product_id=73,END,/cart,GET,product_id=73,,buyer,desktop,1,True
1950,1,GET /home,GET /category?type=women,/home,GET,,,browser,desktop,8,False
1950,2,GET /category?type=women,GET /products?id=47,/category,GET,type=women,,browser,desktop,8,False
1950,3,GET /products?id=47,GET /cart?product_id=47,/products,GET,id=47,,browser,desktop,8,False
1950,4,GET /cart?product_id=47,END,/cart,GET,product_id=47,,browser,desktop,8,True
1951,1,GET /products,GET /products?id=110,/products,GET,,,returner,tablet,22,False
1951,2,GET /products?id=110,GET /cart?product_id=110,/products,GET,id=110,,returner,tablet,22,False
1951,3,GET /cart?product_id=110,END,/cart,GET,product_id=110,,returner,tablet,22,True
1952,1,GET /products,GET /products?id=33,/products,GET,,,browser,mobile,23,False
1952,2,GET /products?id=33,GET /cart?product_id=33,/products,GET,id=33,,browser,mobile,23,False
1952,3,GET /cart?product_id=33,END,/cart,GET,product_id=33,,browser,mobile,23,True
1953,1,GET /products/filter,"POST /products/filter  body={""gender"":""male"",""category"":""sneakers"",""price"":""low""}",/products/filter,GET,,,browser,mobile,0,False
1953,2,"POST /products/filter  body={""gender"":""male"",""category"":""sneakers"",""price"":""low""}",GET /products?id=11,/products/filter,POST,,"{""gender"":""male"",""category"":""sneakers"",""price"":""low""}",browser,mobile,0,False
1953,3,GET /products?id=11,GET /cart?product_id=11,/products,GET,id=11,,browser,mobile,0,False
1953,4,GET /cart?product_id=11,END,/cart,GET,product_id=11,,browser,mobile,0,True
1954,1,GET /products?id=88,GET /reviews?product_id=88,/products,GET,id=88,,indecisive,tablet,20,False
1954,2,GET /reviews?product_id=88,END,/reviews,GET,product_id=88,,indecisive,tablet,20,True
1955,1,GET /search?q=men watch,GET /products?id=73,/search,GET,q=men watch,,buyer,desktop,1,False
1955,2,GET /products?id=73,GET /cart?product_id=73,/products,GET,id=73,,buyer,desktop,1,False
1955,3,GET /cart?product_id=73,END,/cart,GET,product_id=73,,buyer,desktop,1,True
1956,1,GET /products/filter,"POST /products/filter  body={""gender"":""female"",""category"":""dress"",""price"":""high""}",/products/filter,GET,,,indecisive,mobile,18,False
1956,2,"POST /products/filter  body={""gender"":""female"",""category"":""dress"",""price"":""high""}",GET /products?id=88,/products/filter,POST,,"{""gender"":""female"",""category"":""dress"",""price"":""high""}",indecisive,mobile,18,False
1956,3,GET /products?id=88,GET /cart?product_id=88,/products,GET,id=88,,indecisive,mobile,18,False
1956,4,GET /cart?product_id=88,END,/cart,GET,product_id=88,,indecisive,mobile,18,True
1957,1,GET /products,GET /products?id=15,/products,GET,,,buyer,desktop,8,False
1957,2,GET /products?id=15,"POST /wishlist?product_id=15  body={""product_id"": 15}",/products,GET,id=15,,buyer,desktop,8,False
1957,3,"POST /wishlist?product_id=15  body={""product_id"": 15}",GET /cart?product_id=15,/wishlist,POST,product_id=15,"{""product_id"": 15}",buyer,desktop,8,False
1957,4,GET /cart?product_id=15,END,/cart,GET,product_id=15,,buyer,desktop,8,True
1958,1,GET /products,GET /products?id=110,/products,GET,,,browser,desktop,11,False
1958,2,GET /products?id=110,GET /products?id=73,/products,GET,id=110,,browser,desktop,11,False
1958,3,GET /products?id=73,GET /products?id=44,/products,GET,id=73,,browser,desktop,11,False
1958,4,GET /products?id=44,GET /reviews?product_id=44,/products,GET,id=44,,browser,desktop,11,False
1958,5,GET /reviews?product_id=44,END,/reviews,GET,product_id=44,,browser,desktop,11,True
1959,1,GET /home,GET /category?type=women,/home,GET,,,new_visitor,desktop,4,False
1959,2,GET /category?type=women,GET /products?id=73,/category,GET,type=women,,new_visitor,desktop,4,False
1959,3,GET /products?id=73,GET /cart?product_id=73,/products,GET,id=73,,new_visitor,desktop,4,False
1959,4,GET /cart?product_id=73,END,/cart,GET,product_id=73,,new_visitor,desktop,4,True
1960,1,GET /products,GET /products?id=22,/products,GET,,,returner,desktop,20,False
1960,2,GET /products?id=22,GET /cart?product_id=22,/products,GET,id=22,,returner,desktop,20,False
1960,3,GET /cart?product_id=22,GET /home,/cart,GET,product_id=22,,returner,desktop,20,False
1960,4,GET /home,END,/home,GET,,,returner,desktop,20,True
1961,1,GET /products?id=15,GET /cart?product_id=15,/products,GET,id=15,,buyer,desktop,22,False
1961,2,GET /cart?product_id=15,END,/cart,GET,product_id=15,,buyer,desktop,22,True
1962,1,GET /search?q=red dress,GET /products?id=55,/search,GET,q=red dress,,buyer,desktop,6,False
1962,2,GET /products?id=55,GET /reviews?product_id=55,/products,GET,id=55,,buyer,desktop,6,False
1962,3,GET /reviews?product_id=55,END,/reviews,GET,product_id=55,,buyer,desktop,6,True
1963,1,GET /products,GET /products?id=61,/products,GET,,,new_visitor,tablet,20,False
1963,2,GET /products?id=61,GET /cart?product_id=61,/products,GET,id=61,,new_visitor,tablet,20,False
1963,3,GET /cart?product_id=61,END,/cart,GET,product_id=61,,new_visitor,tablet,20,True
1964,1,GET /search?q=sunglasses,GET /products?id=44,/search,GET,q=sunglasses,,indecisive,desktop,18,False
1964,2,GET /products?id=44,GET /cart?product_id=44,/products,GET,id=44,,indecisive,desktop,18,False
1964,3,GET /cart?product_id=44,END,/cart,GET,product_id=44,,indecisive,desktop,18,True
1965,1,GET /products,GET /products?id=73,/products,GET,,,indecisive,tablet,3,False
1965,2,GET /products?id=73,GET /products?id=105,/products,GET,id=73,,indecisive,tablet,3,False
1965,3,GET /products?id=105,GET /cart?product_id=105,/products,GET,id=105,,indecisive,tablet,3,False
1965,4,GET /cart?product_id=105,END,/cart,GET,product_id=105,,indecisive,tablet,3,True
1966,1,GET /products,GET /products?id=39,/products,GET,,,indecisive,tablet,3,False
1966,2,GET /products?id=39,GET /cart?product_id=39,/products,GET,id=39,,indecisive,tablet,3,False
1966,3,GET /cart?product_id=39,END,/cart,GET,product_id=39,,indecisive,tablet,3,True
1967,1,GET /products,GET /products?id=110,/products,GET,,,returner,tablet,5,False
1967,2,GET /products?id=110,GET /cart?product_id=110,/products,GET,id=110,,returner,tablet,5,False
1967,3,GET /cart?product_id=110,GET /checkout,/cart,GET,product_id=110,,returner,tablet,5,False
1967,4,GET /checkout,"POST /payment  body={""amount"": 49.99, ""method"": ""card""}",/checkout,GET,,,returner,tablet,5,False
1967,5,"POST /payment  body={""amount"": 49.99, ""method"": ""card""}",END,/payment,POST,,"{""amount"": 49.99, ""method"": ""card""}",returner,tablet,5,True
1968,1,GET /products,GET /products?id=101,/products,GET,,,new_visitor,desktop,18,False
1968,2,GET /products?id=101,GET /products?id=120,/products,GET,id=101,,new_visitor,desktop,18,False
1968,3,GET /products?id=120,GET /products?id=11,/products,GET,id=120,,new_visitor,desktop,18,False
1968,4,GET /products?id=11,GET /cart?product_id=11,/products,GET,id=11,,new_visitor,desktop,18,False
1968,5,GET /cart?product_id=11,END,/cart,GET,product_id=11,,new_visitor,desktop,18,True
1969,1,GET /search?q=heels,GET /products?id=22,/search,GET,q=heels,,indecisive,tablet,10,False
1969,2,GET /products?id=22,GET /reviews?product_id=22,/products,GET,id=22,,indecisive,tablet,10,False
1969,3,GET /reviews?product_id=22,END,/reviews,GET,product_id=22,,indecisive,tablet,10,True
1970,1,GET /products,GET /products?id=105,/products,GET,,,browser,mobile,16,False
1970,2,GET /products?id=105,GET /reviews?product_id=105,/products,GET,id=105,,browser,mobile,16,False
1970,3,GET /reviews?product_id=105,END,/reviews,GET,product_id=105,,browser,mobile,16,True
1971,1,GET /products,GET /products?id=73,/products,GET,,,new_visitor,desktop,18,False
1971,2,GET /products?id=73,GET /reviews?product_id=73,/products,GET,id=73,,new_visitor,desktop,18,False
1971,3,GET /reviews?product_id=73,END,/reviews,GET,product_id=73,,new_visitor,desktop,18,True
1972,1,GET /products,GET /products?id=61,/products,GET,,,new_visitor,tablet,16,False
1972,2,GET /products?id=61,GET /cart?product_id=61,/products,GET,id=61,,new_visitor,tablet,16,False
1972,3,GET /cart?product_id=61,END,/cart,GET,product_id=61,,new_visitor,tablet,16,True
1973,1,GET /products/filter,"POST /products/filter  body={""gender"":""female"",""category"":""shirt""}",/products/filter,GET,,,indecisive,mobile,2,False
1973,2,"POST /products/filter  body={""gender"":""female"",""category"":""shirt""}",GET /products?id=101,/products/filter,POST,,"{""gender"":""female"",""category"":""shirt""}",indecisive,mobile,2,False
1973,3,GET /products?id=101,GET /cart?product_id=101,/products,GET,id=101,,indecisive,mobile,2,False
1973,4,GET /cart?product_id=101,END,/cart,GET,product_id=101,,indecisive,mobile,2,True
1974,1,GET /products,GET /products?id=88,/products,GET,,,buyer,desktop,0,False
1974,2,GET /products?id=88,GET /reviews?product_id=88,/products,GET,id=88,,buyer,desktop,0,False
1974,3,GET /reviews?product_id=88,GET /products?id=88,/reviews,GET,product_id=88,,buyer,desktop,0,False
1974,4,GET /products?id=88,GET /cart?product_id=88,/products,GET,id=88,,buyer,desktop,0,False
1974,5,GET /cart?product_id=88,END,/cart,GET,product_id=88,,buyer,desktop,0,True
1975,1,GET /products,GET /products?id=11,/products,GET,,,buyer,desktop,9,False
1975,2,GET /products?id=11,GET /reviews?product_id=11,/products,GET,id=11,,buyer,desktop,9,False
1975,3,GET /reviews?product_id=11,END,/reviews,GET,product_id=11,,buyer,desktop,9,True
1976,1,GET /products/filter,"POST /products/filter  body={""gender"":""unisex"",""category"":""watch"",""price"":""high""}",/products/filter,GET,,,returner,mobile,23,False
1976,2,"POST /products/filter  body={""gender"":""unisex"",""category"":""watch"",""price"":""high""}",GET /products?id=42,/products/filter,POST,,"{""gender"":""unisex"",""category"":""watch"",""price"":""high""}",returner,mobile,23,False
1976,3,GET /products?id=42,GET /cart?product_id=42,/products,GET,id=42,,returner,mobile,23,False
1976,4,GET /cart?product_id=42,END,/cart,GET,product_id=42,,returner,mobile,23,True
1977,1,GET /products,GET /products?id=101,/products,GET,,,returner,mobile,11,False
1977,2,GET /products?id=101,GET /cart?product_id=101,/products,GET,id=101,,returner,mobile,11,False
1977,3,GET /cart?product_id=101,END,/cart,GET,product_id=101,,returner,mobile,11,True
1978,1,GET /products/filter,"POST /products/filter  body={""gender"":""female"",""category"":""skirt"",""price"":""high""}",/products/filter,GET,,,returner,tablet,12,False
1978,2,"POST /products/filter  body={""gender"":""female"",""category"":""skirt"",""price"":""high""}",GET /products,/products/filter,POST,,"{""gender"":""female"",""category"":""skirt"",""price"":""high""}",returner,tablet,12,False
1978,3,GET /products,"POST /products/filter  body={""gender"":""female"",""category"":""skirt""}",/products,GET,,,returner,tablet,12,False
1978,4,"POST /products/filter  body={""gender"":""female"",""category"":""skirt""}",GET /products?id=101,/products/filter,POST,,"{""gender"":""female"",""category"":""skirt""}",returner,tablet,12,False
1978,5,GET /products?id=101,GET /cart?product_id=101,/products,GET,id=101,,returner,tablet,12,False
1978,6,GET /cart?product_id=101,END,/cart,GET,product_id=101,,returner,tablet,12,True
1979,1,GET /search?q=office shirt,GET /products?id=22,/search,GET,q=office shirt,,buyer,desktop,4,False
1979,2,GET /products?id=22,GET /cart?product_id=22,/products,GET,id=22,,buyer,desktop,4,False
1979,3,GET /cart?product_id=22,END,/cart,GET,product_id=22,,buyer,desktop,4,True
1980,1,GET /home,GET /category?type=men,/home,GET,,,returner,tablet,12,False
1980,2,GET /category?type=men,GET /products?id=33,/category,GET,type=men,,returner,tablet,12,False
1980,3,GET /products?id=33,GET /cart?product_id=33,/products,GET,id=33,,returner,tablet,12,False
1980,4,GET /cart?product_id=33,END,/cart,GET,product_id=33,,returner,tablet,12,True
1981,1,GET /products,GET /products?id=11,/products,GET,,,new_visitor,mobile,7,False
1981,2,GET /products?id=11,GET /products?id=39,/products,GET,id=11,,new_visitor,mobile,7,False
1981,3,GET /products?id=39,GET /reviews?product_id=39,/products,GET,id=39,,new_visitor,mobile,7,False
1981,4,GET /reviews?product_id=39,GET /products?id=39,/reviews,GET,product_id=39,,new_visitor,mobile,7,False
1981,5,GET /products?id=39,GET /products?id=33,/products,GET,id=39,,new_visitor,mobile,7,False
1981,6,GET /products?id=33,GET /cart?product_id=33,/products,GET,id=33,,new_visitor,mobile,7,False
1981,7,GET /cart?product_id=33,END,/cart,GET,product_id=33,,new_visitor,mobile,7,True
1982,1,GET /products,GET /products?id=88,/products,GET,,,browser,tablet,7,False
1982,2,GET /products?id=88,GET /cart?product_id=88,/products,GET,id=88,,browser,tablet,7,False
1982,3,GET /cart?product_id=88,END,/cart,GET,product_id=88,,browser,tablet,7,True
1983,1,GET /products/filter,"POST /products/filter  body={""gender"":""female"",""category"":""sneakers""}",/products/filter,GET,,,indecisive,desktop,2,False
1983,2,"POST /products/filter  body={""gender"":""female"",""category"":""sneakers""}",GET /products?id=61,/products/filter,POST,,"{""gender"":""female"",""category"":""sneakers""}",indecisive,desktop,2,False
1983,3,GET /products?id=61,GET /reviews?product_id=61,/products,GET,id=61,,indecisive,desktop,2,False
1983,4,GET /reviews?product_id=61,END,/reviews,GET,product_id=61,,indecisive,desktop,2,True
1984,1,GET /products,GET /products?id=120,/products,GET,,,indecisive,desktop,12,False
1984,2,GET /products?id=120,GET /reviews?product_id=120,/products,GET,id=120,,indecisive,desktop,12,False
1984,3,GET /reviews?product_id=120,GET /products?id=120,/reviews,GET,product_id=120,,indecisive,desktop,12,False
1984,4,GET /products?id=120,GET /cart?product_id=120,/products,GET,id=120,,indecisive,desktop,12,False
1984,5,GET /cart?product_id=120,END,/cart,GET,product_id=120,,indecisive,desktop,12,True
1985,1,GET /products,GET /products?id=101,/products,GET,,,browser,desktop,13,False
1985,2,GET /products?id=101,GET /cart?product_id=101,/products,GET,id=101,,browser,desktop,13,False
1985,3,GET /cart?product_id=101,END,/cart,GET,product_id=101,,browser,desktop,13,True
1986,1,GET /products/filter,"POST /products/filter  body={""gender"":""female"",""category"":""sneakers""}",/products/filter,GET,,,browser,desktop,2,False
1986,2,"POST /products/filter  body={""gender"":""female"",""category"":""sneakers""}",GET /products?id=42,/products/filter,POST,,"{""gender"":""female"",""category"":""sneakers""}",browser,desktop,2,False
1986,3,GET /products?id=42,GET /reviews?product_id=42,/products,GET,id=42,,browser,desktop,2,False
1986,4,GET /reviews?product_id=42,END,/reviews,GET,product_id=42,,browser,desktop,2,True
1987,1,GET /products,GET /products?id=110,/products,GET,,,buyer,desktop,4,False
1987,2,GET /products?id=110,GET /products?id=42,/products,GET,id=110,,buyer,desktop,4,False
1987,3,GET /products?id=42,GET /products?id=120,/products,GET,id=42,,buyer,desktop,4,False
1987,4,GET /products?id=120,GET /reviews?product_id=120,/products,GET,id=120,,buyer,desktop,4,False
1987,5,GET /reviews?product_id=120,END,/reviews,GET,product_id=120,,buyer,desktop,4,True
1988,1,GET /products/filter,"POST /products/filter  body={""gender"":""male"",""category"":""skirt""}",/products/filter,GET,,,returner,desktop,1,False
1988,2,"POST /products/filter  body={""gender"":""male"",""category"":""skirt""}",GET /products?id=110,/products/filter,POST,,"{""gender"":""male"",""category"":""skirt""}",returner,desktop,1,False
1988,3,GET /products?id=110,GET /cart?product_id=110,/products,GET,id=110,,returner,desktop,1,False
1988,4,GET /cart?product_id=110,END,/cart,GET,product_id=110,,returner,desktop,1,True
1989,1,GET /products,GET /products?id=39,/products,GET,,,new_visitor,desktop,15,False
1989,2,GET /products?id=39,"POST /wishlist?product_id=39  body={""product_id"": 39}",/products,GET,id=39,,new_visitor,desktop,15,False
1989,3,"POST /wishlist?product_id=39  body={""product_id"": 39}",GET /cart?product_id=39,/wishlist,POST,product_id=39,"{""product_id"": 39}",new_visitor,desktop,15,False
1989,4,GET /cart?product_id=39,END,/cart,GET,product_id=39,,new_visitor,desktop,15,True
1990,1,GET /home,GET /category?type=men,/home,GET,,,browser,mobile,13,False
1990,2,GET /category?type=men,GET /products?id=11,/category,GET,type=men,,browser,mobile,13,False
1990,3,GET /products?id=11,GET /cart?product_id=11,/products,GET,id=11,,browser,mobile,13,False
1990,4,GET /cart?product_id=11,END,/cart,GET,product_id=11,,browser,mobile,13,True
1991,1,GET /products?id=15,GET /cart?product_id=15,/products,GET,id=15,,buyer,mobile,10,False
1991,2,GET /cart?product_id=15,END,/cart,GET,product_id=15,,buyer,mobile,10,True
1992,1,GET /search?q=wallet,GET /products?id=22,/search,GET,q=wallet,,new_visitor,tablet,14,False
1992,2,GET /products?id=22,GET /cart?product_id=22,/products,GET,id=22,,new_visitor,tablet,14,False
1992,3,GET /cart?product_id=22,END,/cart,GET,product_id=22,,new_visitor,tablet,14,True
1993,1,GET /search?q=red dress,GET /products?id=39,/search,GET,q=red dress,,browser,mobile,15,False
1993,2,GET /products?id=39,GET /cart?product_id=39,/products,GET,id=39,,browser,mobile,15,False
1993,3,GET /cart?product_id=39,END,/cart,GET,product_id=39,,browser,mobile,15,True
1994,1,GET /products,GET /products?id=42,/products,GET,,,indecisive,desktop,10,False
1994,2,GET /products?id=42,GET /reviews?product_id=42,/products,GET,id=42,,indecisive,desktop,10,False
1994,3,GET /reviews?product_id=42,GET /products?id=42,/reviews,GET,product_id=42,,indecisive,desktop,10,False
1994,4,GET /products?id=42,GET /cart?product_id=42,/products,GET,id=42,,indecisive,desktop,10,False
1994,5,GET /cart?product_id=42,END,/cart,GET,product_id=42,,indecisive,desktop,10,True
1995,1,GET /products/filter,"POST /products/filter  body={""gender"":""male"",""category"":""skirt""}",/products/filter,GET,,,new_visitor,desktop,5,False
1995,2,"POST /products/filter  body={""gender"":""male"",""category"":""skirt""}",GET /products?id=33,/products/filter,POST,,"{""gender"":""male"",""category"":""skirt""}",new_visitor,desktop,5,False
1995,3,GET /products?id=33,GET /cart?product_id=33,/products,GET,id=33,,new_visitor,desktop,5,False
1995,4,GET /cart?product_id=33,END,/cart,GET,product_id=33,,new_visitor,desktop,5,True
1996,1,GET /products,GET /products?id=44,/products,GET,,,indecisive,tablet,1,False
1996,2,GET /products?id=44,GET /products?id=101,/products,GET,id=44,,indecisive,tablet,1,False
1996,3,GET /products?id=101,GET /products?id=11,/products,GET,id=101,,indecisive,tablet,1,False
1996,4,GET /products?id=11,GET /cart?product_id=11,/products,GET,id=11,,indecisive,tablet,1,False
1996,5,GET /cart?product_id=11,END,/cart,GET,product_id=11,,indecisive,tablet,1,True
1997,1,GET /products,GET /products?id=120,/products,GET,,,new_visitor,mobile,4,False
1997,2,GET /products?id=120,"POST /wishlist?product_id=120  body={""product_id"": 120}",/products,GET,id=120,,new_visitor,mobile,4,False
1997,3,"POST /wishlist?product_id=120  body={""product_id"": 120}",GET /cart?product_id=120,/wishlist,POST,product_id=120,"{""product_id"": 120}",new_visitor,mobile,4,False
1997,4,GET /cart?product_id=120,END,/cart,GET,product_id=120,,new_visitor,mobile,4,True
1998,1,GET /products?id=11,GET /reviews?product_id=11,/products,GET,id=11,,returner,desktop,11,False
1998,2,GET /reviews?product_id=11,END,/reviews,GET,product_id=11,,returner,desktop,11,True
1999,1,GET /products,GET /products?id=33,/products,GET,,,new_visitor,tablet,14,False
1999,2,GET /products?id=33,GET /cart?product_id=33,/products,GET,id=33,,new_visitor,tablet,14,False
1999,3,GET /cart?product_id=33,END,/cart,GET,product_id=33,,new_visitor,tablet,14,True
2000,1,GET /products,GET /products?id=101,/products,GET,,,buyer,tablet,23,False
2000,2,GET /products?id=101,GET /products?id=47,/products,GET,id=101,,buyer,tablet,23,False
2000,3,GET /products?id=47,GET /cart?product_id=47,/products,GET,id=47,,buyer,tablet,23,False
2000,4,GET /cart?product_id=47,END,/cart,GET,product_id=47,,buyer,tablet,23,True
